K_eff_GPa,eps_assoc_K,T_K,p_bar,N_mmol_g
0.3,0.0,273.0,0.001,0.022131310835488274
0.3,0.0,273.0,0.0013130324344878836,0.028949372234534893
0.3,0.0,273.0,0.0017240541740171785,0.03782591856536259
0.3,0.0,273.0,0.0022637390492987737,0.04935468389092359
0.3,0.0,273.0,0.002972362794946059,0.06428324279873578
0.3,0.0,273.0,0.003902808756829234,0.08354272314760323
0.3,0.0,273.0,0.00512451448332012,0.10827778623038033
0.3,0.0,273.0,0.0067286537276022365,0.13987372775547133
0.3,0.0,273.0,0.008834940584779547,0.1799761264963608
0.3,0.0,273.0,0.01160056354458889,0.23049689215275743
0.3,0.0,273.0,0.015231916192382951,0.293599036823163
0.3,0.0,273.0,0.020000000000000004,0.3939620585085131
0.3,0.0,273.0,0.02303273739264226,0.4433975896150697
0.3,0.0,273.0,0.026525349589921046,0.4980173143061503
0.3,0.0,273.0,0.030547570567634134,0.5581638289963586
0.3,0.0,273.0,0.03517970854337624,0.6241657396837637
0.3,0.0,273.0,0.04051424942146391,0.696330267747784
0.3,0.0,273.0,0.04665770337922934,0.7749354136857057
0.3,0.0,273.0,0.05373273146387932,0.8602219273126048
0.3,0.0,273.0,0.061880594659844954,0.9523853889533651
0.3,0.0,273.0,0.07126397432503748,1.0515687513667238
0.3,0.0,273.0,0.08207022030922942,1.1578557205536095
0.3,0.0,273.0,0.09451509160693887,1.2712653592633159
0.3,0.0,273.0,0.10884706423120744,1.391748274624315
0.3,0.0,273.0,0.12535229231987327,1.5191846972168235
0.3,0.0,273.0,0.1443603215284684,1.7178452824148824
0.3,0.0,273.0,0.1662506687841307,1.8637997155535528
0.3,0.0,273.0,0.1914603997728015,2.2818247517483856
0.3,0.0,273.0,0.22049285545286207,2.4634169071495453
0.3,0.0,273.0,0.25392770182998,2.6513016439618977
0.3,0.0,273.0,0.2924325036483547,2.8448640959115488
0.3,0.0,273.0,0.33677605308027264,3.0434501293932374
0.3,0.0,273.0,0.3878437195364236,3.2463796871657196
0.3,0.0,273.0,0.44665512707340205,3.452959880804905
0.3,0.0,273.0,0.5143845123479462,3.662497305621766
0.3,0.0,273.0,0.5923841695876297,3.874309177310591
0.3,0.0,273.0,0.6822114506835166,4.087733033798254
0.3,0.0,273.0,0.785659859492348,4.302134887290292
0.3,0.0,273.0,0.9047948611813732,4.516915831863891
0.3,0.0,273.0,1.0419951215901386,4.731517198675268
0.3,0.0,273.0,1.2,4.945424399102273
0.3,0.0,298.0,0.001,0.008880251645204775
0.3,0.0,298.0,0.0013130324344878836,0.011643170199037975
0.3,0.0,298.0,0.0017240541740171785,0.015258967676562344
0.3,0.0,298.0,0.0022637390492987737,0.019986203775570265
0.3,0.0,298.0,0.002972362794946059,0.026158605416207133
0.3,0.0,298.0,0.003902808756829234,0.034204795336771496
0.3,0.0,298.0,0.00512451448332012,0.044671860095051995
0.3,0.0,298.0,0.0067286537276022365,0.05825269377960018
0.3,0.0,298.0,0.008834940584779547,0.0758165040988911
0.3,0.0,298.0,0.01160056354458889,0.09844104669514005
0.3,0.0,298.0,0.015231916192382951,0.1274440392139399
0.3,0.0,298.0,0.020000000000000004,0.1644098137010029
0.3,0.0,298.0,0.02303273739264226,0.18731294669673054
0.3,0.0,298.0,0.026525349589921046,0.2131436545248322
0.3,0.0,298.0,0.030547570567634134,0.24221219673378727
0.3,0.0,298.0,0.03517970854337624,0.27484738932286634
0.3,0.0,298.0,0.04051424942146391,0.3113945882161727
0.3,0.0,298.0,0.04665770337922934,0.3725700047731263
0.3,0.0,298.0,0.05373273146387932,0.4201441355711641
0.3,0.0,298.0,0.061880594659844954,0.47287588284636123
0.3,0.0,298.0,0.07126397432503748,0.5311385277566011
0.3,0.0,298.0,0.08207022030922942,0.5952976656097433
0.3,0.0,298.0,0.09451509160693887,0.6657039927474423
0.3,0.0,298.0,0.10884706423120744,0.7426854156476214
0.3,0.0,298.0,0.12535229231987327,0.8265386779376128
0.3,0.0,298.0,0.1443603215284684,0.9175207659909056
0.3,0.0,298.0,0.1662506687841307,1.015840414161461
0.3,0.0,298.0,0.1914603997728015,1.1216500804624672
0.3,0.0,298.0,0.22049285545286207,1.2350387960429883
0.3,0.0,298.0,0.25392770182998,1.3560263004198654
0.3,0.0,298.0,0.2924325036483547,1.5457606209289798
0.3,0.0,298.0,0.33677605308027264,1.6868616693019893
0.3,0.0,298.0,0.3878437195364236,2.0740693673065653
0.3,0.0,298.0,0.44665512707340205,2.2523736112463584
0.3,0.0,298.0,0.5143845123479462,2.4383883789882557
0.3,0.0,298.0,0.5923841695876297,2.631564170342128
0.3,0.0,298.0,0.6822114506835166,2.8312825534059347
0.3,0.0,298.0,0.785659859492348,3.0368691560556345
0.3,0.0,298.0,0.9047948611813732,3.247607805376103
0.3,0.0,298.0,1.0419951215901386,3.4627551423772838
0.3,0.0,298.0,1.2,3.6815550668269013
0.3,0.0,323.0,0.001,0.004088457822275885
0.3,0.0,323.0,0.0013130324344878836,0.005364893274511664
0.3,0.0,323.0,0.0017240541740171785,0.007038463566567826
0.3,0.0,323.0,0.0022637390492987737,0.009231749172257976
0.3,0.0,323.0,0.002972362794946059,0.012104475699483787
0.3,0.0,323.0,0.003902808756829234,0.015864290092336118
0.3,0.0,323.0,0.00512451448332012,0.020780337246225716
0.3,0.0,323.0,0.0067286537276022365,0.0272001489967417
0.3,0.0,323.0,0.008834940584779547,0.03557030834800592
0.3,0.0,323.0,0.01160056354458889,0.04646119041738749
0.3,0.0,323.0,0.015231916192382951,0.06059574956024219
0.3,0.0,323.0,0.020000000000000004,0.0788817559609667
0.3,0.0,323.0,0.02303273739264226,0.09035802986569524
0.3,0.0,323.0,0.026525349589921046,0.10343162049065119
0.3,0.0,323.0,0.030547570567634134,0.11830490522058831
0.3,0.0,323.0,0.03517970854337624,0.13520075432408812
0.3,0.0,323.0,0.04051424942146391,0.15436336080243093
0.3,0.0,323.0,0.04665770337922934,0.17605879417530798
0.3,0.0,323.0,0.05373273146387932,0.200575195230589
0.3,0.0,323.0,0.061880594659844954,0.22822251976509916
0.3,0.0,323.0,0.07126397432503748,0.25933173198451565
0.3,0.0,323.0,0.08207022030922942,0.29425334386710694
0.3,0.0,323.0,0.09451509160693887,0.3519343277761539
0.3,0.0,323.0,0.10884706423120744,0.397574002607402
0.3,0.0,323.0,0.12535229231987327,0.44830841506460806
0.3,0.0,323.0,0.1443603215284684,0.5045350075919763
0.3,0.0,323.0,0.1662506687841307,0.5666495128984679
0.3,0.0,323.0,0.1914603997728015,0.6350391086732982
0.3,0.0,323.0,0.22049285545286207,0.7100747153461922
0.3,0.0,323.0,0.25392770182998,0.7921025768008442
0.3,0.0,323.0,0.2924325036483547,0.8814353320415175
0.3,0.0,323.0,0.33677605308027264,0.9783428548867
0.3,0.0,323.0,0.3878437195364236,1.0830432032631852
0.3,0.0,323.0,0.44665512707340205,1.195694073064287
0.3,0.0,323.0,0.5143845123479462,1.3735205740017185
0.3,0.0,323.0,0.5923841695876297,1.5072958076281913
0.3,0.0,323.0,0.6822114506835166,1.6493335173929589
0.3,0.0,323.0,0.785659859492348,2.032271093581724
0.3,0.0,323.0,0.9047948611813732,2.212871750629134
0.3,0.0,323.0,1.0419951215901386,2.401992345160741
0.3,0.0,323.0,1.2,2.59911286220997
0.3,100.0,273.0,0.001,0.025109527838145854
0.3,100.0,273.0,0.0013130324344878836,0.03280863125172258
0.3,100.0,273.0,0.0017240541740171785,0.04280935619274196
0.3,100.0,273.0,0.0022637390492987737,0.055762518990539967
0.3,100.0,273.0,0.002972362794946059,0.07248119385669093
0.3,100.0,273.0,0.003902808756829234,0.09396963105540891
0.3,100.0,273.0,0.00512451448332012,0.12145168303147362
0.3,100.0,273.0,0.0067286537276022365,0.15639547854990968
0.3,100.0,273.0,0.008834940584779547,0.20052944223586416
0.3,100.0,273.0,0.01160056354458889,0.25584274742334095
0.3,100.0,273.0,0.015231916192382951,0.32456136215743076
0.3,100.0,273.0,0.020000000000000004,0.4327065968543078
0.3,100.0,273.0,0.02303273739264226,0.48613887663548694
0.3,100.0,273.0,0.026525349589921046,0.5449916147991763
0.3,100.0,273.0,0.030547570567634134,0.6095888734957878
0.3,100.0,273.0,0.03517970854337624,0.6802345742079644
0.3,100.0,273.0,0.04051424942146391,0.7572050709355526
0.3,100.0,273.0,0.04665770337922934,0.8407415240748307
0.3,100.0,273.0,0.05373273146387932,0.9310423468044273
0.3,100.0,273.0,0.061880594659844954,1.0282560413250403
0.3,100.0,273.0,0.07126397432503748,1.1324747750852726
0.3,100.0,273.0,0.08207022030922942,1.2437290604908906
0.3,100.0,273.0,0.09451509160693887,1.3619838888378586
0.3,100.0,273.0,0.10884706423120744,1.4871366249083318
0.3,100.0,273.0,0.12535229231987327,1.6824698523360027
0.3,100.0,273.0,0.1443603215284684,1.8262707211028228
0.3,100.0,273.0,0.1662506687841307,1.9766732250795358
0.3,100.0,273.0,0.1914603997728015,2.413046745995166
0.3,100.0,273.0,0.22049285545286207,2.598060890463349
0.3,100.0,273.0,0.25392770182998,2.7888616362825736
0.3,100.0,273.0,0.2924325036483547,2.9848240934970875
0.3,100.0,273.0,0.33677605308027264,3.1852950636912696
0.3,100.0,273.0,0.3878437195364236,3.3896053880498482
0.3,100.0,273.0,0.44665512707340205,3.597081667888394
0.3,100.0,273.0,0.5143845123479462,3.807056991683052
0.3,100.0,273.0,0.5923841695876297,4.0188804291598075
0.3,100.0,273.0,0.6822114506835166,4.231925175114284
0.3,100.0,273.0,0.785659859492348,4.4455953277692535
0.3,100.0,273.0,0.9047948611813732,4.659331358747153
0.3,100.0,273.0,1.0419951215901386,4.872614371113115
0.3,100.0,273.0,1.2,5.084969251902453
0.3,100.0,298.0,0.001,0.009943960463716855
0.3,100.0,298.0,0.0013130324344878836,0.013032749248485053
0.3,100.0,298.0,0.0017240541740171785,0.01707152809701958
0.3,100.0,298.0,0.0022637390492987737,0.022346000353205966
0.3,100.0,298.0,0.002972362794946059,0.02922350269591747
0.3,100.0,298.0,0.003902808756829234,0.03817363083119045
0.3,100.0,298.0,0.00512451448332012,0.04979249374987048
0.3,100.0,298.0,0.0067286537276022365,0.06483036397727272
0.3,100.0,298.0,0.008834940584779547,0.08422194404840348
0.3,100.0,298.0,0.01160056354458889,0.10911768535211505
0.3,100.0,298.0,0.015231916192382951,0.14091351368306604
0.3,100.0,298.0,0.020000000000000004,0.18127485569854704
0.3,100.0,298.0,0.02303273739264226,0.20620214547531887
0.3,100.0,298.0,0.026525349589921046,0.2342511819530604
0.3,100.0,298.0,0.030547570567634134,0.2657419810806809
0.3,100.0,298.0,0.03517970854337624,0.3010118956418995
0.3,100.0,298.0,0.04051424942146391,0.3404131148726487
0.3,100.0,298.0,0.04665770337922934,0.40557068544732555
0.3,100.0,298.0,0.05373273146387932,0.45669790472071714
0.3,100.0,298.0,0.061880594659844954,0.5132229964054352
0.3,100.0,298.0,0.07126397432503748,0.5755081481057943
0.3,100.0,298.0,0.08207022030922942,0.6439022564565402
0.3,100.0,298.0,0.09451509160693887,0.7187334361042512
0.3,100.0,298.0,0.10884706423120744,0.8003010438650506
0.3,100.0,298.0,0.12535229231987327,0.8888674476631668
0.3,100.0,298.0,0.1443603215284684,0.9846498280444926
0.3,100.0,298.0,0.1662506687841307,1.0878123516258846
0.3,100.0,298.0,0.1914603997728015,1.1984590942013478
0.3,100.0,298.0,0.22049285545286207,1.3166281088113925
0.3,100.0,298.0,0.25392770182998,1.502482312361595
0.3,100.0,298.0,0.2924325036483547,1.6406809636629844
0.3,100.0,298.0,0.33677605308027264,1.786455365287348
0.3,100.0,298.0,0.3878437195364236,2.1907038085904245
0.3,100.0,298.0,0.44665512707340205,2.3731508285394325
0.3,100.0,298.0,0.5143845123479462,2.562874115424197
0.3,100.0,298.0,0.5923841695876297,2.759292299804194
0.3,100.0,298.0,0.6822114506835166,2.961765990584592
0.3,100.0,298.0,0.785659859492348,3.169610901065828
0.3,100.0,298.0,0.9047948611813732,3.382111561326114
0.3,100.0,298.0,1.0419951215901386,3.5985350301121475
0.3,100.0,298.0,1.2,3.8181440865331426
0.3,100.0,323.0,0.001,0.004524939076960347
0.3,100.0,323.0,0.0013130324344878836,0.0059367581348339265
0.3,100.0,323.0,0.0017240541740171785,0.007787205958857639
0.3,100.0,323.0,0.0022637390492987737,0.010211233968809125
0.3,100.0,323.0,0.002972362794946059,0.013384391605418083
0.3,100.0,323.0,0.003902808756829234,0.017534412087909467
0.3,100.0,323.0,0.00512451448332012,0.02295569185991573
0.3,100.0,323.0,0.0067286537276022365,0.030027126579690238
0.3,100.0,323.0,0.008834940584779547,0.03923367972324371
0.3,100.0,323.0,0.01160056354458889,0.051191857196446686
0.3,100.0,323.0,0.015231916192382951,0.06667889700052393
0.3,100.0,323.0,0.020000000000000004,0.08666491002740691
0.3,100.0,323.0,0.02303273739264226,0.09918203125826629
0.3,100.0,323.0,0.026525349589921046,0.11341886723110911
0.3,100.0,323.0,0.030547570567634134,0.12958852061015408
0.3,100.0,323.0,0.03517970854337624,0.14792483878389137
0.3,100.0,323.0,0.04051424942146391,0.16868312160720791
0.3,100.0,323.0,0.04665770337922934,0.19214052251869632
0.3,100.0,323.0,0.05373273146387932,0.21859605054323636
0.3,100.0,323.0,0.061880594659844954,0.24837006941951278
0.3,100.0,323.0,0.07126397432503748,0.28180318181643743
0.3,100.0,323.0,0.08207022030922942,0.3192543836933979
0.3,100.0,323.0,0.09451509160693887,0.3802880835034177
0.3,100.0,323.0,0.10884706423120744,0.42909253005984505
0.3,100.0,323.0,0.12535229231987327,0.48322908409044646
0.3,100.0,323.0,0.1443603215284684,0.543089940175387
0.3,100.0,323.0,0.1662506687841307,0.6090606452609983
0.3,100.0,323.0,0.1914603997728015,0.6815128174815509
0.3,100.0,323.0,0.22049285545286207,0.7607961506285383
0.3,100.0,323.0,0.25392770182998,0.8472298829574869
0.3,100.0,323.0,0.2924325036483547,0.9410939736304278
0.3,100.0,323.0,0.33677605308027264,1.042620293587792
0.3,100.0,323.0,0.3878437195364236,1.1519841941246793
0.3,100.0,323.0,0.44665512707340205,1.3255600025830299
0.3,100.0,323.0,0.5143845123479462,1.4557779637923174
0.3,100.0,323.0,0.5923841695876297,1.594286976014194
0.3,100.0,323.0,0.6822114506835166,1.9630652385569531
0.3,100.0,323.0,0.785659859492348,2.1393588507090944
0.3,100.0,323.0,0.9047948611813732,2.3242665442230495
0.3,100.0,323.0,1.0419951215901386,2.5173140037082713
0.3,100.0,323.0,1.2,2.7179411100572084
0.3,200.0,273.0,0.001,0.03231853134871974
0.3,200.0,273.0,0.0013130324344878836,0.04207524989416095
0.3,200.0,273.0,0.0017240541740171785,0.054660572967826046
0.3,200.0,273.0,0.0022637390492987737,0.07083024287496244
0.3,200.0,273.0,0.002972362794946059,0.09151085842514202
0.3,200.0,273.0,0.003902808756829234,0.1178252452313196
0.3,200.0,273.0,0.00512451448332012,0.15111553205562572
0.3,200.0,273.0,0.0067286537276022365,0.19295958544809333
0.3,200.0,273.0,0.008834940584779547,0.24517433165500163
0.3,200.0,273.0,0.01160056354458889,0.30979784393707016
0.3,200.0,273.0,0.015231916192382951,0.41090317093705475
0.3,200.0,273.0,0.020000000000000004,0.5124377889698729
0.3,200.0,273.0,0.02303273739264226,0.572729575817974
0.3,200.0,273.0,0.026525349589921046,0.6386272624722995
0.3,200.0,273.0,0.030547570567634134,0.7103955886061992
0.3,200.0,273.0,0.03517970854337624,0.7882723157573239
0.3,200.0,273.0,0.04051424942146391,0.8724622197798699
0.3,200.0,273.0,0.04665770337922934,0.9631312574752926
0.3,200.0,273.0,0.05373273146387932,1.060401133665892
0.3,200.0,273.0,0.061880594659844954,1.1643445105213832
0.3,200.0,273.0,0.07126397432503748,1.2749811013208079
0.3,200.0,273.0,0.08207022030922942,1.3922748733262613
0.3,200.0,273.0,0.09451509160693887,1.5161325482947376
0.3,200.0,273.0,0.10884706423120744,1.7129646839063852
0.3,200.0,273.0,0.12535229231987327,1.855667496017005
0.3,200.0,273.0,0.1443603215284684,2.004883343083478
0.3,200.0,273.0,0.1662506687841307,2.4348716197577636
0.3,200.0,273.0,0.1914603997728015,2.616339022512111
0.3,200.0,273.0,0.22049285545286207,2.80345363981616
0.3,200.0,273.0,0.25392770182998,2.9956566393347575
0.3,200.0,273.0,0.2924325036483547,3.192358789320838
0.3,200.0,273.0,0.33677605308027264,3.392950684444564
0.3,200.0,273.0,0.3878437195364236,3.596812889551616
0.3,200.0,273.0,0.44665512707340205,3.8033256705468705
0.3,200.0,273.0,0.5143845123479462,4.011878032355904
0.3,200.0,273.0,0.5923841695876297,4.221875847092826
0.3,200.0,273.0,0.6822114506835166,4.4327489238072175
0.3,200.0,273.0,0.785659859492348,4.643956937141398
0.3,200.0,273.0,0.9047948611813732,4.8549941898531515
0.3,200.0,273.0,1.0419951215901386,5.065393229639228
0.3,200.0,273.0,1.2,5.2747273727957475
0.3,200.0,298.0,0.001,0.012334340599388413
0.3,200.0,298.0,0.0013130324344878836,0.016145966871771247
0.3,200.0,298.0,0.0017240541740171785,0.021116850502087618
0.3,200.0,298.0,0.0022637390492987737,0.02758746377971735
0.3,200.0,298.0,0.002972362794946059,0.03599092648175229
0.3,200.0,298.0,0.003902808756829234,0.0468741862588251
0.3,200.0,298.0,0.00512451448332012,0.0609221188357235
0.3,200.0,298.0,0.0067286537276022365,0.07898412007177358
0.3,200.0,298.0,0.008834940584779547,0.10210226113536608
0.3,200.0,298.0,0.01160056354458889,0.13153923501830725
0.3,200.0,298.0,0.015231916192382951,0.1688029365028591
0.3,200.0,298.0,0.020000000000000004,0.21566250951182028
0.3,200.0,298.0,0.02303273739264226,0.24439285117433104
0.3,200.0,298.0,0.026525349589921046,0.27655289691202756
0.3,200.0,298.0,0.030547570567634134,0.3124672002403825
0.3,200.0,298.0,0.03517970854337624,0.3524732105816474
0.3,200.0,298.0,0.04051424942146391,0.41811460695110303
0.3,200.0,298.0,0.04665770337922934,0.4699416022175084
0.3,200.0,298.0,0.05373273146387932,0.5270799508820345
0.3,200.0,298.0,0.061880594659844954,0.5898633885085981
0.3,200.0,298.0,0.07126397432503748,0.6586110103692526
0.3,200.0,298.0,0.08207022030922942,0.7336207842784216
0.3,200.0,298.0,0.09451509160693887,0.8151627706379391
0.3,200.0,298.0,0.10884706423120744,0.9034722378799591
0.3,200.0,298.0,0.12535229231987327,0.9987429028075878
0.3,200.0,298.0,0.1443603215284684,1.1011205599641942
0.3,200.0,298.0,0.1662506687841307,1.2106973862825292
0.3,200.0,298.0,0.1914603997728015,1.3275072113904027
0.3,200.0,298.0,0.22049285545286207,1.5135276902601773
0.3,200.0,298.0,0.25392770182998,1.6501963589507467
0.3,200.0,298.0,0.2924325036483547,1.7943358068457909
0.3,200.0,298.0,0.33677605308027264,2.1914143309368272
0.3,200.0,298.0,0.3878437195364236,2.3703125509924274
0.3,200.0,298.0,0.44665512707340205,2.5563157672880057
0.3,200.0,298.0,0.5143845123479462,2.7489045334141173
0.3,200.0,298.0,0.5923841695876297,2.9475036420224043
0.3,200.0,298.0,0.6822114506835166,3.151492639141911
0.3,200.0,298.0,0.785659859492348,3.3602171281504125
0.3,200.0,298.0,0.9047948611813732,3.5730004464392775
0.3,200.0,298.0,1.0419951215901386,3.7891553050344196
0.3,200.0,298.0,1.2,4.007995010746262
0.3,200.0,323.0,0.001,0.0054389748350848945
0.3,200.0,323.0,0.0013130324344878836,0.007132890495859849
0.3,200.0,323.0,0.0017240541740171785,0.009350919342832224
0.3,200.0,323.0,0.0022637390492987737,0.012252842866136465
0.3,200.0,323.0,0.002972362794946059,0.016045548464828988
0.3,200.0,323.0,0.003902808756829234,0.020995884362422924
0.3,200.0,323.0,0.00512451448332012,0.027446403118458494
0.3,200.0,323.0,0.0067286537276022365,0.03583430559929838
0.3,200.0,323.0,0.008834940584779547,0.04671375989360029
0.3,200.0,323.0,0.01160056354458889,0.06078154161108243
0.3,200.0,323.0,0.015231916192382951,0.07890559433829154
0.3,200.0,323.0,0.020000000000000004,0.10215557956640846
0.3,200.0,323.0,0.02303273739264226,0.11664632211781603
0.3,200.0,323.0,0.026525349589921046,0.13306870165988074
0.3,200.0,323.0,0.030547570567634134,0.15165082530884386
0.3,200.0,323.0,0.03517970854337624,0.17264121732720536
0.3,200.0,323.0,0.04051424942146391,0.19630918579793655
0.3,200.0,323.0,0.04665770337922934,0.22294479463457925
0.3,200.0,323.0,0.05373273146387932,0.25285833439921584
0.3,200.0,323.0,0.061880594659844954,0.2863791808059417
0.3,200.0,323.0,0.07126397432503748,0.3238539328197781
0.3,200.0,323.0,0.08207022030922942,0.3842444184713062
0.3,200.0,323.0,0.09451509160693887,0.43306532376170737
0.3,200.0,323.0,0.10884706423120744,0.4871251623396305
0.3,200.0,323.0,0.12535229231987327,0.5467946613319764
0.3,200.0,323.0,0.1443603215284684,0.6124366829816383
0.3,200.0,323.0,0.1662506687841307,0.684399649076168
0.3,200.0,323.0,0.1914603997728015,0.7630104290426123
0.3,200.0,323.0,0.22049285545286207,0.8485668481332825
0.3,200.0,323.0,0.25392770182998,0.9413300219946761
0.3,200.0,323.0,0.2924325036483547,1.041516772484603
0.3,200.0,323.0,0.33677605308027264,1.1492924211549427
0.3,200.0,323.0,0.3878437195364236,1.3222883606390412
0.3,200.0,323.0,0.44665512707340205,1.4505186907620773
0.3,200.0,323.0,0.5143845123479462,1.5869118601830037
0.3,200.0,323.0,0.5923841695876297,1.7313998708905323
0.3,200.0,323.0,0.6822114506835166,2.119995844275494
0.3,200.0,323.0,0.785659859492348,2.301012385122481
0.3,200.0,323.0,0.9047948611813732,2.490031549269492
0.3,200.0,323.0,1.0419951215901386,2.686553002651453
0.3,200.0,323.0,1.2,2.8900049314808562
0.3,300.0,273.0,0.001,0.05359971635814383
0.3,300.0,273.0,0.0013130324344878836,0.06894938597158891
0.3,300.0,273.0,0.0017240541740171785,0.08834782846981615
0.3,300.0,273.0,0.0022637390492987737,0.11271826879501169
0.3,300.0,273.0,0.002972362794946059,0.14314261731407313
0.3,300.0,273.0,0.003902808756829234,0.18086901601048
0.3,300.0,273.0,0.00512451448332012,0.22730970379493023
0.3,300.0,273.0,0.0067286537276022365,0.28402584784644447
0.3,300.0,273.0,0.008834940584779547,0.3526977417902143
0.3,300.0,273.0,0.01160056354458889,0.45846313492978163
0.3,300.0,273.0,0.015231916192382951,0.562100100254104
0.3,300.0,273.0,0.020000000000000004,0.6833949098662249
0.3,300.0,273.0,0.02303273739264226,0.753707729079172
0.3,300.0,273.0,0.026525349589921046,0.8293348627200112
0.3,300.0,273.0,0.030547570567634134,0.9104379196930978
0.3,300.0,273.0,0.03517970854337624,0.9971582456084574
0.3,300.0,273.0,0.04051424942146391,1.0896142000223
0.3,300.0,273.0,0.04665770337922934,1.1878982543960186
0.3,300.0,273.0,0.05373273146387932,1.2920739278375137
0.3,300.0,273.0,0.061880594659844954,1.402172626000525
0.3,300.0,273.0,0.07126397432503748,1.586007955624666
0.3,300.0,273.0,0.08207022030922942,1.7147685545917688
0.3,300.0,273.0,0.09451509160693887,1.8499790046834612
0.3,300.0,273.0,0.10884706423120744,1.9914917152203255
0.3,300.0,273.0,0.12535229231987327,2.139100065495257
0.3,300.0,273.0,0.1443603215284684,2.5567333937570202
0.3,300.0,273.0,0.1662506687841307,2.731817749006126
0.3,300.0,273.0,0.1914603997728015,2.912295605244092
0.3,300.0,273.0,0.22049285545286207,3.0977253486061334
0.3,300.0,273.0,0.25392770182998,3.287627594122803
0.3,300.0,273.0,0.2924325036483547,3.4814933288130425
0.3,300.0,273.0,0.33677605308027264,3.6787926747484807
0.3,300.0,273.0,0.3878437195364236,3.878983828227529
0.3,300.0,273.0,0.44665512707340205,4.081521753634152
0.3,300.0,273.0,0.5143845123479462,4.285866273735771
0.3,300.0,273.0,0.5923841695876297,4.491489289691024
0.3,300.0,273.0,0.6822114506835166,4.697880968080172
0.3,300.0,273.0,0.785659859492348,4.904554832934302
0.3,300.0,273.0,0.9047948611813732,5.111051785093847
0.3,300.0,273.0,1.0419951215901386,5.316943131375678
0.3,300.0,273.0,1.2,5.521832739730794
0.3,300.0,298.0,0.001,0.018772463702954822
0.3,300.0,298.0,0.0013130324344878836,0.024471414528771978
0.3,300.0,298.0,0.0017240541740171785,0.03184074041233275
0.3,300.0,298.0,0.0022637390492987737,0.04133620175068989
0.3,300.0,298.0,0.002972362794946059,0.05352135541030443
0.3,300.0,298.0,0.003902808756829234,0.06908654304651941
0.3,300.0,298.0,0.00512451448332012,0.08886918002106432
0.3,300.0,298.0,0.0067286537276022365,0.11387441480316414
0.3,300.0,298.0,0.008834940584779547,0.1452941553352027
0.3,300.0,298.0,0.01160056354458889,0.18452096284696795
0.3,300.0,298.0,0.015231916192382951,0.23315191033167812
0.3,300.0,298.0,0.020000000000000004,0.2929769871182747
0.3,300.0,298.0,0.02303273739264226,0.3290365805698016
0.3,300.0,298.0,0.026525349589921046,0.36891226576726177
0.3,300.0,298.0,0.030547570567634134,0.43391578264365294
0.3,300.0,298.0,0.03517970854337624,0.48504887327619706
0.3,300.0,298.0,0.04051424942146391,0.541029964746797
0.3,300.0,298.0,0.04665770337922934,0.6021267299648975
0.3,300.0,298.0,0.05373273146387932,0.6685953032407511
0.3,300.0,298.0,0.061880594659844954,0.7406766829019078
0.3,300.0,298.0,0.07126397432503748,0.8185930705352243
0.3,300.0,298.0,0.08207022030922942,0.902544183449025
0.3,300.0,298.0,0.09451509160693887,0.9927035742412244
0.3,300.0,298.0,0.10884706423120744,1.089214990145249
0.3,300.0,298.0,0.12535229231987327,1.1921888081808356
0.3,300.0,298.0,0.1443603215284684,1.361208603285766
0.3,300.0,298.0,0.1662506687841307,1.4828747229288401
0.3,300.0,298.0,0.1914603997728015,1.6117279730056067
0.3,300.0,298.0,0.22049285545286207,1.7477275088373072
0.3,300.0,298.0,0.25392770182998,1.8907695475563226
0.3,300.0,298.0,0.2924325036483547,2.280908319789228
0.3,300.0,298.0,0.33677605308027264,2.4545939655823896
0.3,300.0,298.0,0.3878437195364236,2.6349504961175385
0.3,300.0,298.0,0.44665512707340205,2.8215728661445
0.3,300.0,298.0,0.5143845123479462,3.014001251921476
0.3,300.0,298.0,0.5923841695876297,3.2117276814639375
0.3,300.0,298.0,0.6822114506835166,3.4142040474708435
0.3,300.0,298.0,0.785659859492348,3.6208511769889404
0.3,300.0,298.0,0.9047948611813732,3.8310685582541844
0.3,300.0,298.0,1.0419951215901386,4.0442442906717195
0.3,300.0,298.0,1.2,4.259764832168386
0.3,300.0,323.0,0.001,0.007672789824812928
0.3,300.0,323.0,0.0013130324344878836,0.010048336897703245
0.3,300.0,323.0,0.0017240541740171785,0.013149348089767273
0.3,300.0,323.0,0.0022637390492987737,0.017190781371784217
0.3,300.0,323.0,0.002972362794946059,0.022447218163769475
0.3,300.0,323.0,0.003902808756829234,0.02926713392996236
0.3,300.0,323.0,0.00512451448332012,0.03808951866183423
0.3,300.0,323.0,0.0067286537276022365,0.049462855692776635
0.3,300.0,323.0,0.008834940584779547,0.06406635795029832
0.3,300.0,323.0,0.01160056354458889,0.08273317651184114
0.3,300.0,323.0,0.015231916192382951,0.10647488867989563
0.3,300.0,323.0,0.020000000000000004,0.13650571946929976
0.3,300.0,323.0,0.02303273739264226,0.15501511238562046
0.3,300.0,323.0,0.026525349589921046,0.17582246181079325
0.3,300.0,323.0,0.030547570567634134,0.19917032760147713
0.3,300.0,323.0,0.03517970854337624,0.22531838269805796
0.3,300.0,323.0,0.04051424942146391,0.25454276005512405
0.3,300.0,323.0,0.04665770337922934,0.2871349055570765
0.3,300.0,323.0,0.05373273146387932,0.3233998843533343
0.3,300.0,323.0,0.061880594659844954,0.36365410535035214
0.3,300.0,323.0,0.07126397432503748,0.4280293148082258
0.3,300.0,323.0,0.08207022030922942,0.47986266050508847
0.3,300.0,323.0,0.09451509160693887,0.5368350324151157
0.3,300.0,323.0,0.10884706423120744,0.5992570307742084
0.3,300.0,323.0,0.12535229231987327,0.6674280450033597
0.3,300.0,323.0,0.1443603215284684,0.7416315875498103
0.3,300.0,323.0,0.1662506687841307,0.8221304732124451
0.3,300.0,323.0,0.1914603997728015,0.9091619291862918
0.3,300.0,323.0,0.22049285545286207,1.0029327288901966
0.3,300.0,323.0,0.25392770182998,1.1571771834941023
0.3,300.0,323.0,0.2924325036483547,1.2695506321774521
0.3,300.0,323.0,0.33677605308027264,1.3895851025884187
0.3,300.0,323.0,0.3878437195364236,1.5173594417955298
0.3,300.0,323.0,0.44665512707340205,1.6528910551994263
0.3,300.0,323.0,0.5143845123479462,1.79613087950919
0.3,300.0,323.0,0.5923841695876297,2.177420149235885
0.3,300.0,323.0,0.6822114506835166,2.353704661268283
0.3,300.0,323.0,0.785659859492348,2.53754304480093
0.3,300.0,323.0,0.9047948611813732,2.728536522233917
0.3,300.0,323.0,1.0419951215901386,2.9262206492155243
0.3,300.0,323.0,1.2,3.13007154077616
0.3,400.0,273.0,0.001,0.13110813562670354
0.3,400.0,273.0,0.0013130324344878836,0.1632038113850238
0.3,400.0,273.0,0.0017240541740171785,0.2017659294720079
0.3,400.0,273.0,0.0022637390492987737,0.24764420042862517
0.3,400.0,273.0,0.002972362794946059,0.30167615349190885
0.3,400.0,273.0,0.003902808756829234,0.3646688749095959
0.3,400.0,273.0,0.00512451448332012,0.43739586536038433
0.3,400.0,273.0,0.0067286537276022365,0.5458085152127843
0.3,400.0,273.0,0.008834940584779547,0.6454395430359178
0.3,400.0,273.0,0.01160056354458889,0.757353169010066
0.3,400.0,273.0,0.015231916192382951,0.8823760921505698
0.3,400.0,273.0,0.020000000000000004,1.0214783462967574
0.3,400.0,273.0,0.02303273739264226,1.09949547632863
0.3,400.0,273.0,0.026525349589921046,1.24620371322702
0.3,400.0,273.0,0.030547570567634134,1.338967985660996
0.3,400.0,273.0,0.03517970854337624,1.4368766076075365
0.3,400.0,273.0,0.04051424942146391,1.5400759518875473
0.3,400.0,273.0,0.04665770337922934,1.6486893288303328
0.3,400.0,273.0,0.05373273146387932,1.762811074098102
0.3,400.0,273.0,0.061880594659844954,1.8825007822694588
0.3,400.0,273.0,0.07126397432503748,2.007777958849002
0.3,400.0,273.0,0.08207022030922942,2.1386173655578995
0.3,400.0,273.0,0.09451509160693887,2.274945318856502
0.3,400.0,273.0,0.10884706423120744,2.416637169385985
0.3,400.0,273.0,0.12535229231987327,2.5635161417984063
0.3,400.0,273.0,0.1443603215284684,2.7153536532997684
0.3,400.0,273.0,0.1662506687841307,2.8718711593900608
0.3,400.0,273.0,0.1914603997728015,3.2974397723428766
0.3,400.0,273.0,0.22049285545286207,3.4766033334409374
0.3,400.0,273.0,0.25392770182998,3.660139696004256
0.3,400.0,273.0,0.2924325036483547,3.847605710190696
0.3,400.0,273.0,0.33677605308027264,4.03852692976359
0.3,400.0,273.0,0.3878437195364236,4.232406123433414
0.3,400.0,273.0,0.44665512707340205,4.42873186526719
0.3,400.0,273.0,0.5143845123479462,4.626986888109111
0.3,400.0,273.0,0.5923841695876297,4.826655952219771
0.3,400.0,273.0,0.6822114506835166,5.027233055852339
0.3,400.0,273.0,0.785659859492348,5.228227882976061
0.3,400.0,273.0,0.9047948611813732,5.429171436769059
0.3,400.0,273.0,1.0419951215901386,5.6296208416884195
0.3,400.0,273.0,1.2,5.8291633129343055
0.3,400.0,298.0,0.001,0.04052715777174814
0.3,400.0,298.0,0.0013130324344878836,0.0520992571225668
0.3,400.0,298.0,0.0017240541740171785,0.06669203381018927
0.3,400.0,298.0,0.0022637390492987737,0.0849728147824886
0.3,400.0,298.0,0.002972362794946059,0.10771399077539559
0.3,400.0,298.0,0.003902808756829234,0.13579560209891556
0.3,400.0,298.0,0.00512451448332012,0.17020148533721022
0.3,400.0,298.0,0.0067286537276022365,0.21200714474380555
0.3,400.0,298.0,0.008834940584779547,0.26235954902779374
0.3,400.0,298.0,0.01160056354458889,0.3224520213833565
0.3,400.0,298.0,0.015231916192382951,0.39349995916590075
0.3,400.0,298.0,0.020000000000000004,0.49909025650203476
0.3,400.0,298.0,0.02303273739264226,0.5501217982460226
0.3,400.0,298.0,0.026525349589921046,0.6050260679622903
0.3,400.0,298.0,0.030547570567634134,0.6639545321147832
0.3,400.0,298.0,0.03517970854337624,0.7270584318412874
0.3,400.0,298.0,0.04051424942146391,0.7944897113371119
0.3,400.0,298.0,0.04665770337922934,0.8664017401734408
0.3,400.0,298.0,0.05373273146387932,0.9429496170160655
0.3,400.0,298.0,0.061880594659844954,1.024289841856235
0.3,400.0,298.0,0.07126397432503748,1.1697988614189574
0.3,400.0,298.0,0.08207022030922942,1.266607677218164
0.3,400.0,298.0,0.09451509160693887,1.3692774051935725
0.3,400.0,298.0,0.10884706423120744,1.4779542023540415
0.3,400.0,298.0,0.12535229231987327,1.592755581140972
0.3,400.0,298.0,0.1443603215284684,1.7137643866957029
0.3,400.0,298.0,0.1662506687841307,1.841022978116614
0.3,400.0,298.0,0.1914603997728015,1.9745279042768347
0.3,400.0,298.0,0.22049285545286207,2.1142253590025213
0.3,400.0,298.0,0.25392770182998,2.260007676778347
0.3,400.0,298.0,0.2924325036483547,2.411711091144415
0.3,400.0,298.0,0.33677605308027264,2.8133833698003676
0.3,400.0,298.0,0.3878437195364236,2.9899213697678872
0.3,400.0,298.0,0.44665512707340205,3.1722103467341167
0.3,400.0,298.0,0.5143845123479462,3.3598868562790427
0.3,400.0,298.0,0.5923841695876297,3.5525336877361755
0.3,400.0,298.0,0.6822114506835166,3.749686391651826
0.3,400.0,298.0,0.785659859492348,3.9508410901010387
0.3,400.0,298.0,0.9047948611813732,4.155463195480849
0.3,400.0,298.0,1.0419951215901386,4.362996643875613
0.3,400.0,298.0,1.2,4.572873262253216
0.3,400.0,323.0,0.001,0.014363758914722621
0.3,400.0,323.0,0.0013130324344878836,0.018720221969074236
0.3,400.0,323.0,0.0017240541740171785,0.02435010006598081
0.3,400.0,323.0,0.0022637390492987737,0.03159800789941455
0.3,400.0,323.0,0.002972362794946059,0.040887992650387915
0.3,400.0,323.0,0.003902808756829234,0.05273633153117328
0.3,400.0,323.0,0.00512451448332012,0.06776484276569306
0.3,400.0,323.0,0.0067286537276022365,0.08671426157857652
0.3,400.0,323.0,0.008834940584779547,0.11045669898979182
0.3,400.0,323.0,0.01160056354458889,0.14000531268823094
0.3,400.0,323.0,0.015231916192382951,0.17651841072518923
0.3,400.0,323.0,0.020000000000000004,0.22129497058446349
0.3,400.0,323.0,0.02303273739264226,0.2482264346218687
0.3,400.0,323.0,0.026525349589921046,0.2779698398487435
0.3,400.0,323.0,0.030547570567634134,0.3107412328258001
0.3,400.0,323.0,0.03517970854337624,0.3467615273713813
0.3,400.0,323.0,0.04051424942146391,0.3862551911094696
0.3,400.0,323.0,0.04665770337922934,0.44861420327909346
0.3,400.0,323.0,0.05373273146387932,0.49831935376195086
0.3,400.0,323.0,0.061880594659844954,0.552316649822679
0.3,400.0,323.0,0.07126397432503748,0.6108140833084015
0.3,400.0,323.0,0.08207022030922942,0.6740148461170228
0.3,400.0,323.0,0.09451509160693887,0.7421167946805397
0.3,400.0,323.0,0.10884706423120744,0.815311964867509
0.3,400.0,323.0,0.12535229231987327,0.8937860083072683
0.3,400.0,323.0,0.1443603215284684,0.9777173883753291
0.3,400.0,323.0,0.1662506687841307,1.1250684903924362
0.3,400.0,323.0,0.1914603997728015,1.2254622451447108
0.3,400.0,323.0,0.22049285545286207,1.3323888278962706
0.3,400.0,323.0,0.25392770182998,1.4460023366033363
0.3,400.0,323.0,0.2924325036483547,1.5664216568281535
0.3,400.0,323.0,0.33677605308027264,1.693724242951157
0.3,400.0,323.0,0.3878437195364236,1.8279401804495425
0.3,400.0,323.0,0.44665512707340205,1.969046833537349
0.3,400.0,323.0,0.5143845123479462,2.116964377802054
0.3,400.0,323.0,0.5923841695876297,2.5015560238309082
0.3,400.0,323.0,0.6822114506835166,2.6769156006647714
0.3,400.0,323.0,0.785659859492348,2.8590235401347766
0.3,400.0,323.0,0.9047948611813732,3.047573784474796
0.3,400.0,323.0,1.0419951215901386,3.2421961908403643
0.3,400.0,323.0,1.2,3.442460256975439
0.3,500.0,273.0,0.001,0.4293136705794122
0.3,500.0,273.0,0.0013130324344878836,0.49751819491781557
0.3,500.0,273.0,0.0017240541740171785,0.5936111797111695
0.3,500.0,273.0,0.0022637390492987737,0.6757201701436203
0.3,500.0,273.0,0.002972362794946059,0.7627980646338837
0.3,500.0,273.0,0.003902808756829234,0.8548347277885205
0.3,500.0,273.0,0.00512451448332012,1.0186931323600656
0.3,500.0,273.0,0.0067286537276022365,1.1320781941625484
0.3,500.0,273.0,0.008834940584779547,1.2530976607455273
0.3,500.0,273.0,0.01160056354458889,1.3826389389270424
0.3,500.0,273.0,0.015231916192382951,1.5218427437589108
0.3,500.0,273.0,0.020000000000000004,1.6720812553944755
0.3,500.0,273.0,0.02303273739264226,1.754816064000705
0.3,500.0,273.0,0.026525349589921046,1.8411566097179737
0.3,500.0,273.0,0.030547570567634134,1.9313297302953552
0.3,500.0,273.0,0.03517970854337624,2.025557265764
0.3,500.0,273.0,0.04051424942146391,2.124049857024676
0.3,500.0,273.0,0.04665770337922934,2.227000379515425
0.3,500.0,273.0,0.05373273146387932,2.3345772422207873
0.3,500.0,273.0,0.061880594659844954,2.4469178113505627
0.3,500.0,273.0,0.07126397432503748,2.5641222339472125
0.3,500.0,273.0,0.08207022030922942,2.686247937506231
0.3,500.0,273.0,0.09451509160693887,2.813305066296411
0.3,500.0,273.0,0.10884706423120744,2.9452530834354445
0.3,500.0,273.0,0.12535229231987327,3.0819987212464777
0.3,500.0,273.0,0.1443603215284684,3.223395403760356
0.3,500.0,273.0,0.1662506687841307,3.3692441984451493
0.3,500.0,273.0,0.1914603997728015,3.519296284115058
0.3,500.0,273.0,0.22049285545286207,3.673256853393847
0.3,500.0,273.0,0.25392770182998,4.094190620104251
0.3,500.0,273.0,0.2924325036483547,4.274180353626241
0.3,500.0,273.0,0.33677605308027264,4.457717584467504
0.3,500.0,273.0,0.3878437195364236,4.6442884190399525
0.3,500.0,273.0,0.44665512707340205,4.83336675276219
0.3,500.0,273.0,0.5143845123479462,5.024423239517021
0.3,500.0,273.0,0.5923841695876297,5.216933444898756
0.3,500.0,273.0,0.6822114506835166,5.41038504629122
0.3,500.0,273.0,0.785659859492348,5.604284031873615
0.3,500.0,273.0,0.9047948611813732,5.798159918766168
0.3,500.0,273.0,1.0419951215901386,5.991570052546628
0.3,500.0,273.0,1.2,6.1841030664855525
0.3,500.0,298.0,0.001,0.13175665259194
0.3,500.0,298.0,0.0013130324344878836,0.16313726341044585
0.3,500.0,298.0,0.0017240541740171785,0.20042982920694186
0.3,500.0,298.0,0.0022637390492987737,0.24422905036121256
0.3,500.0,298.0,0.002972362794946059,0.29503930392718564
0.3,500.0,298.0,0.003902808756829234,0.3532471619809518
0.3,500.0,298.0,0.00512451448332012,0.4191137183460216
0.3,500.0,298.0,0.0067286537276022365,0.49279376334758634
0.3,500.0,298.0,0.008834940584779547,0.5972803290300768
0.3,500.0,298.0,0.01160056354458889,0.6908307125283953
0.3,500.0,298.0,0.015231916192382951,0.7926806375405154
0.3,500.0,298.0,0.020000000000000004,0.963456721087007
0.3,500.0,298.0,0.02303273739264226,1.0291636880393535
0.3,500.0,298.0,0.026525349589921046,1.0979018520300996
0.3,500.0,298.0,0.030547570567634134,1.1698039605116897
0.3,500.0,298.0,0.03517970854337624,1.2450176048272241
0.3,500.0,298.0,0.04051424942146391,1.3237046962742611
0.3,500.0,298.0,0.04665770337922934,1.4060402478853697
0.3,500.0,298.0,0.05373273146387932,1.4922103647587295
0.3,500.0,298.0,0.061880594659844954,1.5824093680068965
0.3,500.0,298.0,0.07126397432503748,1.6768360148189432
0.3,500.0,298.0,0.08207022030922942,1.7756888285553227
0.3,500.0,298.0,0.09451509160693887,1.8791606144823
0.3,500.0,298.0,0.10884706423120744,1.9874323028601768
0.3,500.0,298.0,0.12535229231987327,2.1006663245297363
0.3,500.0,298.0,0.1443603215284684,2.218999777650349
0.3,500.0,298.0,0.1662506687841307,2.3425376815806027
0.3,500.0,298.0,0.1914603997728015,2.471346630772308
0.3,500.0,298.0,0.22049285545286207,2.60544915628455
0.3,500.0,298.0,0.25392770182998,2.7448190762042306
0.3,500.0,298.0,0.2924325036483547,2.889378072406956
0.3,500.0,298.0,0.33677605308027264,3.038993674845028
0.3,500.0,298.0,0.3878437195364236,3.193478771524256
0.3,500.0,298.0,0.44665512707340205,3.3525926974689817
0.3,500.0,298.0,0.5143845123479462,3.7680049219537
0.3,500.0,298.0,0.5923841695876297,3.953244563475415
0.3,500.0,298.0,0.6822114506835166,4.143089083935474
0.3,500.0,298.0,0.785659859492348,4.337032736737502
0.3,500.0,298.0,0.9047948611813732,4.534534357964858
0.3,500.0,298.0,1.0419951215901386,4.73502845047499
0.3,500.0,298.0,1.2,4.9379362187632285
0.3,500.0,323.0,0.001,0.03993008196132016
0.3,500.0,323.0,0.0013130324344878836,0.051205566815340255
0.3,500.0,323.0,0.0017240541740171785,0.06535389432077338
0.3,500.0,323.0,0.0022637390492987737,0.08297356666571563
0.3,500.0,323.0,0.002972362794946059,0.1047399824197835
0.3,500.0,323.0,0.003902808756829234,0.13139858158614312
0.3,500.0,323.0,0.00512451448332012,0.16374965992735185
0.3,500.0,323.0,0.0067286537276022365,0.20262365362207693
0.3,500.0,323.0,0.008834940584779547,0.24884848906383242
0.3,500.0,323.0,0.01160056354458889,0.3032143876710801
0.3,500.0,323.0,0.015231916192382951,0.3664448585741578
0.3,500.0,323.0,0.020000000000000004,0.4391839100314218
0.3,500.0,323.0,0.02303273739264226,0.49944306148885215
0.3,500.0,323.0,0.026525349589921046,0.5460583532858879
0.3,500.0,323.0,0.030547570567634134,0.5956095387215196
0.3,500.0,323.0,0.03517970854337624,0.6481635683239857
0.3,500.0,323.0,0.04051424942146391,0.7037928600157931
0.3,500.0,323.0,0.04665770337922934,0.7625785575936795
0.3,500.0,323.0,0.05373273146387932,0.8787895839237421
0.3,500.0,323.0,0.061880594659844954,0.9483199443133832
0.3,500.0,323.0,0.07126397432503748,1.0217773740271705
0.3,500.0,323.0,0.08207022030922942,1.0993184063755859
0.3,500.0,323.0,0.09451509160693887,1.1811082630230665
0.3,500.0,323.0,0.10884706423120744,1.2673197643783394
0.3,500.0,323.0,0.12535229231987327,1.3581315017024864
0.3,500.0,323.0,0.1443603215284684,1.453725200546302
0.3,500.0,323.0,0.1662506687841307,1.5542822364175353
0.3,500.0,323.0,0.1914603997728015,1.659979306685446
0.3,500.0,323.0,0.22049285545286207,1.7709833163711246
0.3,500.0,323.0,0.25392770182998,1.8874455962819259
0.3,500.0,323.0,0.2924325036483547,2.0094956346089687
0.3,500.0,323.0,0.33677605308027264,2.137234560932091
0.3,500.0,323.0,0.3878437195364236,2.2707286675159626
0.3,500.0,323.0,0.44665512707340205,2.4100032806802534
0.3,500.0,323.0,0.5143845123479462,2.5550373008704197
0.3,500.0,323.0,0.5923841695876297,2.705758712836455
0.3,500.0,323.0,0.6822114506835166,2.8620413292319635
0.3,500.0,323.0,0.785659859492348,3.2515847357593373
0.3,500.0,323.0,0.9047948611813732,3.43343553416184
0.3,500.0,323.0,1.0419951215901386,3.621260975491005
0.3,500.0,323.0,1.2,3.814680223070637
0.3,600.0,273.0,0.001,1.2691102729131294
0.3,600.0,273.0,0.0013130324344878836,1.358110667275624
0.3,600.0,273.0,0.0017240541740171785,1.44735298416443
0.3,600.0,273.0,0.0022637390492987737,1.536931881497937
0.3,600.0,273.0,0.002972362794946059,1.6271345828977617
0.3,600.0,273.0,0.003902808756829234,1.7184672822244442
0.3,600.0,273.0,0.00512451448332012,1.8116817558926044
0.3,600.0,273.0,0.0067286537276022365,1.9077989105809214
0.3,600.0,273.0,0.008834940584779547,2.0081237259847495
0.3,600.0,273.0,0.01160056354458889,2.1142447567444878
0.3,600.0,273.0,0.015231916192382951,2.22801127165764
0.3,600.0,273.0,0.020000000000000004,2.3514818522668297
0.3,600.0,273.0,0.02303273739264226,2.4200294762408547
0.3,600.0,273.0,0.026525349589921046,2.4920799767119615
0.3,600.0,273.0,0.030547570567634134,2.5679367767587147
0.3,600.0,273.0,0.03517970854337624,2.6478923561016203
0.3,600.0,273.0,0.04051424942146391,2.7322217276061114
0.3,600.0,273.0,0.04665770337922934,2.8211756330329973
0.3,600.0,273.0,0.05373273146387932,2.914973674595639
0.3,600.0,273.0,0.061880594659844954,3.0137976354996585
0.3,600.0,273.0,0.07126397432503748,3.117785267012203
0.3,600.0,273.0,0.08207022030922942,3.2270248275927913
0.3,600.0,273.0,0.09451509160693887,3.3415506482052697
0.3,600.0,273.0,0.10884706423120744,3.461339965878204
0.3,600.0,273.0,0.12535229231987327,3.5863112159447237
0.3,600.0,273.0,0.1443603215284684,3.7163239057120316
0.3,600.0,273.0,0.1662506687841307,3.8511801142808513
0.3,600.0,273.0,0.1914603997728015,3.9906275818625434
0.3,600.0,273.0,0.22049285545286207,4.134364274392348
0.3,600.0,273.0,0.25392770182998,4.546235904935259
0.3,600.0,273.0,0.2924325036483547,4.716759194635351
0.3,600.0,273.0,0.33677605308027264,4.890908761226294
0.3,600.0,273.0,0.3878437195364236,5.068183289718114
0.3,600.0,273.0,0.44665512707340205,5.248069695991186
0.3,600.0,273.0,0.5143845123479462,5.430051966558678
0.3,600.0,273.0,0.5923841695876297,5.61361925394108
0.3,600.0,273.0,0.6822114506835166,5.798273065579552
0.3,600.0,273.0,0.785659859492348,5.983533467717316
0.3,600.0,273.0,0.9047948611813732,6.168944293400596
0.3,600.0,273.0,1.0419951215901386,6.354077390125315
0.3,600.0,273.0,1.2,6.538535966775308
0.3,600.0,298.0,0.001,0.5049863456113923
0.3,600.0,298.0,0.0013130324344878836,0.5976778145963387
0.3,600.0,298.0,0.0017240541740171785,0.6765317874060992
0.3,600.0,298.0,0.0022637390492987737,0.7586126351706114
0.3,600.0,298.0,0.002972362794946059,0.9058202465075836
0.3,600.0,298.0,0.003902808756829234,1.0021956667765963
0.3,600.0,298.0,0.00512451448332012,1.1018413920311199
0.3,600.0,298.0,0.0067286537276022365,1.2045505381302064
0.3,600.0,298.0,0.008834940584779547,1.3102978945205686
0.3,600.0,298.0,0.01160056354458889,1.4192865174485492
0.3,600.0,298.0,0.015231916192382951,1.531989370747336
0.3,600.0,298.0,0.020000000000000004,1.6491828664062536
0.3,600.0,298.0,0.02303273739264226,1.7120557528813052
0.3,600.0,298.0,0.026525349589921046,1.7766148346691109
0.3,600.0,298.0,0.030547570567634134,1.8430724458222545
0.3,600.0,298.0,0.03517970854337624,1.911663564075362
0.3,600.0,298.0,0.04051424942146391,1.9826441252844247
0.3,600.0,298.0,0.04665770337922934,2.056288549308898
0.3,600.0,298.0,0.05373273146387932,2.132886389611749
0.3,600.0,298.0,0.061880594659844954,2.2127380511725185
0.3,600.0,298.0,0.07126397432503748,2.2961495676219728
0.3,600.0,298.0,0.08207022030922942,2.3834264859243364
0.3,600.0,298.0,0.09451509160693887,2.474866970867948
0.3,600.0,298.0,0.10884706423120744,2.5707543063951372
0.3,600.0,298.0,0.12535229231987327,2.671349030329071
0.3,600.0,298.0,0.1443603215284684,2.776880987533486
0.3,600.0,298.0,0.1662506687841307,2.8875416190174383
0.3,600.0,298.0,0.1914603997728015,3.003476817368076
0.3,600.0,298.0,0.22049285545286207,3.1247806703436143
0.3,600.0,298.0,0.25392770182998,3.251490384787488
0.3,600.0,298.0,0.2924325036483547,3.3835826347532056
0.3,600.0,298.0,0.33677605308027264,3.5209715153084638
0.3,600.0,298.0,0.3878437195364236,3.663508212550218
0.3,600.0,298.0,0.44665512707340205,3.8109824266419974
0.3,600.0,298.0,0.5143845123479462,4.207571362757405
0.3,600.0,298.0,0.5923841695876297,4.383780035271655
0.3,600.0,298.0,0.6822114506835166,4.564635680896772
0.3,600.0,298.0,0.785659859492348,4.749635557082984
0.3,600.0,298.0,0.9047948611813732,4.9382433263567815
0.3,600.0,298.0,1.0419951215901386,5.129899950855487
0.3,600.0,298.0,1.2,5.324034560160111
0.3,600.0,323.0,0.001,0.15885431962896723
0.3,600.0,323.0,0.0013130324344878836,0.19501625630334943
0.3,600.0,323.0,0.0017240541740171785,0.2373472349692632
0.3,600.0,323.0,0.0022637390492987737,0.28623191581056556
0.3,600.0,323.0,0.002972362794946059,0.3418915593399716
0.3,600.0,323.0,0.003902808756829234,0.40436170492817275
0.3,600.0,323.0,0.00512451448332012,0.47349533183791226
0.3,600.0,323.0,0.0067286537276022365,0.5675899294983018
0.3,600.0,323.0,0.008834940584779547,0.6520477003595917
0.3,600.0,323.0,0.01160056354458889,0.79744223406925
0.3,600.0,323.0,0.015231916192382951,0.9003805061040122
0.3,600.0,323.0,0.020000000000000004,1.0096687042532955
0.3,600.0,323.0,0.02303273739264226,1.0688162569287627
0.3,600.0,323.0,0.026525349589921046,1.1296847963796004
0.3,600.0,323.0,0.030547570567634134,1.1923091639130892
0.3,600.0,323.0,0.03517970854337624,1.2567426718970374
0.3,600.0,323.0,0.04051424942146391,1.3230590528719834
0.3,600.0,323.0,0.04665770337922934,1.3913541221815624
0.3,600.0,323.0,0.05373273146387932,1.4617470624909688
0.3,600.0,323.0,0.061880594659844954,1.5343812345911036
0.3,600.0,323.0,0.07126397432503748,1.609424416424962
0.3,600.0,323.0,0.08207022030922942,1.6870683713517578
0.3,600.0,323.0,0.09451509160693887,1.7675276481758
0.3,600.0,323.0,0.10884706423120744,1.851037521341341
0.3,600.0,323.0,0.12535229231987327,1.9378509926683831
0.3,600.0,323.0,0.1443603215284684,2.0282347989876808
0.3,600.0,323.0,0.1662506687841307,2.1224644052255375
0.3,600.0,323.0,0.1914603997728015,2.2208180105018824
0.3,600.0,323.0,0.22049285545286207,2.3235696540543116
0.3,600.0,323.0,0.25392770182998,2.430981574349674
0.3,600.0,323.0,0.2924325036483547,2.543296042652127
0.3,600.0,323.0,0.33677605308027264,2.660726954420522
0.3,600.0,323.0,0.3878437195364236,2.783451510896679
0.3,600.0,323.0,0.44665512707340205,2.911602352822082
0.3,600.0,323.0,0.5143845123479462,3.0452605141447258
0.3,600.0,323.0,0.5923841695876297,3.1844495443760565
0.3,600.0,323.0,0.6822114506835166,3.32913110540719
0.3,600.0,323.0,0.785659859492348,3.479202286106844
0.3,600.0,323.0,0.9047948611813732,3.858355677283069
0.3,600.0,323.0,1.0419951215901386,4.037517876481407
0.3,600.0,323.0,1.2,4.222321548108596
0.3,700.0,273.0,0.001,2.1741037183782725
0.3,700.0,273.0,0.0013130324344878836,2.2294966008927486
0.3,700.0,273.0,0.0017240541740171785,2.2847879216193965
0.3,700.0,273.0,0.0022637390492987737,2.3406034599063164
0.3,700.0,273.0,0.002972362794946059,2.3976915922100193
0.3,700.0,273.0,0.003902808756829234,2.4569427809008935
0.3,700.0,273.0,0.00512451448332012,2.5194078866151943
0.3,700.0,273.0,0.0067286537276022365,2.586314417324915
0.3,700.0,273.0,0.008834940584779547,2.659078836256024
0.3,700.0,273.0,0.01160056354458889,2.7393109074120194
0.3,700.0,273.0,0.015231916192382951,2.828803541941881
0.3,700.0,273.0,0.020000000000000004,2.92949983759463
0.3,700.0,273.0,0.02303273739264226,2.9867813078969006
0.3,700.0,273.0,0.026525349589921046,3.047903781099009
0.3,700.0,273.0,0.030547570567634134,3.113146219613785
0.3,700.0,273.0,0.03517970854337624,3.182776649695148
0.3,700.0,273.0,0.04051424942146391,3.2570462052795195
0.3,700.0,273.0,0.04665770337922934,3.336182842964037
0.3,700.0,273.0,0.05373273146387932,3.4203849559829616
0.3,700.0,273.0,0.061880594659844954,3.5098151507543625
0.3,700.0,273.0,0.07126397432503748,3.6045944690783878
0.3,700.0,273.0,0.08207022030922942,3.704797338707885
0.3,700.0,273.0,0.09451509160693887,3.8104475132134525
0.3,700.0,273.0,0.10884706423120744,3.9215152198792684
0.3,700.0,273.0,0.12535229231987327,4.037915675502647
0.3,700.0,273.0,0.1443603215284684,4.159509060248967
0.3,700.0,273.0,0.1662506687841307,4.286101966016458
0.3,700.0,273.0,0.1914603997728015,4.417450264776738
0.3,700.0,273.0,0.22049285545286207,4.553263279472029
0.3,700.0,273.0,0.25392770182998,4.693209088759664
0.3,700.0,273.0,0.2924325036483547,5.104703573099414
0.3,700.0,273.0,0.33677605308027264,5.272355354159881
0.3,700.0,273.0,0.3878437195364236,5.443451906179938
0.3,700.0,273.0,0.44665512707340205,5.617462080246496
0.3,700.0,273.0,0.5143845123479462,5.793848920783042
0.3,700.0,273.0,0.5923841695876297,5.972078312953812
0.3,700.0,273.0,0.6822114506835166,6.151626806352575
0.3,700.0,273.0,0.785659859492348,6.331988501587318
0.3,700.0,273.0,0.9047948611813732,6.512680954500369
0.3,700.0,273.0,1.0419951215901386,6.6932501013980295
0.3,700.0,273.0,1.2,6.873274236259463
0.3,700.0,298.0,0.001,1.4598593789069592
0.3,700.0,298.0,0.0013130324344878836,1.5446916458073294
0.3,700.0,298.0,0.0017240541740171785,1.6278693414148537
0.3,700.0,298.0,0.0022637390492987737,1.7093334524707877
0.3,700.0,298.0,0.002972362794946059,1.7891716658434123
0.3,700.0,298.0,0.003902808756829234,1.8676343282045063
0.3,700.0,298.0,0.00512451448332012,1.945148333879002
0.3,700.0,298.0,0.0067286537276022365,2.0223282908670983
0.3,700.0,298.0,0.008834940584779547,2.099985786734776
0.3,700.0,298.0,0.01160056354458889,2.179138514918406
0.3,700.0,298.0,0.015231916192382951,2.2610204649368777
0.3,700.0,298.0,0.020000000000000004,2.347092137004249
0.3,700.0,298.0,0.02303273739264226,2.3939119796727075
0.3,700.0,298.0,0.026525349589921046,2.4425693530810664
0.3,700.0,298.0,0.030547570567634134,2.4933403947909345
0.3,700.0,298.0,0.03517970854337624,2.546515841119141
0.3,700.0,298.0,0.04051424942146391,2.6023991871899246
0.3,700.0,298.0,0.04665770337922934,2.6613041589322433
0.3,700.0,298.0,0.05373273146387932,2.7235514336915516
0.3,700.0,298.0,0.061880594659844954,2.789464573174589
0.3,700.0,298.0,0.07126397432503748,2.8593651673332747
0.3,700.0,298.0,0.08207022030922942,2.933567230293961
0.3,700.0,298.0,0.09451509160693887,3.0123709384001187
0.3,700.0,298.0,0.10884706423120744,3.09605585347356
0.3,700.0,298.0,0.12535229231987327,3.1848738277988344
0.3,700.0,298.0,0.1443603215284684,3.2790418362727656
0.3,700.0,298.0,0.1662506687841307,3.3787350202317072
0.3,700.0,298.0,0.1914603997728015,3.4840802514740403
0.3,700.0,298.0,0.22049285545286207,3.595150529836028
0.3,700.0,298.0,0.25392770182998,3.7119605111580825
0.3,700.0,298.0,0.2924325036483547,3.8344634247820046
0.3,700.0,298.0,0.33677605308027264,3.962549583417131
0.3,700.0,298.0,0.3878437195364236,4.096046617739813
0.3,700.0,298.0,0.44665512707340205,4.234721488871976
0.3,700.0,298.0,0.5143845123479462,4.378284249395438
0.3,700.0,298.0,0.5923841695876297,4.778932755854187
0.3,700.0,298.0,0.6822114506835166,4.950755406292271
0.3,700.0,298.0,0.785659859492348,5.127044784453551
0.3,700.0,298.0,0.9047948611813732,5.307276104825704
0.3,700.0,298.0,1.0419951215901386,5.490899481536098
0.3,700.0,298.0,1.2,5.67735036033006
0.3,700.0,323.0,0.001,0.6552584356713698
0.3,700.0,323.0,0.0013130324344878836,0.7909878952961404
0.3,700.0,323.0,0.0017240541740171785,0.8818915557233276
0.3,700.0,323.0,0.0022637390492987737,0.9756676175352001
0.3,700.0,323.0,0.002972362794946059,1.0715980305962831
0.3,700.0,323.0,0.003902808756829234,1.1690075076263635
0.3,700.0,323.0,0.00512451448332012,1.2673028669162998
0.3,700.0,323.0,0.0067286537276022365,1.3660125868522202
0.3,700.0,323.0,0.008834940584779547,1.4648255385474176
0.3,700.0,323.0,0.01160056354458889,1.5636283851641697
0.3,700.0,323.0,0.015231916192382951,1.6625413310531878
0.3,700.0,323.0,0.020000000000000004,1.761951366191083
0.3,700.0,323.0,0.02303273739264226,1.8138955879090135
0.3,700.0,323.0,0.026525349589921046,1.8662798797267444
0.3,700.0,323.0,0.030547570567634134,1.9192560033913173
0.3,700.0,323.0,0.03517970854337624,1.9729995185046016
0.3,700.0,323.0,0.04051424942146391,2.0277097940696702
0.3,700.0,323.0,0.04665770337922934,2.083609717653769
0.3,700.0,323.0,0.05373273146387932,2.1409450692413303
0.3,700.0,323.0,0.061880594659844954,2.1999835200958398
0.3,700.0,323.0,0.07126397432503748,2.261013206600163
0.3,700.0,323.0,0.08207022030922942,2.324340816857874
0.3,700.0,323.0,0.09451509160693887,2.3902891168978337
0.3,700.0,323.0,0.10884706423120744,2.4591938376266502
0.3,700.0,323.0,0.12535229231987327,2.531399847408058
0.3,700.0,323.0,0.1443603215284684,2.607256551805447
0.3,700.0,323.0,0.1662506687841307,2.6871124935225543
0.3,700.0,323.0,0.1914603997728015,2.7713091716121134
0.3,700.0,323.0,0.22049285545286207,2.860174156800683
0.3,700.0,323.0,0.25392770182998,2.954013644234611
0.3,700.0,323.0,0.2924325036483547,3.053104649422906
0.3,700.0,323.0,0.33677605308027264,3.1576871103867483
0.3,700.0,323.0,0.3878437195364236,3.2679562023366495
0.3,700.0,323.0,0.44665512707340205,3.3840551955208076
0.3,700.0,323.0,0.5143845123479462,3.5060691895111247
0.3,700.0,323.0,0.5923841695876297,3.634020038019376
0.3,700.0,323.0,0.6822114506835166,3.767862739607371
0.3,700.0,323.0,0.785659859492348,3.9074835152230745
0.3,700.0,323.0,0.9047948611813732,4.273452520873845
0.3,700.0,323.0,1.0419951215901386,4.4423991115478145
0.3,700.0,323.0,1.2,4.6171624982686446
0.3,800.0,273.0,0.001,2.837816853799532
0.3,800.0,273.0,0.0013130324344878836,2.869842823606961
0.3,800.0,273.0,0.0017240541740171785,2.9027594814653495
0.3,800.0,273.0,0.0022637390492987737,2.937206282275974
0.3,800.0,273.0,0.002972362794946059,2.9739610885792915
0.3,800.0,273.0,0.003902808756829234,3.0139525042571256
0.3,800.0,273.0,0.00512451448332012,3.0582712309820654
0.3,800.0,273.0,0.0067286537276022365,3.108179808264333
0.3,800.0,273.0,0.008834940584779547,3.165118571057675
0.3,800.0,273.0,0.01160056354458889,3.2307038421843615
0.3,800.0,273.0,0.015231916192382951,3.3067125262849517
0.3,800.0,273.0,0.020000000000000004,3.395045724480918
0.3,800.0,273.0,0.02303273739264226,3.4463373744175643
0.3,800.0,273.0,0.026525349589921046,3.5017406506156235
0.3,800.0,273.0,0.030547570567634134,3.5615202177821867
0.3,800.0,273.0,0.03517970854337624,3.625928061579922
0.3,800.0,273.0,0.04051424942146391,3.695197640874012
0.3,800.0,273.0,0.04665770337922934,3.7695377261154084
0.3,800.0,273.0,0.05373273146387932,3.8491261541078834
0.3,800.0,273.0,0.061880594659844954,3.934103766382045
0.3,800.0,273.0,0.07126397432503748,4.024568817748934
0.3,800.0,273.0,0.08207022030922942,4.1205721399601005
0.3,800.0,273.0,0.09451509160693887,4.222113321803157
0.3,800.0,273.0,0.10884706423120744,4.329138123154266
0.3,800.0,273.0,0.12535229231987327,4.441537280738752
0.3,800.0,273.0,0.1443603215284684,4.559146793652097
0.3,800.0,273.0,0.1662506687841307,4.681749703780609
0.3,800.0,273.0,0.1914603997728015,4.809079316316078
0.3,800.0,273.0,0.22049285545286207,4.940823743269943
0.3,800.0,273.0,0.25392770182998,5.076631601016584
0.3,800.0,273.0,0.2924325036483547,5.216118652419101
0.3,800.0,273.0,0.33677605308027264,5.61849564480858
0.3,800.0,273.0,0.3878437195364236,5.785337546426833
0.3,800.0,273.0,0.44665512707340205,5.955165376810602
0.3,800.0,273.0,0.5143845123479462,6.127449042819188
0.3,800.0,273.0,0.5923841695876297,6.301663013384039
0.3,800.0,273.0,0.6822114506835166,6.477293778448614
0.3,800.0,273.0,0.785659859492348,6.653846283038286
0.3,800.0,273.0,0.9047948611813732,6.830849318485162
0.3,800.0,273.0,1.0419951215901386,7.007859903024854
0.3,800.0,273.0,1.2,7.1844667107128615
0.3,800.0,298.0,0.001,2.3397965444082622
0.3,800.0,298.0,0.0013130324344878836,2.388747795137721
0.3,800.0,298.0,0.0017240541740171785,2.4368832150570263
0.3,800.0,298.0,0.0022637390492987737,2.4845125608833816
0.3,800.0,298.0,0.002972362794946059,2.531980141506142
0.3,800.0,298.0,0.003902808756829234,2.5796800828711945
0.3,800.0,298.0,0.00512451448332012,2.628078905688432
0.3,800.0,298.0,0.0067286537276022365,2.6777447554845826
0.3,800.0,298.0,0.008834940584779547,2.729381676643993
0.3,800.0,298.0,0.01160056354458889,2.783866511877781
0.3,800.0,298.0,0.015231916192382951,2.8422852204175753
0.3,800.0,298.0,0.020000000000000004,2.9059644948660743
0.3,800.0,298.0,0.02303273739264226,2.9415614213260746
0.3,800.0,298.0,0.026525349589921046,2.9792446075171264
0.3,800.0,298.0,0.030547570567634134,3.0192828883108493
0.3,800.0,298.0,0.03517970854337624,3.0619629659999217
0.3,800.0,298.0,0.04051424942146391,3.1075875839735136
0.3,800.0,298.0,0.04665770337922934,3.156472891159937
0.3,800.0,298.0,0.05373273146387932,3.2089449247808055
0.3,800.0,298.0,0.061880594659844954,3.2653351725096433
0.3,800.0,298.0,0.07126397432503748,3.3259752202588486
0.3,800.0,298.0,0.08207022030922942,3.391190546245563
0.3,800.0,298.0,0.09451509160693887,3.4612935819782056
0.3,800.0,298.0,0.10884706423120744,3.536576221574423
0.3,800.0,298.0,0.12535229231987327,3.6173020170426926
0.3,800.0,298.0,0.1443603215284684,3.7036983435318587
0.3,800.0,298.0,0.1662506687841307,3.7959488503427603
0.3,800.0,298.0,0.1914603997728015,3.8941865270496834
0.3,800.0,298.0,0.22049285545286207,3.9984877072780396
0.3,800.0,298.0,0.25392770182998,4.108867305292327
0.3,800.0,298.0,0.2924325036483547,4.225275534346543
0.3,800.0,298.0,0.33677605308027264,4.34759629434203
0.3,800.0,298.0,0.3878437195364236,4.475647344589222
0.3,800.0,298.0,0.44665512707340205,4.609182300671349
0.3,800.0,298.0,0.5143845123479462,4.747894417418013
0.3,800.0,298.0,0.5923841695876297,5.130701561608614
0.3,800.0,298.0,0.6822114506835166,5.2974391062979
0.3,800.0,298.0,0.785659859492348,5.468723192602694
0.3,800.0,298.0,0.9047948611813732,5.644022148696187
0.3,800.0,298.0,1.0419951215901386,5.822781132607658
0.3,800.0,298.0,1.2,6.004432290080973
0.3,800.0,323.0,0.001,1.6770271447372778
0.3,800.0,323.0,0.0013130324344878836,1.7566791802799013
0.3,800.0,323.0,0.0017240541740171785,1.8337108575548382
0.3,800.0,323.0,0.0022637390492987737,1.9081402466727113
0.3,800.0,323.0,0.002972362794946059,1.9800929571042112
0.3,800.0,323.0,0.003902808756829234,2.0497975630753413
0.3,800.0,323.0,0.00512451448332012,2.1175815714458763
0.3,800.0,323.0,0.0067286537276022365,2.1838709996301455
0.3,800.0,323.0,0.008834940584779547,2.249195369472309
0.3,800.0,323.0,0.01160056354458889,2.314198053934861
0.3,800.0,323.0,0.015231916192382951,2.3796505917844546
0.3,800.0,323.0,0.020000000000000004,2.4464694065333714
0.3,800.0,323.0,0.02303273739264226,2.481996539227859
0.3,800.0,323.0,0.026525349589921046,2.518347118471296
0.3,800.0,323.0,0.030547570567634134,2.5557041159605824
0.3,800.0,323.0,0.03517970854337624,2.594265000782675
0.3,800.0,323.0,0.04051424942146391,2.6342423265572235
0.3,800.0,323.0,0.04665770337922934,2.6758641885969756
0.3,800.0,323.0,0.05373273146387932,2.719374484312285
0.3,800.0,323.0,0.061880594659844954,2.765032897208703
0.3,800.0,323.0,0.07126397432503748,2.8131145136415894
0.3,800.0,323.0,0.08207022030922942,2.8639089732676637
0.3,800.0,323.0,0.09451509160693887,2.9177190505770083
0.3,800.0,323.0,0.10884706423120744,2.974858568054789
0.3,800.0,323.0,0.12535229231987327,3.035649553487846
0.3,800.0,323.0,0.1443603215284684,3.1004185763128547
0.3,800.0,323.0,0.1662506687841307,3.1694922313498615
0.3,800.0,323.0,0.1914603997728015,3.2431917820989966
0.3,800.0,323.0,0.22049285545286207,3.321827027872219
0.3,800.0,323.0,0.25392770182998,3.4056895159533416
0.3,800.0,323.0,0.2924325036483547,3.495045277337598
0.3,800.0,323.0,0.33677605308027264,3.5901273175183848
0.3,800.0,323.0,0.3878437195364236,3.691128137425533
0.3,800.0,323.0,0.44665512707340205,3.7981925897221744
0.3,800.0,323.0,0.5143845123479462,3.9114113890878253
0.3,800.0,323.0,0.5923841695876297,4.030815590227709
0.3,800.0,323.0,0.6822114506835166,4.156372324234975
0.3,800.0,323.0,0.785659859492348,4.287982044226208
0.3,800.0,323.0,0.9047948611813732,4.425477477542657
0.3,800.0,323.0,1.0419951215901386,4.7952626136841525
0.3,800.0,323.0,1.2,4.963559134032158
0.5,0.0,273.0,0.001,0.022131310835488274
0.5,0.0,273.0,0.0013130324344878836,0.028949372234534893
0.5,0.0,273.0,0.0017240541740171785,0.03782591856536259
0.5,0.0,273.0,0.0022637390492987737,0.04935468389092359
0.5,0.0,273.0,0.002972362794946059,0.06428324279873578
0.5,0.0,273.0,0.003902808756829234,0.08354272314760323
0.5,0.0,273.0,0.00512451448332012,0.10827778623038033
0.5,0.0,273.0,0.0067286537276022365,0.13987372775547133
0.5,0.0,273.0,0.008834940584779547,0.1799761264963608
0.5,0.0,273.0,0.01160056354458889,0.23049689215275743
0.5,0.0,273.0,0.015231916192382951,0.293599036823163
0.5,0.0,273.0,0.020000000000000004,0.3716514941650781
0.5,0.0,273.0,0.02303273739264226,0.4188206645998789
0.5,0.0,273.0,0.026525349589921046,0.47102801398491334
0.5,0.0,273.0,0.030547570567634134,0.5286183041691404
0.5,0.0,273.0,0.03517970854337624,0.5919236219390738
0.5,0.0,273.0,0.04051424942146391,0.696330267747784
0.5,0.0,273.0,0.04665770337922934,0.7749354136857057
0.5,0.0,273.0,0.05373273146387932,0.8602219273126048
0.5,0.0,273.0,0.061880594659844954,0.9523853889533651
0.5,0.0,273.0,0.07126397432503748,1.0515687513667238
0.5,0.0,273.0,0.08207022030922942,1.1578557205536095
0.5,0.0,273.0,0.09451509160693887,1.2712653592633159
0.5,0.0,273.0,0.10884706423120744,1.391748274624315
0.5,0.0,273.0,0.12535229231987327,1.5191846972168235
0.5,0.0,273.0,0.1443603215284684,1.6533846722831418
0.5,0.0,273.0,0.1662506687841307,1.794090467981885
0.5,0.0,273.0,0.1914603997728015,1.9409811688290193
0.5,0.0,273.0,0.22049285545286207,2.0936792774881905
0.5,0.0,273.0,0.25392770182998,2.2517590106557877
0.5,0.0,273.0,0.2924325036483547,2.414755861160498
0.5,0.0,273.0,0.33677605308027264,2.58217692224045
0.5,0.0,273.0,0.3878437195364236,2.8607333077124713
0.5,0.0,273.0,0.44665512707340205,3.0426311694033505
0.5,0.0,273.0,0.5143845123479462,3.662497305621766
0.5,0.0,273.0,0.5923841695876297,3.874309177310591
0.5,0.0,273.0,0.6822114506835166,4.087733033798254
0.5,0.0,273.0,0.785659859492348,4.302134887290292
0.5,0.0,273.0,0.9047948611813732,4.516915831863891
0.5,0.0,273.0,1.0419951215901386,4.731517198675268
0.5,0.0,273.0,1.2,4.945424399102273
0.5,0.0,298.0,0.001,0.008880251645204775
0.5,0.0,298.0,0.0013130324344878836,0.011643170199037975
0.5,0.0,298.0,0.0017240541740171785,0.015258967676562344
0.5,0.0,298.0,0.0022637390492987737,0.019986203775570265
0.5,0.0,298.0,0.002972362794946059,0.026158605416207133
0.5,0.0,298.0,0.003902808756829234,0.034204795336771496
0.5,0.0,298.0,0.00512451448332012,0.044671860095051995
0.5,0.0,298.0,0.0067286537276022365,0.05825269377960018
0.5,0.0,298.0,0.008834940584779547,0.0758165040988911
0.5,0.0,298.0,0.01160056354458889,0.09844104669514005
0.5,0.0,298.0,0.015231916192382951,0.1274440392139399
0.5,0.0,298.0,0.020000000000000004,0.1644098137010029
0.5,0.0,298.0,0.02303273739264226,0.18731294669673054
0.5,0.0,298.0,0.026525349589921046,0.2131436545248322
0.5,0.0,298.0,0.030547570567634134,0.24221219673378727
0.5,0.0,298.0,0.03517970854337624,0.27484738932286634
0.5,0.0,298.0,0.04051424942146391,0.3113945882161727
0.5,0.0,298.0,0.04665770337922934,0.35221287819063796
0.5,0.0,298.0,0.05373273146387932,0.3976713905593168
0.5,0.0,298.0,0.061880594659844954,0.448144697985387
0.5,0.0,298.0,0.07126397432503748,0.5040072711224141
0.5,0.0,298.0,0.08207022030922942,0.5656270289129576
0.5,0.0,298.0,0.09451509160693887,0.6657039927474423
0.5,0.0,298.0,0.10884706423120744,0.7426854156476214
0.5,0.0,298.0,0.12535229231987327,0.8265386779376128
0.5,0.0,298.0,0.1443603215284684,0.9175207659909056
0.5,0.0,298.0,0.1662506687841307,1.015840414161461
0.5,0.0,298.0,0.1914603997728015,1.1216500804624672
0.5,0.0,298.0,0.22049285545286207,1.2350387960429883
0.5,0.0,298.0,0.25392770182998,1.3560263004198654
0.5,0.0,298.0,0.2924325036483547,1.484558852937231
0.5,0.0,298.0,0.33677605308027264,1.6205070549782297
0.5,0.0,298.0,0.3878437195364236,1.7636659259186633
0.5,0.0,298.0,0.44665512707340205,1.9137573521949611
0.5,0.0,298.0,0.5143845123479462,2.0704348820303835
0.5,0.0,298.0,0.5923841695876297,2.2332906821709573
0.5,0.0,298.0,0.6822114506835166,2.4018643245461013
0.5,0.0,298.0,0.785659859492348,2.6787322570225256
0.5,0.0,298.0,0.9047948611813732,2.864241467839129
0.5,0.0,298.0,1.0419951215901386,3.4627551423772838
0.5,0.0,298.0,1.2,3.6815550668269013
0.5,0.0,323.0,0.001,0.004088457822275885
0.5,0.0,323.0,0.0013130324344878836,0.005364893274511664
0.5,0.0,323.0,0.0017240541740171785,0.007038463566567826
0.5,0.0,323.0,0.0022637390492987737,0.009231749172257976
0.5,0.0,323.0,0.002972362794946059,0.012104475699483787
0.5,0.0,323.0,0.003902808756829234,0.015864290092336118
0.5,0.0,323.0,0.00512451448332012,0.020780337246225716
0.5,0.0,323.0,0.0067286537276022365,0.0272001489967417
0.5,0.0,323.0,0.008834940584779547,0.03557030834800592
0.5,0.0,323.0,0.01160056354458889,0.04646119041738749
0.5,0.0,323.0,0.015231916192382951,0.06059574956024219
0.5,0.0,323.0,0.020000000000000004,0.0788817559609667
0.5,0.0,323.0,0.02303273739264226,0.09035802986569524
0.5,0.0,323.0,0.026525349589921046,0.10343162049065119
0.5,0.0,323.0,0.030547570567634134,0.11830490522058831
0.5,0.0,323.0,0.03517970854337624,0.13520075432408812
0.5,0.0,323.0,0.04051424942146391,0.15436336080243093
0.5,0.0,323.0,0.04665770337922934,0.17605879417530798
0.5,0.0,323.0,0.05373273146387932,0.200575195230589
0.5,0.0,323.0,0.061880594659844954,0.22822251976509916
0.5,0.0,323.0,0.07126397432503748,0.25933173198451565
0.5,0.0,323.0,0.08207022030922942,0.29425334386710694
0.5,0.0,323.0,0.09451509160693887,0.33335519722632984
0.5,0.0,323.0,0.10884706423120744,0.3770193925581343
0.5,0.0,323.0,0.12535229231987327,0.42563828519871844
0.5,0.0,323.0,0.1443603215284684,0.4796094966127718
0.5,0.0,323.0,0.1662506687841307,0.5393299276237821
0.5,0.0,323.0,0.1914603997728015,0.6350391086732982
0.5,0.0,323.0,0.22049285545286207,0.7100747153461922
0.5,0.0,323.0,0.25392770182998,0.7921025768008442
0.5,0.0,323.0,0.2924325036483547,0.8814353320415175
0.5,0.0,323.0,0.33677605308027264,0.9783428548867
0.5,0.0,323.0,0.3878437195364236,1.0830432032631852
0.5,0.0,323.0,0.44665512707340205,1.195694073064287
0.5,0.0,323.0,0.5143845123479462,1.3163851865404002
0.5,0.0,323.0,0.5923841695876297,1.4451320543065658
0.5,0.0,323.0,0.6822114506835166,1.5818715265083012
0.5,0.0,323.0,0.785659859492348,1.7264594878474286
0.5,0.0,323.0,0.9047948611813732,1.8786709521598908
0.5,0.0,323.0,1.0419951215901386,2.0382026793355608
0.5,0.0,323.0,1.2,2.2960366213942236
0.5,100.0,273.0,0.001,0.025109527838145854
0.5,100.0,273.0,0.0013130324344878836,0.03280863125172258
0.5,100.0,273.0,0.0017240541740171785,0.04280935619274196
0.5,100.0,273.0,0.0022637390492987737,0.055762518990539967
0.5,100.0,273.0,0.002972362794946059,0.07248119385669093
0.5,100.0,273.0,0.003902808756829234,0.09396963105540891
0.5,100.0,273.0,0.00512451448332012,0.12145168303147362
0.5,100.0,273.0,0.0067286537276022365,0.15639547854990968
0.5,100.0,273.0,0.008834940584779547,0.20052944223586416
0.5,100.0,273.0,0.01160056354458889,0.25584274742334095
0.5,100.0,273.0,0.015231916192382951,0.32456136215743076
0.5,100.0,273.0,0.020000000000000004,0.409090038112331
0.5,100.0,273.0,0.02303273739264226,0.45995457825418784
0.5,100.0,273.0,0.026525349589921046,0.5160800519434302
0.5,100.0,273.0,0.030547570567634134,0.5777989482229668
0.5,100.0,273.0,0.03517970854337624,0.6802345742079644
0.5,100.0,273.0,0.04051424942146391,0.7572050709355526
0.5,100.0,273.0,0.04665770337922934,0.8407415240748307
0.5,100.0,273.0,0.05373273146387932,0.9310423468044273
0.5,100.0,273.0,0.061880594659844954,1.0282560413250403
0.5,100.0,273.0,0.07126397432503748,1.1324747750852726
0.5,100.0,273.0,0.08207022030922942,1.2437290604908906
0.5,100.0,273.0,0.09451509160693887,1.3619838888378586
0.5,100.0,273.0,0.10884706423120744,1.4871366249083318
0.5,100.0,273.0,0.12535229231987327,1.6190168904182476
0.5,100.0,273.0,0.1443603215284684,1.757388554639597
0.5,100.0,273.0,0.1662506687841307,1.9019538171607302
0.5,100.0,273.0,0.1914603997728015,2.052359224536549
0.5,100.0,273.0,0.22049285545286207,2.208203326806773
0.5,100.0,273.0,0.25392770182998,2.3690455692361945
0.5,100.0,273.0,0.2924325036483547,2.5344159435399174
0.5,100.0,273.0,0.33677605308027264,2.813907605661457
0.5,100.0,273.0,0.3878437195364236,2.995024971792558
0.5,100.0,273.0,0.44665512707340205,3.1794406762114384
0.5,100.0,273.0,0.5143845123479462,3.807056991683052
0.5,100.0,273.0,0.5923841695876297,4.0188804291598075
0.5,100.0,273.0,0.6822114506835166,4.231925175114284
0.5,100.0,273.0,0.785659859492348,4.4455953277692535
0.5,100.0,273.0,0.9047948611813732,4.659331358747153
0.5,100.0,273.0,1.0419951215901386,4.872614371113115
0.5,100.0,273.0,1.2,5.084969251902453
0.5,100.0,298.0,0.001,0.009943960463716855
0.5,100.0,298.0,0.0013130324344878836,0.013032749248485053
0.5,100.0,298.0,0.0017240541740171785,0.01707152809701958
0.5,100.0,298.0,0.0022637390492987737,0.022346000353205966
0.5,100.0,298.0,0.002972362794946059,0.02922350269591747
0.5,100.0,298.0,0.003902808756829234,0.03817363083119045
0.5,100.0,298.0,0.00512451448332012,0.04979249374987048
0.5,100.0,298.0,0.0067286537276022365,0.06483036397727272
0.5,100.0,298.0,0.008834940584779547,0.08422194404840348
0.5,100.0,298.0,0.01160056354458889,0.10911768535211505
0.5,100.0,298.0,0.015231916192382951,0.14091351368306604
0.5,100.0,298.0,0.020000000000000004,0.18127485569854704
0.5,100.0,298.0,0.02303273739264226,0.20620214547531887
0.5,100.0,298.0,0.026525349589921046,0.2342511819530604
0.5,100.0,298.0,0.030547570567634134,0.2657419810806809
0.5,100.0,298.0,0.03517970854337624,0.3010118956418995
0.5,100.0,298.0,0.04051424942146391,0.3404131148726487
0.5,100.0,298.0,0.04665770337922934,0.3843092869133315
0.5,100.0,298.0,0.05373273146387932,0.43307120203495575
0.5,100.0,298.0,0.061880594659844954,0.4870715137779783
0.5,100.0,298.0,0.07126397432503748,0.546678525481944
0.5,100.0,298.0,0.08207022030922942,0.6122491283271287
0.5,100.0,298.0,0.09451509160693887,0.7187334361042512
0.5,100.0,298.0,0.10884706423120744,0.8003010438650506
0.5,100.0,298.0,0.12535229231987327,0.8888674476631668
0.5,100.0,298.0,0.1443603215284684,0.9846498280444926
0.5,100.0,298.0,0.1662506687841307,1.0878123516258846
0.5,100.0,298.0,0.1914603997728015,1.1984590942013478
0.5,100.0,298.0,0.22049285545286207,1.3166281088113925
0.5,100.0,298.0,0.25392770182998,1.4422870232302323
0.5,100.0,298.0,0.2924325036483547,1.575330505846653
0.5,100.0,298.0,0.33677605308027264,1.7155798561064663
0.5,100.0,298.0,0.3878437195364236,1.862784858242144
0.5,100.0,298.0,0.44665512707340205,2.016627894059256
0.5,100.0,298.0,0.5143845123479462,2.1767301571035955
0.5,100.0,298.0,0.5923841695876297,2.439548182980062
0.5,100.0,298.0,0.6822114506835166,2.6183002312951715
0.5,100.0,298.0,0.785659859492348,2.8022405508900574
0.5,100.0,298.0,0.9047948611813732,2.990793736342576
0.5,100.0,298.0,1.0419951215901386,3.5985350301121475
0.5,100.0,298.0,1.2,3.8181440865331426
0.5,100.0,323.0,0.001,0.004524939076960347
0.5,100.0,323.0,0.0013130324344878836,0.0059367581348339265
0.5,100.0,323.0,0.0017240541740171785,0.007787205958857639
0.5,100.0,323.0,0.0022637390492987737,0.010211233968809125
0.5,100.0,323.0,0.002972362794946059,0.013384391605418083
0.5,100.0,323.0,0.003902808756829234,0.017534412087909467
0.5,100.0,323.0,0.00512451448332012,0.02295569185991573
0.5,100.0,323.0,0.0067286537276022365,0.030027126579690238
0.5,100.0,323.0,0.008834940584779547,0.03923367972324371
0.5,100.0,323.0,0.01160056354458889,0.051191857196446686
0.5,100.0,323.0,0.015231916192382951,0.06667889700052393
0.5,100.0,323.0,0.020000000000000004,0.08666491002740691
0.5,100.0,323.0,0.02303273739264226,0.09918203125826629
0.5,100.0,323.0,0.026525349589921046,0.11341886723110911
0.5,100.0,323.0,0.030547570567634134,0.12958852061015408
0.5,100.0,323.0,0.03517970854337624,0.14792483878389137
0.5,100.0,323.0,0.04051424942146391,0.16868312160720791
0.5,100.0,323.0,0.04665770337922934,0.19214052251869632
0.5,100.0,323.0,0.05373273146387932,0.21859605054323636
0.5,100.0,323.0,0.061880594659844954,0.24837006941951278
0.5,100.0,323.0,0.07126397432503748,0.28180318181643743
0.5,100.0,323.0,0.08207022030922942,0.3192543836933979
0.5,100.0,323.0,0.09451509160693887,0.3610983789585805
0.5,100.0,323.0,0.10884706423120744,0.407721960179742
0.5,100.0,323.0,0.12535229231987327,0.4595193890086671
0.5,100.0,323.0,0.1443603215284684,0.5168867507714028
0.5,100.0,323.0,0.1662506687841307,0.5802153103000448
0.5,100.0,323.0,0.1914603997728015,0.6815128174815509
0.5,100.0,323.0,0.22049285545286207,0.7607961506285383
0.5,100.0,323.0,0.25392770182998,0.8472298829574869
0.5,100.0,323.0,0.2924325036483547,0.9410939736304278
0.5,100.0,323.0,0.33677605308027264,1.042620293587792
0.5,100.0,323.0,0.3878437195364236,1.1519841941246793
0.5,100.0,323.0,0.44665512707340205,1.2692968585346316
0.5,100.0,323.0,0.5143845123479462,1.3945988614765779
0.5,100.0,323.0,0.5923841695876297,1.5278553489137359
0.5,100.0,323.0,0.6822114506835166,1.6689532021734688
0.5,100.0,323.0,0.785659859492348,1.8177004605739244
0.5,100.0,323.0,0.9047948611813732,1.9738281517994996
0.5,100.0,323.0,1.0419951215901386,2.2280483527164727
0.5,100.0,323.0,1.2,2.4049282600148265
0.5,200.0,273.0,0.001,0.03231853134871974
0.5,200.0,273.0,0.0013130324344878836,0.04207524989416095
0.5,200.0,273.0,0.0017240541740171785,0.054660572967826046
0.5,200.0,273.0,0.0022637390492987737,0.07083024287496244
0.5,200.0,273.0,0.002972362794946059,0.09151085842514202
0.5,200.0,273.0,0.003902808756829234,0.1178252452313196
0.5,200.0,273.0,0.00512451448332012,0.15111553205562572
0.5,200.0,273.0,0.0067286537276022365,0.19295958544809333
0.5,200.0,273.0,0.008834940584779547,0.24517433165500163
0.5,200.0,273.0,0.01160056354458889,0.30979784393707016
0.5,200.0,273.0,0.015231916192382951,0.38904199125430167
0.5,200.0,273.0,0.020000000000000004,0.48520977321112163
0.5,200.0,273.0,0.02303273739264226,0.5424821095728655
0.5,200.0,273.0,0.026525349589921046,0.6052194150874215
0.5,200.0,273.0,0.030547570567634134,0.7103955886061992
0.5,200.0,273.0,0.03517970854337624,0.7882723157573239
0.5,200.0,273.0,0.04051424942146391,0.8724622197798699
0.5,200.0,273.0,0.04665770337922934,0.9631312574752926
0.5,200.0,273.0,0.05373273146387932,1.060401133665892
0.5,200.0,273.0,0.061880594659844954,1.1643445105213832
0.5,200.0,273.0,0.07126397432503748,1.2749811013208079
0.5,200.0,273.0,0.08207022030922942,1.3922748733262613
0.5,200.0,273.0,0.09451509160693887,1.5161325482947376
0.5,200.0,273.0,0.10884706423120744,1.6464035357058895
0.5,200.0,273.0,0.12535229231987327,1.7828813663731997
0.5,200.0,273.0,0.1443603215284684,1.925306617743586
0.5,200.0,273.0,0.1662506687841307,2.073371243100693
0.5,200.0,273.0,0.1914603997728015,2.2267241418953883
0.5,200.0,273.0,0.22049285545286207,2.384977744154956
0.5,200.0,273.0,0.25392770182998,2.6598395909825365
0.5,200.0,273.0,0.2924325036483547,2.8359060185940628
0.5,200.0,273.0,0.33677605308027264,3.015890635589859
0.5,200.0,273.0,0.3878437195364236,3.1992434824228506
0.5,200.0,273.0,0.44665512707340205,3.3854042911215902
0.5,200.0,273.0,0.5143845123479462,4.011878032355904
0.5,200.0,273.0,0.5923841695876297,4.221875847092826
0.5,200.0,273.0,0.6822114506835166,4.4327489238072175
0.5,200.0,273.0,0.785659859492348,4.643956937141398
0.5,200.0,273.0,0.9047948611813732,4.8549941898531515
0.5,200.0,273.0,1.0419951215901386,5.065393229639228
0.5,200.0,273.0,1.2,5.2747273727957475
0.5,200.0,298.0,0.001,0.012334340599388413
0.5,200.0,298.0,0.0013130324344878836,0.016145966871771247
0.5,200.0,298.0,0.0017240541740171785,0.021116850502087618
0.5,200.0,298.0,0.0022637390492987737,0.02758746377971735
0.5,200.0,298.0,0.002972362794946059,0.03599092648175229
0.5,200.0,298.0,0.003902808756829234,0.0468741862588251
0.5,200.0,298.0,0.00512451448332012,0.0609221188357235
0.5,200.0,298.0,0.0067286537276022365,0.07898412007177358
0.5,200.0,298.0,0.008834940584779547,0.10210226113536608
0.5,200.0,298.0,0.01160056354458889,0.13153923501830725
0.5,200.0,298.0,0.015231916192382951,0.1688029365028591
0.5,200.0,298.0,0.020000000000000004,0.21566250951182028
0.5,200.0,298.0,0.02303273739264226,0.24439285117433104
0.5,200.0,298.0,0.026525349589921046,0.27655289691202756
0.5,200.0,298.0,0.030547570567634134,0.3124672002403825
0.5,200.0,298.0,0.03517970854337624,0.3524732105816474
0.5,200.0,298.0,0.04051424942146391,0.39691784806848424
0.5,200.0,298.0,0.04665770337922934,0.4461532392821151
0.5,200.0,298.0,0.05373273146387932,0.5005316298849193
0.5,200.0,298.0,0.061880594659844954,0.5603995348565031
0.5,200.0,298.0,0.07126397432503748,0.6586110103692526
0.5,200.0,298.0,0.08207022030922942,0.7336207842784216
0.5,200.0,298.0,0.09451509160693887,0.8151627706379391
0.5,200.0,298.0,0.10884706423120744,0.9034722378799591
0.5,200.0,298.0,0.12535229231987327,0.9987429028075878
0.5,200.0,298.0,0.1443603215284684,1.1011205599641942
0.5,200.0,298.0,0.1662506687841307,1.2106973862825292
0.5,200.0,298.0,0.1914603997728015,1.3275072113904027
0.5,200.0,298.0,0.22049285545286207,1.4515220260654753
0.5,200.0,298.0,0.25392770182998,1.5826499598639803
0.5,200.0,298.0,0.2924325036483547,1.7207348953454435
0.5,200.0,298.0,0.33677605308027264,1.8655578050835961
0.5,200.0,298.0,0.3878437195364236,2.0168398058155765
0.5,200.0,298.0,0.44665512707340205,2.1742468301536637
0.5,200.0,298.0,0.5143845123479462,2.44049721197891
0.5,200.0,298.0,0.5923841695876297,2.6175776113154474
0.5,200.0,298.0,0.6822114506835166,2.799924566996202
0.5,200.0,298.0,0.785659859492348,2.986981581588345
0.5,200.0,298.0,0.9047948611813732,3.178160252389404
0.5,200.0,298.0,1.0419951215901386,3.7891553050344196
0.5,200.0,298.0,1.2,4.007995010746262
0.5,200.0,323.0,0.001,0.0054389748350848945
0.5,200.0,323.0,0.0013130324344878836,0.007132890495859849
0.5,200.0,323.0,0.0017240541740171785,0.009350919342832224
0.5,200.0,323.0,0.0022637390492987737,0.012252842866136465
0.5,200.0,323.0,0.002972362794946059,0.016045548464828988
0.5,200.0,323.0,0.003902808756829234,0.020995884362422924
0.5,200.0,323.0,0.00512451448332012,0.027446403118458494
0.5,200.0,323.0,0.0067286537276022365,0.03583430559929838
0.5,200.0,323.0,0.008834940584779547,0.04671375989360029
0.5,200.0,323.0,0.01160056354458889,0.06078154161108243
0.5,200.0,323.0,0.015231916192382951,0.07890559433829154
0.5,200.0,323.0,0.020000000000000004,0.10215557956640846
0.5,200.0,323.0,0.02303273739264226,0.11664632211781603
0.5,200.0,323.0,0.026525349589921046,0.13306870165988074
0.5,200.0,323.0,0.030547570567634134,0.15165082530884386
0.5,200.0,323.0,0.03517970854337624,0.17264121732720536
0.5,200.0,323.0,0.04051424942146391,0.19630918579793655
0.5,200.0,323.0,0.04665770337922934,0.22294479463457925
0.5,200.0,323.0,0.05373273146387932,0.25285833439921584
0.5,200.0,323.0,0.061880594659844954,0.2863791808059417
0.5,200.0,323.0,0.07126397432503748,0.3238539328197781
0.5,200.0,323.0,0.08207022030922942,0.36564373472101847
0.5,200.0,323.0,0.09451509160693887,0.4121207094123552
0.5,200.0,323.0,0.10884706423120744,0.4636634635934254
0.5,200.0,323.0,0.12535229231987327,0.5206516680801249
0.5,200.0,323.0,0.1443603215284684,0.5834597662948054
0.5,200.0,323.0,0.1662506687841307,0.684399649076168
0.5,200.0,323.0,0.1914603997728015,0.7630104290426123
0.5,200.0,323.0,0.22049285545286207,0.8485668481332825
0.5,200.0,323.0,0.25392770182998,0.9413300219946761
0.5,200.0,323.0,0.2924325036483547,1.041516772484603
0.5,200.0,323.0,0.33677605308027264,1.1492924211549427
0.5,200.0,323.0,0.3878437195364236,1.2647642847020533
0.5,200.0,323.0,0.44665512707340205,1.3879762043929758
0.5,200.0,323.0,0.5143845123479462,1.5189044239563663
0.5,200.0,323.0,0.5923841695876297,1.6574550853959897
0.5,200.0,323.0,0.6822114506835166,1.8034635410170374
0.5,200.0,323.0,0.785659859492348,1.9566955878771557
0.5,200.0,323.0,0.9047948611813732,2.211582550302409
0.5,200.0,323.0,1.0419951215901386,2.3862107784908844
0.5,200.0,323.0,1.2,2.567435423393949
0.5,300.0,273.0,0.001,0.05359971635814383
0.5,300.0,273.0,0.0013130324344878836,0.06894938597158891
0.5,300.0,273.0,0.0017240541740171785,0.08834782846981615
0.5,300.0,273.0,0.0022637390492987737,0.11271826879501169
0.5,300.0,273.0,0.002972362794946059,0.14314261731407313
0.5,300.0,273.0,0.003902808756829234,0.18086901601048
0.5,300.0,273.0,0.00512451448332012,0.22730970379493023
0.5,300.0,273.0,0.0067286537276022365,0.28402584784644447
0.5,300.0,273.0,0.008834940584779547,0.3526977417902143
0.5,300.0,273.0,0.01160056354458889,0.4350809602002239
0.5,300.0,273.0,0.015231916192382951,0.5329505790838533
0.5,300.0,273.0,0.020000000000000004,0.6833949098662249
0.5,300.0,273.0,0.02303273739264226,0.753707729079172
0.5,300.0,273.0,0.026525349589921046,0.8293348627200112
0.5,300.0,273.0,0.030547570567634134,0.9104379196930978
0.5,300.0,273.0,0.03517970854337624,0.9971582456084574
0.5,300.0,273.0,0.04051424942146391,1.0896142000223
0.5,300.0,273.0,0.04665770337922934,1.1878982543960186
0.5,300.0,273.0,0.05373273146387932,1.2920739278375137
0.5,300.0,273.0,0.061880594659844954,1.402172626000525
0.5,300.0,273.0,0.07126397432503748,1.5181905063995538
0.5,300.0,273.0,0.08207022030922942,1.6400855523666973
0.5,300.0,273.0,0.09451509160693887,1.767775086871007
0.5,300.0,273.0,0.10884706423120744,1.9011339847965978
0.5,300.0,273.0,0.12535229231987327,2.0399938383773324
0.5,300.0,273.0,0.1443603215284684,2.2925392286660133
0.5,300.0,273.0,0.1662506687841307,2.451488628100895
0.5,300.0,273.0,0.1914603997728015,2.6155759697194734
0.5,300.0,273.0,0.22049285545286207,2.784382711846111
0.5,300.0,273.0,0.25392770182998,2.957450765948694
0.5,300.0,273.0,0.2924325036483547,3.134290171628591
0.5,300.0,273.0,0.33677605308027264,3.31438745899809
0.5,300.0,273.0,0.3878437195364236,3.497214400455706
0.5,300.0,273.0,0.44665512707340205,3.6822368594283503
0.5,300.0,273.0,0.5143845123479462,3.868923462380539
0.5,300.0,273.0,0.5923841695876297,4.491489289691024
0.5,300.0,273.0,0.6822114506835166,4.697880968080172
0.5,300.0,273.0,0.785659859492348,4.904554832934302
0.5,300.0,273.0,0.9047948611813732,5.111051785093847
0.5,300.0,273.0,1.0419951215901386,5.316943131375678
0.5,300.0,273.0,1.2,5.521832739730794
0.5,300.0,298.0,0.001,0.018772463702954822
0.5,300.0,298.0,0.0013130324344878836,0.024471414528771978
0.5,300.0,298.0,0.0017240541740171785,0.03184074041233275
0.5,300.0,298.0,0.0022637390492987737,0.04133620175068989
0.5,300.0,298.0,0.002972362794946059,0.05352135541030443
0.5,300.0,298.0,0.003902808756829234,0.06908654304651941
0.5,300.0,298.0,0.00512451448332012,0.08886918002106432
0.5,300.0,298.0,0.0067286537276022365,0.11387441480316414
0.5,300.0,298.0,0.008834940584779547,0.1452941553352027
0.5,300.0,298.0,0.01160056354458889,0.18452096284696795
0.5,300.0,298.0,0.015231916192382951,0.23315191033167812
0.5,300.0,298.0,0.020000000000000004,0.2929769871182747
0.5,300.0,298.0,0.02303273739264226,0.3290365805698016
0.5,300.0,298.0,0.026525349589921046,0.36891226576726177
0.5,300.0,298.0,0.030547570567634134,0.4128943822093058
0.5,300.0,298.0,0.03517970854337624,0.4612755407738951
0.5,300.0,298.0,0.04051424942146391,0.514347202730188
0.5,300.0,298.0,0.04665770337922934,0.572395933420898
0.5,300.0,298.0,0.05373273146387932,0.6685953032407511
0.5,300.0,298.0,0.061880594659844954,0.7406766829019078
0.5,300.0,298.0,0.07126397432503748,0.8185930705352243
0.5,300.0,298.0,0.08207022030922942,0.902544183449025
0.5,300.0,298.0,0.09451509160693887,0.9927035742412244
0.5,300.0,298.0,0.10884706423120744,1.089214990145249
0.5,300.0,298.0,0.12535229231987327,1.1921888081808356
0.5,300.0,298.0,0.1443603215284684,1.3016985934420044
0.5,300.0,298.0,0.1662506687841307,1.4177778494418938
0.5,300.0,298.0,0.1914603997728015,1.5404170610381616
0.5,300.0,298.0,0.22049285545286207,1.6695611680966398
0.5,300.0,298.0,0.25392770182998,1.805107643917506
0.5,300.0,298.0,0.2924325036483547,1.9469053762073218
0.5,300.0,298.0,0.33677605308027264,2.1972393479613026
0.5,300.0,298.0,0.3878437195364236,2.360132553470307
0.5,300.0,298.0,0.44665512707340205,2.529002966689791
0.5,300.0,298.0,0.5143845123479462,2.7034312888906613
0.5,300.0,298.0,0.5923841695876297,2.882946824483333
0.5,300.0,298.0,0.6822114506835166,3.0670350508364668
0.5,300.0,298.0,0.785659859492348,3.2551463656937574
0.5,300.0,298.0,0.9047948611813732,3.446705711639463
0.5,300.0,298.0,1.0419951215901386,4.0442442906717195
0.5,300.0,298.0,1.2,4.259764832168386
0.5,300.0,323.0,0.001,0.007672789824812928
0.5,300.0,323.0,0.0013130324344878836,0.010048336897703245
0.5,300.0,323.0,0.0017240541740171785,0.013149348089767273
0.5,300.0,323.0,0.0022637390492987737,0.017190781371784217
0.5,300.0,323.0,0.002972362794946059,0.022447218163769475
0.5,300.0,323.0,0.003902808756829234,0.02926713392996236
0.5,300.0,323.0,0.00512451448332012,0.03808951866183423
0.5,300.0,323.0,0.0067286537276022365,0.049462855692776635
0.5,300.0,323.0,0.008834940584779547,0.06406635795029832
0.5,300.0,323.0,0.01160056354458889,0.08273317651184114
0.5,300.0,323.0,0.015231916192382951,0.10647488867989563
0.5,300.0,323.0,0.020000000000000004,0.13650571946929976
0.5,300.0,323.0,0.02303273739264226,0.15501511238562046
0.5,300.0,323.0,0.026525349589921046,0.17582246181079325
0.5,300.0,323.0,0.030547570567634134,0.19917032760147713
0.5,300.0,323.0,0.03517970854337624,0.22531838269805796
0.5,300.0,323.0,0.04051424942146391,0.25454276005512405
0.5,300.0,323.0,0.04665770337922934,0.2871349055570765
0.5,300.0,323.0,0.05373273146387932,0.3233998843533343
0.5,300.0,323.0,0.061880594659844954,0.36365410535035214
0.5,300.0,323.0,0.07126397432503748,0.4082224489780874
0.5,300.0,323.0,0.08207022030922942,0.4574348052754971
0.5,300.0,323.0,0.09451509160693887,0.5116220514780494
0.5,300.0,323.0,0.10884706423120744,0.5711115196826887
0.5,300.0,323.0,0.12535229231987327,0.6674280450033597
0.5,300.0,323.0,0.1443603215284684,0.7416315875498103
0.5,300.0,323.0,0.1662506687841307,0.8221304732124451
0.5,300.0,323.0,0.1914603997728015,0.9091619291862918
0.5,300.0,323.0,0.22049285545286207,1.0029327288901966
0.5,300.0,323.0,0.25392770182998,1.1036144477053675
0.5,300.0,323.0,0.2924325036483547,1.2113389419451666
0.5,300.0,323.0,0.33677605308027264,1.3261941558360988
0.5,300.0,323.0,0.3878437195364236,1.448220367617938
0.5,300.0,323.0,0.44665512707340205,1.5774069967320468
0.5,300.0,323.0,0.5143845123479462,1.7136901086902572
0.5,300.0,323.0,0.5923841695876297,1.9469596119680368
0.5,300.0,323.0,0.6822114506835166,2.105185456714904
0.5,300.0,323.0,0.785659859492348,2.2705435989854763
0.5,300.0,323.0,0.9047948611813732,2.442697552389892
0.5,300.0,323.0,1.0419951215901386,2.6212424476751797
0.5,300.0,323.0,1.2,2.805710247539653
0.5,400.0,273.0,0.001,0.13110813562670354
0.5,400.0,273.0,0.0013130324344878836,0.1632038113850238
0.5,400.0,273.0,0.0017240541740171785,0.2017659294720079
0.5,400.0,273.0,0.0022637390492987737,0.24764420042862517
0.5,400.0,273.0,0.002972362794946059,0.30167615349190885
0.5,400.0,273.0,0.003902808756829234,0.3646688749095959
0.5,400.0,273.0,0.00512451448332012,0.43739586536038433
0.5,400.0,273.0,0.0067286537276022365,0.5206135977010593
0.5,400.0,273.0,0.008834940584779547,0.6150969011340324
0.5,400.0,273.0,0.01160056354458889,0.757353169010066
0.5,400.0,273.0,0.015231916192382951,0.8823760921505698
0.5,400.0,273.0,0.020000000000000004,1.0214783462967574
0.5,400.0,273.0,0.02303273739264226,1.09949547632863
0.5,400.0,273.0,0.026525349589921046,1.1817614382485713
0.5,400.0,273.0,0.030547570567634134,1.2684473450894154
0.5,400.0,273.0,0.03517970854337624,1.3597237025653206
0.5,400.0,273.0,0.04051424942146391,1.4557551375593591
0.5,400.0,273.0,0.04665770337922934,1.556694480928417
0.5,400.0,273.0,0.05373273146387932,1.6626764519724562
0.5,400.0,273.0,0.061880594659844954,1.8825007822694588
0.5,400.0,273.0,0.07126397432503748,2.007777958849002
0.5,400.0,273.0,0.08207022030922942,2.1386173655578995
0.5,400.0,273.0,0.09451509160693887,2.274945318856502
0.5,400.0,273.0,0.10884706423120744,2.416637169385985
0.5,400.0,273.0,0.12535229231987327,2.5635161417984063
0.5,400.0,273.0,0.1443603215284684,2.7153536532997684
0.5,400.0,273.0,0.1662506687841307,2.8718711593900608
0.5,400.0,273.0,0.1914603997728015,3.0327435015531856
0.5,400.0,273.0,0.22049285545286207,3.1976036588030157
0.5,400.0,273.0,0.25392770182998,3.3660487373959933
0.5,400.0,273.0,0.2924325036483547,3.5376469745297117
0.5,400.0,273.0,0.33677605308027264,3.711945485842768
0.5,400.0,273.0,0.3878437195364236,3.8884784558983956
0.5,400.0,273.0,0.44665512707340205,4.066775457726654
0.5,400.0,273.0,0.5143845123479462,4.2463695929267224
0.5,400.0,273.0,0.5923841695876297,4.4268051672491415
0.5,400.0,273.0,0.6822114506835166,4.607644655714283
0.5,400.0,273.0,0.785659859492348,5.228227882976061
0.5,400.0,273.0,0.9047948611813732,5.429171436769059
0.5,400.0,273.0,1.0419951215901386,5.6296208416884195
0.5,400.0,273.0,1.2,5.8291633129343055
0.5,400.0,298.0,0.001,0.04052715777174814
0.5,400.0,298.0,0.0013130324344878836,0.0520992571225668
0.5,400.0,298.0,0.0017240541740171785,0.06669203381018927
0.5,400.0,298.0,0.0022637390492987737,0.0849728147824886
0.5,400.0,298.0,0.002972362794946059,0.10771399077539559
0.5,400.0,298.0,0.003902808756829234,0.13579560209891556
0.5,400.0,298.0,0.00512451448332012,0.17020148533721022
0.5,400.0,298.0,0.0067286537276022365,0.21200714474380555
0.5,400.0,298.0,0.008834940584779547,0.26235954902779374
0.5,400.0,298.0,0.01160056354458889,0.3224520213833565
0.5,400.0,298.0,0.015231916192382951,0.39349995916590075
0.5,400.0,298.0,0.020000000000000004,0.4767238000706335
0.5,400.0,298.0,0.02303273739264226,0.5250633749305529
0.5,400.0,298.0,0.026525349589921046,0.5771733156219886
0.5,400.0,298.0,0.030547570567634134,0.6332246480358091
0.5,400.0,298.0,0.03517970854337624,0.7270584318412874
0.5,400.0,298.0,0.04051424942146391,0.7944897113371119
0.5,400.0,298.0,0.04665770337922934,0.8664017401734408
0.5,400.0,298.0,0.05373273146387932,0.9429496170160655
0.5,400.0,298.0,0.061880594659844954,1.024289841856235
0.5,400.0,298.0,0.07126397432503748,1.110579170019033
0.5,400.0,298.0,0.08207022030922942,1.2019725139167348
0.5,400.0,298.0,0.09451509160693887,1.2986198334392756
0.5,400.0,298.0,0.10884706423120744,1.4006620450821712
0.5,400.0,298.0,0.12535229231987327,1.5082260733726762
0.5,400.0,298.0,0.1443603215284684,1.6214192555415816
0.5,400.0,298.0,0.1662506687841307,1.841022978116614
0.5,400.0,298.0,0.1914603997728015,1.9745279042768347
0.5,400.0,298.0,0.22049285545286207,2.1142253590025213
0.5,400.0,298.0,0.25392770182998,2.260007676778347
0.5,400.0,298.0,0.2924325036483547,2.411711091144415
0.5,400.0,298.0,0.33677605308027264,2.569114927094976
0.5,400.0,298.0,0.3878437195364236,2.7319423398896805
0.5,400.0,298.0,0.44665512707340205,2.8998626491156396
0.5,400.0,298.0,0.5143845123479462,3.072495251081095
0.5,400.0,298.0,0.5923841695876297,3.2494150263029424
0.5,400.0,298.0,0.6822114506835166,3.43015909324827
0.5,400.0,298.0,0.785659859492348,3.6142346963325345
0.5,400.0,298.0,0.9047948611813732,3.8011279583363633
0.5,400.0,298.0,1.0419951215901386,3.990313179109932
0.5,400.0,298.0,1.2,4.181262328822828
0.5,400.0,323.0,0.001,0.014363758914722621
0.5,400.0,323.0,0.0013130324344878836,0.018720221969074236
0.5,400.0,323.0,0.0017240541740171785,0.02435010006598081
0.5,400.0,323.0,0.0022637390492987737,0.03159800789941455
0.5,400.0,323.0,0.002972362794946059,0.040887992650387915
0.5,400.0,323.0,0.003902808756829234,0.05273633153117328
0.5,400.0,323.0,0.00512451448332012,0.06776484276569306
0.5,400.0,323.0,0.0067286537276022365,0.08671426157857652
0.5,400.0,323.0,0.008834940584779547,0.11045669898979182
0.5,400.0,323.0,0.01160056354458889,0.14000531268823094
0.5,400.0,323.0,0.015231916192382951,0.17651841072518923
0.5,400.0,323.0,0.020000000000000004,0.22129497058446349
0.5,400.0,323.0,0.02303273739264226,0.2482264346218687
0.5,400.0,323.0,0.026525349589921046,0.2779698398487435
0.5,400.0,323.0,0.030547570567634134,0.3107412328258001
0.5,400.0,323.0,0.03517970854337624,0.3467615273713813
0.5,400.0,323.0,0.04051424942146391,0.3862551911094696
0.5,400.0,323.0,0.04665770337922934,0.4294489434892894
0.5,400.0,323.0,0.05373273146387932,0.4765705035870801
0.5,400.0,323.0,0.061880594659844954,0.5278474071365812
0.5,400.0,323.0,0.07126397432503748,0.5835058874859396
0.5,400.0,323.0,0.08207022030922942,0.6740148461170228
0.5,400.0,323.0,0.09451509160693887,0.7421167946805397
0.5,400.0,323.0,0.10884706423120744,0.815311964867509
0.5,400.0,323.0,0.12535229231987327,0.8937860083072683
0.5,400.0,323.0,0.1443603215284684,0.9777173883753291
0.5,400.0,323.0,0.1662506687841307,1.067276158723011
0.5,400.0,323.0,0.1914603997728015,1.1626221565188244
0.5,400.0,323.0,0.22049285545286207,1.2639024802384493
0.5,400.0,323.0,0.25392770182998,1.371248186763114
0.5,400.0,323.0,0.2924325036483547,1.484770228455855
0.5,400.0,323.0,0.33677605308027264,1.6045547473240556
0.5,400.0,323.0,0.3878437195364236,1.8279401804495425
0.5,400.0,323.0,0.44665512707340205,1.969046833537349
0.5,400.0,323.0,0.5143845123479462,2.116964377802054
0.5,400.0,323.0,0.5923841695876297,2.2715524927135755
0.5,400.0,323.0,0.6822114506835166,2.4326084470909772
0.5,400.0,323.0,0.785659859492348,2.5998667562082347
0.5,400.0,323.0,0.9047948611813732,2.773000526787208
0.5,400.0,323.0,1.0419951215901386,2.9516245392892797
0.5,400.0,323.0,1.2,3.135300047717305
0.5,500.0,273.0,0.001,0.4293136705794122
0.5,500.0,273.0,0.0013130324344878836,0.49751819491781557
0.5,500.0,273.0,0.0017240541740171785,0.5712223899983957
0.5,500.0,273.0,0.0022637390492987737,0.6501465628615732
0.5,500.0,273.0,0.002972362794946059,0.7341009555854878
0.5,500.0,273.0,0.003902808756829234,0.8230616047635391
0.5,500.0,273.0,0.00512451448332012,0.952083758300256
0.5,500.0,273.0,0.0067286537276022365,1.055101857310011
0.5,500.0,273.0,0.008834940584779547,1.1647651476612562
0.5,500.0,273.0,0.01160056354458889,1.282263642018764
0.5,500.0,273.0,0.015231916192382951,1.5218427437589108
0.5,500.0,273.0,0.020000000000000004,1.6720812553944755
0.5,500.0,273.0,0.02303273739264226,1.754816064000705
0.5,500.0,273.0,0.026525349589921046,1.8411566097179737
0.5,500.0,273.0,0.030547570567634134,1.9313297302953552
0.5,500.0,273.0,0.03517970854337624,2.025557265764
0.5,500.0,273.0,0.04051424942146391,2.124049857024676
0.5,500.0,273.0,0.04665770337922934,2.227000379515425
0.5,500.0,273.0,0.05373273146387932,2.3345772422207873
0.5,500.0,273.0,0.061880594659844954,2.4469178113505627
0.5,500.0,273.0,0.07126397432503748,2.5641222339472125
0.5,500.0,273.0,0.08207022030922942,2.686247937506231
0.5,500.0,273.0,0.09451509160693887,2.813305066296411
0.5,500.0,273.0,0.10884706423120744,2.9452530834354445
0.5,500.0,273.0,0.12535229231987327,3.0819987212464777
0.5,500.0,273.0,0.1443603215284684,3.223395403760356
0.5,500.0,273.0,0.1662506687841307,3.3692441984451493
0.5,500.0,273.0,0.1914603997728015,3.519296284115058
0.5,500.0,273.0,0.22049285545286207,3.673256853393847
0.5,500.0,273.0,0.25392770182998,3.830790305479357
0.5,500.0,273.0,0.2924325036483547,3.9915265317208513
0.5,500.0,273.0,0.33677605308027264,4.155068054986011
0.5,500.0,273.0,0.3878437195364236,4.320997755175123
0.5,500.0,273.0,0.44665512707340205,4.488886897877195
0.5,500.0,273.0,0.5143845123479462,4.6583031808193605
0.5,500.0,273.0,0.5923841695876297,4.828818522907425
0.5,500.0,273.0,0.6822114506835166,5.000016342645877
0.5,500.0,273.0,0.785659859492348,5.604284031873615
0.5,500.0,273.0,0.9047948611813732,5.798159918766168
0.5,500.0,273.0,1.0419951215901386,5.991570052546628
0.5,500.0,273.0,1.2,6.1841030664855525
0.5,500.0,298.0,0.001,0.13175665259194
0.5,500.0,298.0,0.0013130324344878836,0.16313726341044585
0.5,500.0,298.0,0.0017240541740171785,0.20042982920694186
0.5,500.0,298.0,0.0022637390492987737,0.24422905036121256
0.5,500.0,298.0,0.002972362794946059,0.29503930392718564
0.5,500.0,298.0,0.003902808756829234,0.3532471619809518
0.5,500.0,298.0,0.00512451448332012,0.4191137183460216
0.5,500.0,298.0,0.0067286537276022365,0.49279376334758634
0.5,500.0,298.0,0.008834940584779547,0.574383840444711
0.5,500.0,298.0,0.01160056354458889,0.6639948002678076
0.5,500.0,298.0,0.015231916192382951,0.7618383291276135
0.5,500.0,298.0,0.020000000000000004,0.9032066361232021
0.5,500.0,298.0,0.02303273739264226,0.9641238970855369
0.5,500.0,298.0,0.026525349589921046,1.0276685275001476
0.5,500.0,298.0,0.030547570567634134,1.0939885430615681
0.5,500.0,298.0,0.03517970854337624,1.1632548201182469
0.5,500.0,298.0,0.04051424942146391,1.2356596932322403
0.5,500.0,298.0,0.04665770337922934,1.3114147136698742
0.5,500.0,298.0,0.05373273146387932,1.4922103647587295
0.5,500.0,298.0,0.061880594659844954,1.5824093680068965
0.5,500.0,298.0,0.07126397432503748,1.6768360148189432
0.5,500.0,298.0,0.08207022030922942,1.7756888285553227
0.5,500.0,298.0,0.09451509160693887,1.8791606144823
0.5,500.0,298.0,0.10884706423120744,1.9874323028601768
0.5,500.0,298.0,0.12535229231987327,2.1006663245297363
0.5,500.0,298.0,0.1443603215284684,2.218999777650349
0.5,500.0,298.0,0.1662506687841307,2.3425376815806027
0.5,500.0,298.0,0.1914603997728015,2.471346630772308
0.5,500.0,298.0,0.22049285545286207,2.60544915628455
0.5,500.0,298.0,0.25392770182998,2.7448190762042306
0.5,500.0,298.0,0.2924325036483547,2.889378072406956
0.5,500.0,298.0,0.33677605308027264,3.038993674845028
0.5,500.0,298.0,0.3878437195364236,3.193478771524256
0.5,500.0,298.0,0.44665512707340205,3.3525926974689817
0.5,500.0,298.0,0.5143845123479462,3.5160438927155746
0.5,500.0,298.0,0.5923841695876297,3.683494059432924
0.5,500.0,298.0,0.6822114506835166,3.8545636920568382
0.5,500.0,298.0,0.785659859492348,4.028838801827628
0.5,500.0,298.0,0.9047948611813732,4.205878608833329
0.5,500.0,298.0,1.0419951215901386,4.385223932221921
0.5,500.0,298.0,1.2,4.566405975515081
0.5,500.0,323.0,0.001,0.03993008196132016
0.5,500.0,323.0,0.0013130324344878836,0.051205566815340255
0.5,500.0,323.0,0.0017240541740171785,0.06535389432077338
0.5,500.0,323.0,0.0022637390492987737,0.08297356666571563
0.5,500.0,323.0,0.002972362794946059,0.1047399824197835
0.5,500.0,323.0,0.003902808756829234,0.13139858158614312
0.5,500.0,323.0,0.00512451448332012,0.16374965992735185
0.5,500.0,323.0,0.0067286537276022365,0.20262365362207693
0.5,500.0,323.0,0.008834940584779547,0.24884848906383242
0.5,500.0,323.0,0.01160056354458889,0.3032143876710801
0.5,500.0,323.0,0.015231916192382951,0.3664448585741578
0.5,500.0,323.0,0.020000000000000004,0.4391839100314218
0.5,500.0,323.0,0.02303273739264226,0.48082736539238097
0.5,500.0,323.0,0.026525349589921046,0.5252574656667196
0.5,500.0,323.0,0.030547570567634134,0.572550008807397
0.5,500.0,323.0,0.03517970854337624,0.6227833982811586
0.5,500.0,323.0,0.04051424942146391,0.6760415138248684
0.5,500.0,323.0,0.04665770337922934,0.7625785575936795
0.5,500.0,323.0,0.05373273146387932,0.8246136447504303
0.5,500.0,323.0,0.061880594659844954,0.8900056854501507
0.5,500.0,323.0,0.07126397432503748,0.9588789718825965
0.5,500.0,323.0,0.08207022030922942,1.0313758881303043
0.5,500.0,323.0,0.09451509160693887,1.107657336043141
0.5,500.0,323.0,0.10884706423120744,1.1879021135786927
0.5,500.0,323.0,0.12535229231987327,1.2723051797162919
0.5,500.0,323.0,0.1443603215284684,1.453725200546302
0.5,500.0,323.0,0.1662506687841307,1.5542822364175353
0.5,500.0,323.0,0.1914603997728015,1.659979306685446
0.5,500.0,323.0,0.22049285545286207,1.7709833163711246
0.5,500.0,323.0,0.25392770182998,1.8874455962819259
0.5,500.0,323.0,0.2924325036483547,2.0094956346089687
0.5,500.0,323.0,0.33677605308027264,2.137234560932091
0.5,500.0,323.0,0.3878437195364236,2.2707286675159626
0.5,500.0,323.0,0.44665512707340205,2.4100032806802534
0.5,500.0,323.0,0.5143845123479462,2.5550373008704197
0.5,500.0,323.0,0.5923841695876297,2.705758712836455
0.5,500.0,323.0,0.6822114506835166,2.8620413292319635
0.5,500.0,323.0,0.785659859492348,3.023702976723671
0.5,500.0,323.0,0.9047948611813732,3.1905052693535847
0.5,500.0,323.0,1.0419951215901386,3.3621550451085573
0.5,500.0,323.0,1.2,3.53830747252085
0.5,600.0,273.0,0.001,1.1365993489527928
0.5,600.0,273.0,0.0013130324344878836,1.358110667275624
0.5,600.0,273.0,0.0017240541740171785,1.44735298416443
0.5,600.0,273.0,0.0022637390492987737,1.536931881497937
0.5,600.0,273.0,0.002972362794946059,1.6271345828977617
0.5,600.0,273.0,0.003902808756829234,1.7184672822244442
0.5,600.0,273.0,0.00512451448332012,1.8116817558926044
0.5,600.0,273.0,0.0067286537276022365,1.9077989105809214
0.5,600.0,273.0,0.008834940584779547,2.0081237259847495
0.5,600.0,273.0,0.01160056354458889,2.1142447567444878
0.5,600.0,273.0,0.015231916192382951,2.22801127165764
0.5,600.0,273.0,0.020000000000000004,2.3514818522668297
0.5,600.0,273.0,0.02303273739264226,2.4200294762408547
0.5,600.0,273.0,0.026525349589921046,2.4920799767119615
0.5,600.0,273.0,0.030547570567634134,2.5679367767587147
0.5,600.0,273.0,0.03517970854337624,2.6478923561016203
0.5,600.0,273.0,0.04051424942146391,2.7322217276061114
0.5,600.0,273.0,0.04665770337922934,2.8211756330329973
0.5,600.0,273.0,0.05373273146387932,2.914973674595639
0.5,600.0,273.0,0.061880594659844954,3.0137976354996585
0.5,600.0,273.0,0.07126397432503748,3.117785267012203
0.5,600.0,273.0,0.08207022030922942,3.2270248275927913
0.5,600.0,273.0,0.09451509160693887,3.3415506482052697
0.5,600.0,273.0,0.10884706423120744,3.461339965878204
0.5,600.0,273.0,0.12535229231987327,3.5863112159447237
0.5,600.0,273.0,0.1443603215284684,3.7163239057120316
0.5,600.0,273.0,0.1662506687841307,3.8511801142808513
0.5,600.0,273.0,0.1914603997728015,3.9906275818625434
0.5,600.0,273.0,0.22049285545286207,4.134364274392348
0.5,600.0,273.0,0.25392770182998,4.282044241707168
0.5,600.0,273.0,0.2924325036483547,4.433284534470854
0.5,600.0,273.0,0.33677605308027264,4.587672908734664
0.5,600.0,273.0,0.3878437195364236,4.744776027934738
0.5,600.0,273.0,0.44665512707340205,4.904147869203257
0.5,600.0,273.0,0.5143845123479462,5.0653380521551306
0.5,600.0,273.0,0.5923841695876297,5.227899831461439
0.5,600.0,273.0,0.6822114506835166,5.391397527133791
0.5,600.0,273.0,0.785659859492348,5.555413206187881
0.5,600.0,273.0,0.9047948611813732,6.168944293400596
0.5,600.0,273.0,1.0419951215901386,6.354077390125315
0.5,600.0,273.0,1.2,6.538535966775308
0.5,600.0,298.0,0.001,0.5049863456113923
0.5,600.0,298.0,0.0013130324344878836,0.5773547652364102
0.5,600.0,298.0,0.0017240541740171785,0.6537757446216197
0.5,600.0,298.0,0.0022637390492987737,0.7336503113992332
0.5,600.0,298.0,0.002972362794946059,0.8164553422860619
0.5,600.0,298.0,0.003902808756829234,0.9018017239856594
0.5,600.0,298.0,0.00512451448332012,0.9894824119682849
0.5,600.0,298.0,0.0067286537276022365,1.111632148494731
0.5,600.0,298.0,0.008834940584779547,1.3102978945205686
0.5,600.0,298.0,0.01160056354458889,1.4192865174485492
0.5,600.0,298.0,0.015231916192382951,1.531989370747336
0.5,600.0,298.0,0.020000000000000004,1.6491828664062536
0.5,600.0,298.0,0.02303273739264226,1.7120557528813052
0.5,600.0,298.0,0.026525349589921046,1.7766148346691109
0.5,600.0,298.0,0.030547570567634134,1.8430724458222545
0.5,600.0,298.0,0.03517970854337624,1.911663564075362
0.5,600.0,298.0,0.04051424942146391,1.9826441252844247
0.5,600.0,298.0,0.04665770337922934,2.056288549308898
0.5,600.0,298.0,0.05373273146387932,2.132886389611749
0.5,600.0,298.0,0.061880594659844954,2.2127380511725185
0.5,600.0,298.0,0.07126397432503748,2.2961495676219728
0.5,600.0,298.0,0.08207022030922942,2.3834264859243364
0.5,600.0,298.0,0.09451509160693887,2.474866970867948
0.5,600.0,298.0,0.10884706423120744,2.5707543063951372
0.5,600.0,298.0,0.12535229231987327,2.671349030329071
0.5,600.0,298.0,0.1443603215284684,2.776880987533486
0.5,600.0,298.0,0.1662506687841307,2.8875416190174383
0.5,600.0,298.0,0.1914603997728015,3.003476817368076
0.5,600.0,298.0,0.22049285545286207,3.1247806703436143
0.5,600.0,298.0,0.25392770182998,3.251490384787488
0.5,600.0,298.0,0.2924325036483547,3.3835826347532056
0.5,600.0,298.0,0.33677605308027264,3.5209715153084638
0.5,600.0,298.0,0.3878437195364236,3.663508212550218
0.5,600.0,298.0,0.44665512707340205,3.8109824266419974
0.5,600.0,298.0,0.5143845123479462,3.9631255129177525
0.5,600.0,298.0,0.5923841695876297,4.119615239328293
0.5,600.0,298.0,0.6822114506835166,4.280081998078504
0.5,600.0,298.0,0.785659859492348,4.44411625552141
0.5,600.0,298.0,0.9047948611813732,4.611276977537291
0.5,600.0,298.0,1.0419951215901386,4.7811007289316345
0.5,600.0,298.0,1.2,4.953111117293775
0.5,600.0,323.0,0.001,0.15885431962896723
0.5,600.0,323.0,0.0013130324344878836,0.19501625630334943
0.5,600.0,323.0,0.0017240541740171785,0.2373472349692632
0.5,600.0,323.0,0.0022637390492987737,0.28623191581056556
0.5,600.0,323.0,0.002972362794946059,0.3418915593399716
0.5,600.0,323.0,0.003902808756829234,0.40436170492817275
0.5,600.0,323.0,0.00512451448332012,0.47349533183791226
0.5,600.0,323.0,0.0067286537276022365,0.5489952197130833
0.5,600.0,323.0,0.008834940584779547,0.6304735330772184
0.5,600.0,323.0,0.01160056354458889,0.7175312770151655
0.5,600.0,323.0,0.015231916192382951,0.8098470248255182
0.5,600.0,323.0,0.020000000000000004,0.9373216598857307
0.5,600.0,323.0,0.02303273739264226,0.9912701113891209
0.5,600.0,323.0,0.026525349589921046,1.0466586236185826
0.5,600.0,323.0,0.030547570567634134,1.103565590928175
0.5,600.0,323.0,0.03517970854337624,1.2567426718970374
0.5,600.0,323.0,0.04051424942146391,1.3230590528719834
0.5,600.0,323.0,0.04665770337922934,1.3913541221815624
0.5,600.0,323.0,0.05373273146387932,1.4617470624909688
0.5,600.0,323.0,0.061880594659844954,1.5343812345911036
0.5,600.0,323.0,0.07126397432503748,1.609424416424962
0.5,600.0,323.0,0.08207022030922942,1.6870683713517578
0.5,600.0,323.0,0.09451509160693887,1.7675276481758
0.5,600.0,323.0,0.10884706423120744,1.851037521341341
0.5,600.0,323.0,0.12535229231987327,1.9378509926683831
0.5,600.0,323.0,0.1443603215284684,2.0282347989876808
0.5,600.0,323.0,0.1662506687841307,2.1224644052255375
0.5,600.0,323.0,0.1914603997728015,2.2208180105018824
0.5,600.0,323.0,0.22049285545286207,2.3235696540543116
0.5,600.0,323.0,0.25392770182998,2.430981574349674
0.5,600.0,323.0,0.2924325036483547,2.543296042652127
0.5,600.0,323.0,0.33677605308027264,2.660726954420522
0.5,600.0,323.0,0.3878437195364236,2.783451510896679
0.5,600.0,323.0,0.44665512707340205,2.911602352822082
0.5,600.0,323.0,0.5143845123479462,3.0452605141447258
0.5,600.0,323.0,0.5923841695876297,3.1844495443760565
0.5,600.0,323.0,0.6822114506835166,3.32913110540719
0.5,600.0,323.0,0.785659859492348,3.479202286106844
0.5,600.0,323.0,0.9047948611813732,3.634494801516183
0.5,600.0,323.0,1.0419951215901386,3.7947761589624647
0.5,600.0,323.0,1.2,3.9597527863229938
0.5,700.0,273.0,0.001,2.1741037183782725
0.5,700.0,273.0,0.0013130324344878836,2.2294966008927486
0.5,700.0,273.0,0.0017240541740171785,2.2847879216193965
0.5,700.0,273.0,0.0022637390492987737,2.3406034599063164
0.5,700.0,273.0,0.002972362794946059,2.3976915922100193
0.5,700.0,273.0,0.003902808756829234,2.4569427809008935
0.5,700.0,273.0,0.00512451448332012,2.5194078866151943
0.5,700.0,273.0,0.0067286537276022365,2.586314417324915
0.5,700.0,273.0,0.008834940584779547,2.659078836256024
0.5,700.0,273.0,0.01160056354458889,2.7393109074120194
0.5,700.0,273.0,0.015231916192382951,2.828803541941881
0.5,700.0,273.0,0.020000000000000004,2.92949983759463
0.5,700.0,273.0,0.02303273739264226,2.9867813078969006
0.5,700.0,273.0,0.026525349589921046,3.047903781099009
0.5,700.0,273.0,0.030547570567634134,3.113146219613785
0.5,700.0,273.0,0.03517970854337624,3.182776649695148
0.5,700.0,273.0,0.04051424942146391,3.2570462052795195
0.5,700.0,273.0,0.04665770337922934,3.336182842964037
0.5,700.0,273.0,0.05373273146387932,3.4203849559829616
0.5,700.0,273.0,0.061880594659844954,3.5098151507543625
0.5,700.0,273.0,0.07126397432503748,3.6045944690783878
0.5,700.0,273.0,0.08207022030922942,3.704797338707885
0.5,700.0,273.0,0.09451509160693887,3.8104475132134525
0.5,700.0,273.0,0.10884706423120744,3.9215152198792684
0.5,700.0,273.0,0.12535229231987327,4.037915675502647
0.5,700.0,273.0,0.1443603215284684,4.159509060248967
0.5,700.0,273.0,0.1662506687841307,4.286101966016458
0.5,700.0,273.0,0.1914603997728015,4.417450264776738
0.5,700.0,273.0,0.22049285545286207,4.553263279472029
0.5,700.0,273.0,0.25392770182998,4.693209088759664
0.5,700.0,273.0,0.2924325036483547,4.836920758747697
0.5,700.0,273.0,0.33677605308027264,4.984003269879337
0.5,700.0,273.0,0.3878437195364236,5.134040894376022
0.5,700.0,273.0,0.44665512707340205,5.28660477780579
0.5,700.0,273.0,0.5143845123479462,5.441260485999137
0.5,700.0,273.0,0.5923841695876297,5.597575294363473
0.5,700.0,273.0,0.6822114506835166,5.755125019437129
0.5,700.0,273.0,0.785659859492348,5.913500221129427
0.5,700.0,273.0,0.9047948611813732,6.512680954500369
0.5,700.0,273.0,1.0419951215901386,6.6932501013980295
0.5,700.0,273.0,1.2,6.873274236259463
0.5,700.0,298.0,0.001,1.4598593789069592
0.5,700.0,298.0,0.0013130324344878836,1.5446916458073294
0.5,700.0,298.0,0.0017240541740171785,1.6278693414148537
0.5,700.0,298.0,0.0022637390492987737,1.7093334524707877
0.5,700.0,298.0,0.002972362794946059,1.7891716658434123
0.5,700.0,298.0,0.003902808756829234,1.8676343282045063
0.5,700.0,298.0,0.00512451448332012,1.945148333879002
0.5,700.0,298.0,0.0067286537276022365,2.0223282908670983
0.5,700.0,298.0,0.008834940584779547,2.099985786734776
0.5,700.0,298.0,0.01160056354458889,2.179138514918406
0.5,700.0,298.0,0.015231916192382951,2.2610204649368777
0.5,700.0,298.0,0.020000000000000004,2.347092137004249
0.5,700.0,298.0,0.02303273739264226,2.3939119796727075
0.5,700.0,298.0,0.026525349589921046,2.4425693530810664
0.5,700.0,298.0,0.030547570567634134,2.4933403947909345
0.5,700.0,298.0,0.03517970854337624,2.546515841119141
0.5,700.0,298.0,0.04051424942146391,2.6023991871899246
0.5,700.0,298.0,0.04665770337922934,2.6613041589322433
0.5,700.0,298.0,0.05373273146387932,2.7235514336915516
0.5,700.0,298.0,0.061880594659844954,2.789464573174589
0.5,700.0,298.0,0.07126397432503748,2.8593651673332747
0.5,700.0,298.0,0.08207022030922942,2.933567230293961
0.5,700.0,298.0,0.09451509160693887,3.0123709384001187
0.5,700.0,298.0,0.10884706423120744,3.09605585347356
0.5,700.0,298.0,0.12535229231987327,3.1848738277988344
0.5,700.0,298.0,0.1443603215284684,3.2790418362727656
0.5,700.0,298.0,0.1662506687841307,3.3787350202317072
0.5,700.0,298.0,0.1914603997728015,3.4840802514740403
0.5,700.0,298.0,0.22049285545286207,3.595150529836028
0.5,700.0,298.0,0.25392770182998,3.7119605111580825
0.5,700.0,298.0,0.2924325036483547,3.8344634247820046
0.5,700.0,298.0,0.33677605308027264,3.962549583417131
0.5,700.0,298.0,0.3878437195364236,4.096046617739813
0.5,700.0,298.0,0.44665512707340205,4.234721488871976
0.5,700.0,298.0,0.5143845123479462,4.378284249395438
0.5,700.0,298.0,0.5923841695876297,4.526393442637257
0.5,700.0,298.0,0.6822114506835166,4.67866295456785
0.5,700.0,298.0,0.785659859492348,4.834670066044698
0.5,700.0,298.0,0.9047948611813732,4.993964398234325
0.5,700.0,298.0,1.0419951215901386,5.156077403719243
0.5,700.0,298.0,1.2,5.320532032822794
0.5,700.0,323.0,0.001,0.6351465756982799
0.5,700.0,323.0,0.0013130324344878836,0.7143577859650321
0.5,700.0,323.0,0.0017240541740171785,0.7962132023666373
0.5,700.0,323.0,0.0022637390492987737,0.8800343441701576
0.5,700.0,323.0,0.002972362794946059,0.9652466881786096
0.5,700.0,323.0,0.003902808756829234,1.0514111789099854
0.5,700.0,323.0,0.00512451448332012,1.2673028669162998
0.5,700.0,323.0,0.0067286537276022365,1.3660125868522202
0.5,700.0,323.0,0.008834940584779547,1.4648255385474176
0.5,700.0,323.0,0.01160056354458889,1.5636283851641697
0.5,700.0,323.0,0.015231916192382951,1.6625413310531878
0.5,700.0,323.0,0.020000000000000004,1.761951366191083
0.5,700.0,323.0,0.02303273739264226,1.8138955879090135
0.5,700.0,323.0,0.026525349589921046,1.8662798797267444
0.5,700.0,323.0,0.030547570567634134,1.9192560033913173
0.5,700.0,323.0,0.03517970854337624,1.9729995185046016
0.5,700.0,323.0,0.04051424942146391,2.0277097940696702
0.5,700.0,323.0,0.04665770337922934,2.083609717653769
0.5,700.0,323.0,0.05373273146387932,2.1409450692413303
0.5,700.0,323.0,0.061880594659844954,2.1999835200958398
0.5,700.0,323.0,0.07126397432503748,2.261013206600163
0.5,700.0,323.0,0.08207022030922942,2.324340816857874
0.5,700.0,323.0,0.09451509160693887,2.3902891168978337
0.5,700.0,323.0,0.10884706423120744,2.4591938376266502
0.5,700.0,323.0,0.12535229231987327,2.531399847408058
0.5,700.0,323.0,0.1443603215284684,2.607256551805447
0.5,700.0,323.0,0.1662506687841307,2.6871124935225543
0.5,700.0,323.0,0.1914603997728015,2.7713091716121134
0.5,700.0,323.0,0.22049285545286207,2.860174156800683
0.5,700.0,323.0,0.25392770182998,2.954013644234611
0.5,700.0,323.0,0.2924325036483547,3.053104649422906
0.5,700.0,323.0,0.33677605308027264,3.1576871103867483
0.5,700.0,323.0,0.3878437195364236,3.2679562023366495
0.5,700.0,323.0,0.44665512707340205,3.3840551955208076
0.5,700.0,323.0,0.5143845123479462,3.5060691895111247
0.5,700.0,323.0,0.5923841695876297,3.634020038019376
0.5,700.0,323.0,0.6822114506835166,3.767862739607371
0.5,700.0,323.0,0.785659859492348,3.9074835152230745
0.5,700.0,323.0,0.9047948611813732,4.052699727831559
0.5,700.0,323.0,1.0419951215901386,4.203261726651524
0.5,700.0,323.0,1.2,4.358856621823188
0.5,800.0,273.0,0.001,2.837816853799532
0.5,800.0,273.0,0.0013130324344878836,2.869842823606961
0.5,800.0,273.0,0.0017240541740171785,2.7992020763322136
0.5,800.0,273.0,0.0022637390492987737,2.8366767165124656
0.5,800.0,273.0,0.002972362794946059,2.876441884613355
0.5,800.0,273.0,0.003902808756829234,2.919347235090948
0.5,800.0,273.0,0.00512451448332012,2.9663920027320003
0.5,800.0,273.0,0.0067286537276022365,3.018734130017419
0.5,800.0,273.0,0.008834940584779547,3.077697729662555
0.5,800.0,273.0,0.01160056354458889,3.1447754719681953
0.5,800.0,273.0,0.015231916192382951,3.221620304059223
0.5,800.0,273.0,0.020000000000000004,3.310019244561588
0.5,800.0,273.0,0.02303273739264226,3.361010330167848
0.5,800.0,273.0,0.026525349589921046,3.415871827326136
0.5,800.0,273.0,0.030547570567634134,3.4748626575832384
0.5,800.0,273.0,0.03517970854337624,3.538232897392636
0.5,800.0,273.0,0.04051424942146391,3.606218338355216
0.5,800.0,273.0,0.04665770337922934,3.679034576239125
0.5,800.0,273.0,0.05373273146387932,3.7568708177151704
0.5,800.0,273.0,0.061880594659844954,3.839883649118918
0.5,800.0,273.0,0.07126397432503748,3.928191057331351
0.5,800.0,273.0,0.08207022030922942,4.021867022275883
0.5,800.0,273.0,0.09451509160693887,4.12093700727913
0.5,800.0,273.0,0.10884706423120744,4.225374652901423
0.5,800.0,273.0,0.12535229231987327,4.441537280738752
0.5,800.0,273.0,0.1443603215284684,4.559146793652097
0.5,800.0,273.0,0.1662506687841307,4.681749703780609
0.5,800.0,273.0,0.1914603997728015,4.809079316316078
0.5,800.0,273.0,0.22049285545286207,4.940823743269943
0.5,800.0,273.0,0.25392770182998,5.076631601016584
0.5,800.0,273.0,0.2924325036483547,5.216118652419101
0.5,800.0,273.0,0.33677605308027264,5.358875154831377
0.5,800.0,273.0,0.3878437195364236,5.504473656612007
0.5,800.0,273.0,0.44665512707340205,5.6524769762587255
0.5,800.0,273.0,0.5143845123479462,5.8024460997970655
0.5,800.0,273.0,0.5923841695876297,5.953947743854101
0.5,800.0,273.0,0.6822114506835166,6.106561354105532
0.5,800.0,273.0,0.785659859492348,6.259885341225331
0.5,800.0,273.0,0.9047948611813732,6.413542397934928
0.5,800.0,273.0,1.0419951215901386,7.007859903024854
0.5,800.0,273.0,1.2,7.1844667107128615
0.5,800.0,298.0,0.001,2.3397965444082622
0.5,800.0,298.0,0.0013130324344878836,2.388747795137721
0.5,800.0,298.0,0.0017240541740171785,2.4368832150570263
0.5,800.0,298.0,0.0022637390492987737,2.4845125608833816
0.5,800.0,298.0,0.002972362794946059,2.531980141506142
0.5,800.0,298.0,0.003902808756829234,2.5796800828711945
0.5,800.0,298.0,0.00512451448332012,2.628078905688432
0.5,800.0,298.0,0.0067286537276022365,2.6777447554845826
0.5,800.0,298.0,0.008834940584779547,2.729381676643993
0.5,800.0,298.0,0.01160056354458889,2.783866511877781
0.5,800.0,298.0,0.015231916192382951,2.8422852204175753
0.5,800.0,298.0,0.020000000000000004,2.9059644948660743
0.5,800.0,298.0,0.02303273739264226,2.9415614213260746
0.5,800.0,298.0,0.026525349589921046,2.9792446075171264
0.5,800.0,298.0,0.030547570567634134,3.0192828883108493
0.5,800.0,298.0,0.03517970854337624,3.0619629659999217
0.5,800.0,298.0,0.04051424942146391,3.1075875839735136
0.5,800.0,298.0,0.04665770337922934,3.156472891159937
0.5,800.0,298.0,0.05373273146387932,3.2089449247808055
0.5,800.0,298.0,0.061880594659844954,3.2653351725096433
0.5,800.0,298.0,0.07126397432503748,3.3259752202588486
0.5,800.0,298.0,0.08207022030922942,3.391190546245563
0.5,800.0,298.0,0.09451509160693887,3.4612935819782056
0.5,800.0,298.0,0.10884706423120744,3.536576221574423
0.5,800.0,298.0,0.12535229231987327,3.6173020170426926
0.5,800.0,298.0,0.1443603215284684,3.7036983435318587
0.5,800.0,298.0,0.1662506687841307,3.7959488503427603
0.5,800.0,298.0,0.1914603997728015,3.8941865270496834
0.5,800.0,298.0,0.22049285545286207,3.9984877072780396
0.5,800.0,298.0,0.25392770182998,4.108867305292327
0.5,800.0,298.0,0.2924325036483547,4.225275534346543
0.5,800.0,298.0,0.33677605308027264,4.34759629434203
0.5,800.0,298.0,0.3878437195364236,4.475647344589222
0.5,800.0,298.0,0.44665512707340205,4.609182300671349
0.5,800.0,298.0,0.5143845123479462,4.747894417418013
0.5,800.0,298.0,0.5923841695876297,4.89142204663461
0.5,800.0,298.0,0.6822114506835166,5.039355591125538
0.5,800.0,298.0,0.785659859492348,5.1912457174183375
0.5,800.0,298.0,0.9047948611813732,5.346612539813913
0.5,800.0,298.0,1.0419951215901386,5.504955449503177
0.5,800.0,298.0,1.2,5.6657632364916655
0.5,800.0,323.0,0.001,1.6770271447372778
0.5,800.0,323.0,0.0013130324344878836,1.7566791802799013
0.5,800.0,323.0,0.0017240541740171785,1.8337108575548382
0.5,800.0,323.0,0.0022637390492987737,1.9081402466727113
0.5,800.0,323.0,0.002972362794946059,1.9800929571042112
0.5,800.0,323.0,0.003902808756829234,2.0497975630753413
0.5,800.0,323.0,0.00512451448332012,2.1175815714458763
0.5,800.0,323.0,0.0067286537276022365,2.1838709996301455
0.5,800.0,323.0,0.008834940584779547,2.249195369472309
0.5,800.0,323.0,0.01160056354458889,2.314198053934861
0.5,800.0,323.0,0.015231916192382951,2.3796505917844546
0.5,800.0,323.0,0.020000000000000004,2.4464694065333714
0.5,800.0,323.0,0.02303273739264226,2.481996539227859
0.5,800.0,323.0,0.026525349589921046,2.518347118471296
0.5,800.0,323.0,0.030547570567634134,2.5557041159605824
0.5,800.0,323.0,0.03517970854337624,2.594265000782675
0.5,800.0,323.0,0.04051424942146391,2.6342423265572235
0.5,800.0,323.0,0.04665770337922934,2.6758641885969756
0.5,800.0,323.0,0.05373273146387932,2.719374484312285
0.5,800.0,323.0,0.061880594659844954,2.765032897208703
0.5,800.0,323.0,0.07126397432503748,2.8131145136415894
0.5,800.0,323.0,0.08207022030922942,2.8639089732676637
0.5,800.0,323.0,0.09451509160693887,2.9177190505770083
0.5,800.0,323.0,0.10884706423120744,2.974858568054789
0.5,800.0,323.0,0.12535229231987327,3.035649553487846
0.5,800.0,323.0,0.1443603215284684,3.1004185763128547
0.5,800.0,323.0,0.1662506687841307,3.1694922313498615
0.5,800.0,323.0,0.1914603997728015,3.2431917820989966
0.5,800.0,323.0,0.22049285545286207,3.321827027872219
0.5,800.0,323.0,0.25392770182998,3.4056895159533416
0.5,800.0,323.0,0.2924325036483547,3.495045277337598
0.5,800.0,323.0,0.33677605308027264,3.5901273175183848
0.5,800.0,323.0,0.3878437195364236,3.691128137425533
0.5,800.0,323.0,0.44665512707340205,3.7981925897221744
0.5,800.0,323.0,0.5143845123479462,3.9114113890878253
0.5,800.0,323.0,0.5923841695876297,4.030815590227709
0.5,800.0,323.0,0.6822114506835166,4.156372324234975
0.5,800.0,323.0,0.785659859492348,4.287982044226208
0.5,800.0,323.0,0.9047948611813732,4.425477477542657
0.5,800.0,323.0,1.0419951215901386,4.5686244172596915
0.5,800.0,323.0,1.2,4.717124412985489
0.7,0.0,273.0,0.001,0.022131310835488274
0.7,0.0,273.0,0.0013130324344878836,0.028949372234534893
0.7,0.0,273.0,0.0017240541740171785,0.03782591856536259
0.7,0.0,273.0,0.0022637390492987737,0.04935468389092359
0.7,0.0,273.0,0.002972362794946059,0.06428324279873578
0.7,0.0,273.0,0.003902808756829234,0.08354272314760323
0.7,0.0,273.0,0.00512451448332012,0.10827778623038033
0.7,0.0,273.0,0.0067286537276022365,0.13987372775547133
0.7,0.0,273.0,0.008834940584779547,0.1799761264963608
0.7,0.0,273.0,0.01160056354458889,0.23049689215275743
0.7,0.0,273.0,0.015231916192382951,0.293599036823163
0.7,0.0,273.0,0.020000000000000004,0.3716514941650781
0.7,0.0,273.0,0.02303273739264226,0.4188206645998789
0.7,0.0,273.0,0.026525349589921046,0.47102801398491334
0.7,0.0,273.0,0.030547570567634134,0.5286183041691404
0.7,0.0,273.0,0.03517970854337624,0.5919236219390738
0.7,0.0,273.0,0.04051424942146391,0.6612559953468681
0.7,0.0,273.0,0.04665770337922934,0.7368995886042732
0.7,0.0,273.0,0.05373273146387932,0.8191027291390172
0.7,0.0,273.0,0.061880594659844954,0.9080700647402077
0.7,0.0,273.0,0.07126397432503748,1.0039551798781396
0.7,0.0,273.0,0.08207022030922942,1.1578557205536095
0.7,0.0,273.0,0.09451509160693887,1.2712653592633159
0.7,0.0,273.0,0.10884706423120744,1.391748274624315
0.7,0.0,273.0,0.12535229231987327,1.5191846972168235
0.7,0.0,273.0,0.1443603215284684,1.6533846722831418
0.7,0.0,273.0,0.1662506687841307,1.794090467981885
0.7,0.0,273.0,0.1914603997728015,1.9409811688290193
0.7,0.0,273.0,0.22049285545286207,2.0936792774881905
0.7,0.0,273.0,0.25392770182998,2.2517590106557877
0.7,0.0,273.0,0.2924325036483547,2.414755861160498
0.7,0.0,273.0,0.33677605308027264,2.58217692224045
0.7,0.0,273.0,0.3878437195364236,2.7535114398092393
0.7,0.0,273.0,0.44665512707340205,2.9282410763017888
0.7,0.0,273.0,0.5143845123479462,3.105849430727586
0.7,0.0,273.0,0.5923841695876297,3.2858304539317733
0.7,0.0,273.0,0.6822114506835166,3.467695512798706
0.7,0.0,273.0,0.785659859492348,3.6509789785383977
0.7,0.0,273.0,0.9047948611813732,3.987220137971824
0.7,0.0,273.0,1.0419951215901386,4.179494616405282
0.7,0.0,273.0,1.2,4.371782742968583
0.7,0.0,298.0,0.001,0.008880251645204775
0.7,0.0,298.0,0.0013130324344878836,0.011643170199037975
0.7,0.0,298.0,0.0017240541740171785,0.015258967676562344
0.7,0.0,298.0,0.0022637390492987737,0.019986203775570265
0.7,0.0,298.0,0.002972362794946059,0.026158605416207133
0.7,0.0,298.0,0.003902808756829234,0.034204795336771496
0.7,0.0,298.0,0.00512451448332012,0.044671860095051995
0.7,0.0,298.0,0.0067286537276022365,0.05825269377960018
0.7,0.0,298.0,0.008834940584779547,0.0758165040988911
0.7,0.0,298.0,0.01160056354458889,0.09844104669514005
0.7,0.0,298.0,0.015231916192382951,0.1274440392139399
0.7,0.0,298.0,0.020000000000000004,0.1644098137010029
0.7,0.0,298.0,0.02303273739264226,0.18731294669673054
0.7,0.0,298.0,0.026525349589921046,0.2131436545248322
0.7,0.0,298.0,0.030547570567634134,0.24221219673378727
0.7,0.0,298.0,0.03517970854337624,0.27484738932286634
0.7,0.0,298.0,0.04051424942146391,0.3113945882161727
0.7,0.0,298.0,0.04665770337922934,0.35221287819063796
0.7,0.0,298.0,0.05373273146387932,0.3976713905593168
0.7,0.0,298.0,0.061880594659844954,0.448144697985387
0.7,0.0,298.0,0.07126397432503748,0.5040072711224141
0.7,0.0,298.0,0.08207022030922942,0.5656270289129576
0.7,0.0,298.0,0.09451509160693887,0.6333580703053293
0.7,0.0,298.0,0.10884706423120744,0.7075327363305592
0.7,0.0,298.0,0.12535229231987327,0.7884532133105375
0.7,0.0,298.0,0.1443603215284684,0.8763829454430888
0.7,0.0,298.0,0.1662506687841307,0.9715381734203768
0.7,0.0,298.0,0.1914603997728015,1.1216500804624672
0.7,0.0,298.0,0.22049285545286207,1.2350387960429883
0.7,0.0,298.0,0.25392770182998,1.3560263004198654
0.7,0.0,298.0,0.2924325036483547,1.484558852937231
0.7,0.0,298.0,0.33677605308027264,1.6205070549782297
0.7,0.0,298.0,0.3878437195364236,1.7636659259186633
0.7,0.0,298.0,0.44665512707340205,1.9137573521949611
0.7,0.0,298.0,0.5143845123479462,2.0704348820303835
0.7,0.0,298.0,0.5923841695876297,2.2332906821709573
0.7,0.0,298.0,0.6822114506835166,2.4018643245461013
0.7,0.0,298.0,0.785659859492348,2.5756529477146737
0.7,0.0,298.0,0.9047948611813732,2.7541222552406506
0.7,0.0,298.0,1.0419951215901386,2.936717780287309
0.7,0.0,298.0,1.2,3.1228758651835715
0.7,0.0,323.0,0.001,0.004088457822275885
0.7,0.0,323.0,0.0013130324344878836,0.005364893274511664
0.7,0.0,323.0,0.0017240541740171785,0.007038463566567826
0.7,0.0,323.0,0.0022637390492987737,0.009231749172257976
0.7,0.0,323.0,0.002972362794946059,0.012104475699483787
0.7,0.0,323.0,0.003902808756829234,0.015864290092336118
0.7,0.0,323.0,0.00512451448332012,0.020780337246225716
0.7,0.0,323.0,0.0067286537276022365,0.0272001489967417
0.7,0.0,323.0,0.008834940584779547,0.03557030834800592
0.7,0.0,323.0,0.01160056354458889,0.04646119041738749
0.7,0.0,323.0,0.015231916192382951,0.06059574956024219
0.7,0.0,323.0,0.020000000000000004,0.0788817559609667
0.7,0.0,323.0,0.02303273739264226,0.09035802986569524
0.7,0.0,323.0,0.026525349589921046,0.10343162049065119
0.7,0.0,323.0,0.030547570567634134,0.11830490522058831
0.7,0.0,323.0,0.03517970854337624,0.13520075432408812
0.7,0.0,323.0,0.04051424942146391,0.15436336080243093
0.7,0.0,323.0,0.04665770337922934,0.17605879417530798
0.7,0.0,323.0,0.05373273146387932,0.200575195230589
0.7,0.0,323.0,0.061880594659844954,0.22822251976509916
0.7,0.0,323.0,0.07126397432503748,0.25933173198451565
0.7,0.0,323.0,0.08207022030922942,0.29425334386710694
0.7,0.0,323.0,0.09451509160693887,0.33335519722632984
0.7,0.0,323.0,0.10884706423120744,0.3770193925581343
0.7,0.0,323.0,0.12535229231987327,0.42563828519871844
0.7,0.0,323.0,0.1443603215284684,0.4796094966127718
0.7,0.0,323.0,0.1662506687841307,0.5393299276237821
0.7,0.0,323.0,0.1914603997728015,0.6051888105554358
0.7,0.0,323.0,0.22049285545286207,0.6775598964466212
0.7,0.0,323.0,0.25392770182998,0.7567929381154184
0.7,0.0,323.0,0.2924325036483547,0.843204695223636
0.7,0.0,323.0,0.33677605308027264,0.9783428548867
0.7,0.0,323.0,0.3878437195364236,1.0830432032631852
0.7,0.0,323.0,0.44665512707340205,1.195694073064287
0.7,0.0,323.0,0.5143845123479462,1.3163851865404002
0.7,0.0,323.0,0.5923841695876297,1.4451320543065658
0.7,0.0,323.0,0.6822114506835166,1.5818715265083012
0.7,0.0,323.0,0.785659859492348,1.7264594878474286
0.7,0.0,323.0,0.9047948611813732,1.8786709521598908
0.7,0.0,323.0,1.0419951215901386,2.0382026793355608
0.7,0.0,323.0,1.2,2.2046782806067804
0.7,100.0,273.0,0.001,0.025109527838145854
0.7,100.0,273.0,0.0013130324344878836,0.03280863125172258
0.7,100.0,273.0,0.0017240541740171785,0.04280935619274196
0.7,100.0,273.0,0.0022637390492987737,0.055762518990539967
0.7,100.0,273.0,0.002972362794946059,0.07248119385669093
0.7,100.0,273.0,0.003902808756829234,0.09396963105540891
0.7,100.0,273.0,0.00512451448332012,0.12145168303147362
0.7,100.0,273.0,0.0067286537276022365,0.15639547854990968
0.7,100.0,273.0,0.008834940584779547,0.20052944223586416
0.7,100.0,273.0,0.01160056354458889,0.25584274742334095
0.7,100.0,273.0,0.015231916192382951,0.32456136215743076
0.7,100.0,273.0,0.020000000000000004,0.409090038112331
0.7,100.0,273.0,0.02303273739264226,0.45995457825418784
0.7,100.0,273.0,0.026525349589921046,0.5160800519434302
0.7,100.0,273.0,0.030547570567634134,0.5777989482229668
0.7,100.0,273.0,0.03517970854337624,0.6454255207653409
0.7,100.0,273.0,0.04051424942146391,0.7192481241557672
0.7,100.0,273.0,0.04665770337922934,0.7995213797265431
0.7,100.0,273.0,0.05373273146387932,0.8864584638806259
0.7,100.0,273.0,0.061880594659844954,0.9802238363660125
0.7,100.0,273.0,0.07126397432503748,1.1324747750852726
0.7,100.0,273.0,0.08207022030922942,1.2437290604908906
0.7,100.0,273.0,0.09451509160693887,1.3619838888378586
0.7,100.0,273.0,0.10884706423120744,1.4871366249083318
0.7,100.0,273.0,0.12535229231987327,1.6190168904182476
0.7,100.0,273.0,0.1443603215284684,1.757388554639597
0.7,100.0,273.0,0.1662506687841307,1.9019538171607302
0.7,100.0,273.0,0.1914603997728015,2.052359224536549
0.7,100.0,273.0,0.22049285545286207,2.208203326806773
0.7,100.0,273.0,0.25392770182998,2.3690455692361945
0.7,100.0,273.0,0.2924325036483547,2.5344159435399174
0.7,100.0,273.0,0.33677605308027264,2.7038248992001517
0.7,100.0,273.0,0.3878437195364236,2.8767730391151765
0.7,100.0,273.0,0.44665512707340205,3.052760187059814
0.7,100.0,273.0,0.5143845123479462,3.23129350439744
0.7,100.0,273.0,0.5923841695876297,3.41189443544663
0.7,100.0,273.0,0.6822114506835166,3.7468626931191107
0.7,100.0,273.0,0.785659859492348,3.93890745360604
0.7,100.0,273.0,0.9047948611813732,4.1315453058284275
0.7,100.0,273.0,1.0419951215901386,4.324304809756412
0.7,100.0,273.0,1.2,4.516750489537454
0.7,100.0,298.0,0.001,0.009943960463716855
0.7,100.0,298.0,0.0013130324344878836,0.013032749248485053
0.7,100.0,298.0,0.0017240541740171785,0.01707152809701958
0.7,100.0,298.0,0.0022637390492987737,0.022346000353205966
0.7,100.0,298.0,0.002972362794946059,0.02922350269591747
0.7,100.0,298.0,0.003902808756829234,0.03817363083119045
0.7,100.0,298.0,0.00512451448332012,0.04979249374987048
0.7,100.0,298.0,0.0067286537276022365,0.06483036397727272
0.7,100.0,298.0,0.008834940584779547,0.08422194404840348
0.7,100.0,298.0,0.01160056354458889,0.10911768535211505
0.7,100.0,298.0,0.015231916192382951,0.14091351368306604
0.7,100.0,298.0,0.020000000000000004,0.18127485569854704
0.7,100.0,298.0,0.02303273739264226,0.20620214547531887
0.7,100.0,298.0,0.026525349589921046,0.2342511819530604
0.7,100.0,298.0,0.030547570567634134,0.2657419810806809
0.7,100.0,298.0,0.03517970854337624,0.3010118956418995
0.7,100.0,298.0,0.04051424942146391,0.3404131148726487
0.7,100.0,298.0,0.04665770337922934,0.3843092869133315
0.7,100.0,298.0,0.05373273146387932,0.43307120203495575
0.7,100.0,298.0,0.061880594659844954,0.4870715137779783
0.7,100.0,298.0,0.07126397432503748,0.546678525481944
0.7,100.0,298.0,0.08207022030922942,0.6122491283271287
0.7,100.0,298.0,0.09451509160693887,0.684121039685402
0.7,100.0,298.0,0.10884706423120744,0.7626045521621593
0.7,100.0,298.0,0.12535229231987327,0.8479740589999194
0.7,100.0,298.0,0.1443603215284684,0.9404596659645026
0.7,100.0,298.0,0.1662506687841307,1.0878123516258846
0.7,100.0,298.0,0.1914603997728015,1.1984590942013478
0.7,100.0,298.0,0.22049285545286207,1.3166281088113925
0.7,100.0,298.0,0.25392770182998,1.4422870232302323
0.7,100.0,298.0,0.2924325036483547,1.575330505846653
0.7,100.0,298.0,0.33677605308027264,1.7155798561064663
0.7,100.0,298.0,0.3878437195364236,1.862784858242144
0.7,100.0,298.0,0.44665512707340205,2.016627894059256
0.7,100.0,298.0,0.5143845123479462,2.1767301571035955
0.7,100.0,298.0,0.5923841695876297,2.3426596652282647
0.7,100.0,298.0,0.6822114506835166,2.513940650022079
0.7,100.0,298.0,0.785659859492348,2.6900638243804735
0.7,100.0,298.0,0.9047948611813732,2.8704970013213
0.7,100.0,298.0,1.0419951215901386,3.0546955574132
0.7,100.0,298.0,1.2,3.379316629215781
0.7,100.0,323.0,0.001,0.004524939076960347
0.7,100.0,323.0,0.0013130324344878836,0.0059367581348339265
0.7,100.0,323.0,0.0017240541740171785,0.007787205958857639
0.7,100.0,323.0,0.0022637390492987737,0.010211233968809125
0.7,100.0,323.0,0.002972362794946059,0.013384391605418083
0.7,100.0,323.0,0.003902808756829234,0.017534412087909467
0.7,100.0,323.0,0.00512451448332012,0.02295569185991573
0.7,100.0,323.0,0.0067286537276022365,0.030027126579690238
0.7,100.0,323.0,0.008834940584779547,0.03923367972324371
0.7,100.0,323.0,0.01160056354458889,0.051191857196446686
0.7,100.0,323.0,0.015231916192382951,0.06667889700052393
0.7,100.0,323.0,0.020000000000000004,0.08666491002740691
0.7,100.0,323.0,0.02303273739264226,0.09918203125826629
0.7,100.0,323.0,0.026525349589921046,0.11341886723110911
0.7,100.0,323.0,0.030547570567634134,0.12958852061015408
0.7,100.0,323.0,0.03517970854337624,0.14792483878389137
0.7,100.0,323.0,0.04051424942146391,0.16868312160720791
0.7,100.0,323.0,0.04665770337922934,0.19214052251869632
0.7,100.0,323.0,0.05373273146387932,0.21859605054323636
0.7,100.0,323.0,0.061880594659844954,0.24837006941951278
0.7,100.0,323.0,0.07126397432503748,0.28180318181643743
0.7,100.0,323.0,0.08207022030922942,0.3192543836933979
0.7,100.0,323.0,0.09451509160693887,0.3610983789585805
0.7,100.0,323.0,0.10884706423120744,0.407721960179742
0.7,100.0,323.0,0.12535229231987327,0.4595193890086671
0.7,100.0,323.0,0.1443603215284684,0.5168867507714028
0.7,100.0,323.0,0.1662506687841307,0.5802153103000448
0.7,100.0,323.0,0.1914603997728015,0.6498839577406279
0.7,100.0,323.0,0.22049285545286207,0.7262508994635588
0.7,100.0,323.0,0.25392770182998,0.8096448150990033
0.7,100.0,323.0,0.2924325036483547,0.9003557617327447
0.7,100.0,323.0,0.33677605308027264,1.042620293587792
0.7,100.0,323.0,0.3878437195364236,1.1519841941246793
0.7,100.0,323.0,0.44665512707340205,1.2692968585346316
0.7,100.0,323.0,0.5143845123479462,1.3945988614765779
0.7,100.0,323.0,0.5923841695876297,1.5278553489137359
0.7,100.0,323.0,0.6822114506835166,1.6689532021734688
0.7,100.0,323.0,0.785659859492348,1.8177004605739244
0.7,100.0,323.0,0.9047948611813732,1.9738281517994996
0.7,100.0,323.0,1.0419951215901386,2.136994528144227
0.7,100.0,323.0,1.2,2.306791546028996
0.7,200.0,273.0,0.001,0.03231853134871974
0.7,200.0,273.0,0.0013130324344878836,0.04207524989416095
0.7,200.0,273.0,0.0017240541740171785,0.054660572967826046
0.7,200.0,273.0,0.0022637390492987737,0.07083024287496244
0.7,200.0,273.0,0.002972362794946059,0.09151085842514202
0.7,200.0,273.0,0.003902808756829234,0.1178252452313196
0.7,200.0,273.0,0.00512451448332012,0.15111553205562572
0.7,200.0,273.0,0.0067286537276022365,0.19295958544809333
0.7,200.0,273.0,0.008834940584779547,0.24517433165500163
0.7,200.0,273.0,0.01160056354458889,0.30979784393707016
0.7,200.0,273.0,0.015231916192382951,0.38904199125430167
0.7,200.0,273.0,0.020000000000000004,0.48520977321112163
0.7,200.0,273.0,0.02303273739264226,0.5424821095728655
0.7,200.0,273.0,0.026525349589921046,0.6052194150874215
0.7,200.0,273.0,0.030547570567634134,0.6737051238337392
0.7,200.0,273.0,0.03517970854337624,0.7481972229297701
0.7,200.0,273.0,0.04051424942146391,0.8289217691881231
0.7,200.0,273.0,0.04665770337922934,0.9160666318140559
0.7,200.0,273.0,0.05373273146387932,1.060401133665892
0.7,200.0,273.0,0.061880594659844954,1.1643445105213832
0.7,200.0,273.0,0.07126397432503748,1.2749811013208079
0.7,200.0,273.0,0.08207022030922942,1.3922748733262613
0.7,200.0,273.0,0.09451509160693887,1.5161325482947376
0.7,200.0,273.0,0.10884706423120744,1.6464035357058895
0.7,200.0,273.0,0.12535229231987327,1.7828813663731997
0.7,200.0,273.0,0.1443603215284684,1.925306617743586
0.7,200.0,273.0,0.1662506687841307,2.073371243100693
0.7,200.0,273.0,0.1914603997728015,2.2267241418953883
0.7,200.0,273.0,0.22049285545286207,2.384977744154956
0.7,200.0,273.0,0.25392770182998,2.5477153338437257
0.7,200.0,273.0,0.2924325036483547,2.714498807599339
0.7,200.0,273.0,0.33677605308027264,2.884876557307295
0.7,200.0,273.0,0.3878437195364236,3.0583911758335964
0.7,200.0,273.0,0.44665512707340205,3.3854042911215902
0.7,200.0,273.0,0.5143845123479462,3.5738116678607015
0.7,200.0,273.0,0.5923841695876297,3.76391190445442
0.7,200.0,273.0,0.6822114506835166,3.9551671573968576
0.7,200.0,273.0,0.785659859492348,4.147062770084147
0.7,200.0,273.0,0.9047948611813732,4.339113562327621
0.7,200.0,273.0,1.0419951215901386,4.53086896802052
0.7,200.0,273.0,1.2,4.7219169622264285
0.7,200.0,298.0,0.001,0.012334340599388413
0.7,200.0,298.0,0.0013130324344878836,0.016145966871771247
0.7,200.0,298.0,0.0017240541740171785,0.021116850502087618
0.7,200.0,298.0,0.0022637390492987737,0.02758746377971735
0.7,200.0,298.0,0.002972362794946059,0.03599092648175229
0.7,200.0,298.0,0.003902808756829234,0.0468741862588251
0.7,200.0,298.0,0.00512451448332012,0.0609221188357235
0.7,200.0,298.0,0.0067286537276022365,0.07898412007177358
0.7,200.0,298.0,0.008834940584779547,0.10210226113536608
0.7,200.0,298.0,0.01160056354458889,0.13153923501830725
0.7,200.0,298.0,0.015231916192382951,0.1688029365028591
0.7,200.0,298.0,0.020000000000000004,0.21566250951182028
0.7,200.0,298.0,0.02303273739264226,0.24439285117433104
0.7,200.0,298.0,0.026525349589921046,0.27655289691202756
0.7,200.0,298.0,0.030547570567634134,0.3124672002403825
0.7,200.0,298.0,0.03517970854337624,0.3524732105816474
0.7,200.0,298.0,0.04051424942146391,0.39691784806848424
0.7,200.0,298.0,0.04665770337922934,0.4461532392821151
0.7,200.0,298.0,0.05373273146387932,0.5005316298849193
0.7,200.0,298.0,0.061880594659844954,0.5603995348565031
0.7,200.0,298.0,0.07126397432503748,0.626091234028207
0.7,200.0,298.0,0.08207022030922942,0.69792176673467
0.7,200.0,298.0,0.09451509160693887,0.7761796214159846
0.7,200.0,298.0,0.10884706423120744,0.8611193507459418
0.7,200.0,298.0,0.12535229231987327,0.9987429028075878
0.7,200.0,298.0,0.1443603215284684,1.1011205599641942
0.7,200.0,298.0,0.1662506687841307,1.2106973862825292
0.7,200.0,298.0,0.1914603997728015,1.3275072113904027
0.7,200.0,298.0,0.22049285545286207,1.4515220260654753
0.7,200.0,298.0,0.25392770182998,1.5826499598639803
0.7,200.0,298.0,0.2924325036483547,1.7207348953454435
0.7,200.0,298.0,0.33677605308027264,1.8655578050835961
0.7,200.0,298.0,0.3878437195364236,2.0168398058155765
0.7,200.0,298.0,0.44665512707340205,2.1742468301536637
0.7,200.0,298.0,0.5143845123479462,2.337395728962889
0.7,200.0,298.0,0.5923841695876297,2.505861544331888
0.7,200.0,298.0,0.6822114506835166,2.679185639343042
0.7,200.0,298.0,0.785659859492348,2.8568843391226872
0.7,200.0,298.0,0.9047948611813732,3.178160252389404
0.7,200.0,298.0,1.0419951215901386,3.3728507594747454
0.7,200.0,298.0,1.2,3.570432682007834
0.7,200.0,323.0,0.001,0.0054389748350848945
0.7,200.0,323.0,0.0013130324344878836,0.007132890495859849
0.7,200.0,323.0,0.0017240541740171785,0.009350919342832224
0.7,200.0,323.0,0.0022637390492987737,0.012252842866136465
0.7,200.0,323.0,0.002972362794946059,0.016045548464828988
0.7,200.0,323.0,0.003902808756829234,0.020995884362422924
0.7,200.0,323.0,0.00512451448332012,0.027446403118458494
0.7,200.0,323.0,0.0067286537276022365,0.03583430559929838
0.7,200.0,323.0,0.008834940584779547,0.04671375989360029
0.7,200.0,323.0,0.01160056354458889,0.06078154161108243
0.7,200.0,323.0,0.015231916192382951,0.07890559433829154
0.7,200.0,323.0,0.020000000000000004,0.10215557956640846
0.7,200.0,323.0,0.02303273739264226,0.11664632211781603
0.7,200.0,323.0,0.026525349589921046,0.13306870165988074
0.7,200.0,323.0,0.030547570567634134,0.15165082530884386
0.7,200.0,323.0,0.03517970854337624,0.17264121732720536
0.7,200.0,323.0,0.04051424942146391,0.19630918579793655
0.7,200.0,323.0,0.04665770337922934,0.22294479463457925
0.7,200.0,323.0,0.05373273146387932,0.25285833439921584
0.7,200.0,323.0,0.061880594659844954,0.2863791808059417
0.7,200.0,323.0,0.07126397432503748,0.3238539328197781
0.7,200.0,323.0,0.08207022030922942,0.36564373472101847
0.7,200.0,323.0,0.09451509160693887,0.4121207094123552
0.7,200.0,323.0,0.10884706423120744,0.4636634635934254
0.7,200.0,323.0,0.12535229231987327,0.5206516680801249
0.7,200.0,323.0,0.1443603215284684,0.5834597662948054
0.7,200.0,323.0,0.1662506687841307,0.6524499176973152
0.7,200.0,323.0,0.1914603997728015,0.7279643369524044
0.7,200.0,323.0,0.22049285545286207,0.8103172399536707
0.7,200.0,323.0,0.25392770182998,0.9413300219946761
0.7,200.0,323.0,0.2924325036483547,1.041516772484603
0.7,200.0,323.0,0.33677605308027264,1.1492924211549427
0.7,200.0,323.0,0.3878437195364236,1.2647642847020533
0.7,200.0,323.0,0.44665512707340205,1.3879762043929758
0.7,200.0,323.0,0.5143845123479462,1.5189044239563663
0.7,200.0,323.0,0.5923841695876297,1.6574550853959897
0.7,200.0,323.0,0.6822114506835166,1.8034635410170374
0.7,200.0,323.0,0.785659859492348,1.9566955878771557
0.7,200.0,323.0,0.9047948611813732,2.1168506262883073
0.7,200.0,323.0,1.0419951215901386,2.2835666370578562
0.7,200.0,323.0,1.2,2.456426772957948
0.7,300.0,273.0,0.001,0.05359971635814383
0.7,300.0,273.0,0.0013130324344878836,0.06894938597158891
0.7,300.0,273.0,0.0017240541740171785,0.08834782846981615
0.7,300.0,273.0,0.0022637390492987737,0.11271826879501169
0.7,300.0,273.0,0.002972362794946059,0.14314261731407313
0.7,300.0,273.0,0.003902808756829234,0.18086901601048
0.7,300.0,273.0,0.00512451448332012,0.22730970379493023
0.7,300.0,273.0,0.0067286537276022365,0.28402584784644447
0.7,300.0,273.0,0.008834940584779547,0.3526977417902143
0.7,300.0,273.0,0.01160056354458889,0.4350809602002239
0.7,300.0,273.0,0.015231916192382951,0.5329505790838533
0.7,300.0,273.0,0.020000000000000004,0.6480357745224006
0.7,300.0,273.0,0.02303273739264226,0.715012036102492
0.7,300.0,273.0,0.026525349589921046,0.7872561275260774
0.7,300.0,273.0,0.030547570567634134,0.8649555538019722
0.7,300.0,273.0,0.03517970854337624,0.9971582456084574
0.7,300.0,273.0,0.04051424942146391,1.0896142000223
0.7,300.0,273.0,0.04665770337922934,1.1878982543960186
0.7,300.0,273.0,0.05373273146387932,1.2920739278375137
0.7,300.0,273.0,0.061880594659844954,1.402172626000525
0.7,300.0,273.0,0.07126397432503748,1.5181905063995538
0.7,300.0,273.0,0.08207022030922942,1.6400855523666973
0.7,300.0,273.0,0.09451509160693887,1.767775086871007
0.7,300.0,273.0,0.10884706423120744,1.9011339847965978
0.7,300.0,273.0,0.12535229231987327,2.0399938383773324
0.7,300.0,273.0,0.1443603215284684,2.1841432901964293
0.7,300.0,273.0,0.1662506687841307,2.3333296727122486
0.7,300.0,273.0,0.1914603997728015,2.487261990706554
0.7,300.0,273.0,0.22049285545286207,2.645615167027436
0.7,300.0,273.0,0.25392770182998,2.957450765948694
0.7,300.0,273.0,0.2924325036483547,3.134290171628591
0.7,300.0,273.0,0.33677605308027264,3.31438745899809
0.7,300.0,273.0,0.3878437195364236,3.497214400455706
0.7,300.0,273.0,0.44665512707340205,3.6822368594283503
0.7,300.0,273.0,0.5143845123479462,3.868923462380539
0.7,300.0,273.0,0.5923841695876297,4.05675384835029
0.7,300.0,273.0,0.6822114506835166,4.24522628370684
0.7,300.0,273.0,0.785659859492348,4.433864465692456
0.7,300.0,273.0,0.9047948611813732,4.622223374582828
0.7,300.0,273.0,1.0419951215901386,4.809894069986229
0.7,300.0,273.0,1.2,4.996507361680143
0.7,300.0,298.0,0.001,0.018772463702954822
0.7,300.0,298.0,0.0013130324344878836,0.024471414528771978
0.7,300.0,298.0,0.0017240541740171785,0.03184074041233275
0.7,300.0,298.0,0.0022637390492987737,0.04133620175068989
0.7,300.0,298.0,0.002972362794946059,0.05352135541030443
0.7,300.0,298.0,0.003902808756829234,0.06908654304651941
0.7,300.0,298.0,0.00512451448332012,0.08886918002106432
0.7,300.0,298.0,0.0067286537276022365,0.11387441480316414
0.7,300.0,298.0,0.008834940584779547,0.1452941553352027
0.7,300.0,298.0,0.01160056354458889,0.18452096284696795
0.7,300.0,298.0,0.015231916192382951,0.23315191033167812
0.7,300.0,298.0,0.020000000000000004,0.2929769871182747
0.7,300.0,298.0,0.02303273739264226,0.3290365805698016
0.7,300.0,298.0,0.026525349589921046,0.36891226576726177
0.7,300.0,298.0,0.030547570567634134,0.4128943822093058
0.7,300.0,298.0,0.03517970854337624,0.4612755407738951
0.7,300.0,298.0,0.04051424942146391,0.514347202730188
0.7,300.0,298.0,0.04665770337922934,0.572395933420898
0.7,300.0,298.0,0.05373273146387932,0.6356993802097736
0.7,300.0,298.0,0.061880594659844954,0.7045220295576332
0.7,300.0,298.0,0.07126397432503748,0.7791108028810456
0.7,300.0,298.0,0.08207022030922942,0.8596905554142966
0.7,300.0,298.0,0.09451509160693887,0.9927035742412244
0.7,300.0,298.0,0.10884706423120744,1.089214990145249
0.7,300.0,298.0,0.12535229231987327,1.1921888081808356
0.7,300.0,298.0,0.1443603215284684,1.3016985934420044
0.7,300.0,298.0,0.1662506687841307,1.4177778494418938
0.7,300.0,298.0,0.1914603997728015,1.5404170610381616
0.7,300.0,298.0,0.22049285545286207,1.6695611680966398
0.7,300.0,298.0,0.25392770182998,1.805107643917506
0.7,300.0,298.0,0.2924325036483547,1.9469053762073218
0.7,300.0,298.0,0.33677605308027264,2.09475454961204
0.7,300.0,298.0,0.3878437195364236,2.2484077000285807
0.7,300.0,298.0,0.44665512707340205,2.4075720500792985
0.7,300.0,298.0,0.5143845123479462,2.5719131470138255
0.7,300.0,298.0,0.5923841695876297,2.882946824483333
0.7,300.0,298.0,0.6822114506835166,3.0670350508364668
0.7,300.0,298.0,0.785659859492348,3.2551463656937574
0.7,300.0,298.0,0.9047948611813732,3.446705711639463
0.7,300.0,298.0,1.0419951215901386,3.6411227446567787
0.7,300.0,298.0,1.2,3.8378021979815817
0.7,300.0,323.0,0.001,0.007672789824812928
0.7,300.0,323.0,0.0013130324344878836,0.010048336897703245
0.7,300.0,323.0,0.0017240541740171785,0.013149348089767273
0.7,300.0,323.0,0.0022637390492987737,0.017190781371784217
0.7,300.0,323.0,0.002972362794946059,0.022447218163769475
0.7,300.0,323.0,0.003902808756829234,0.02926713392996236
0.7,300.0,323.0,0.00512451448332012,0.03808951866183423
0.7,300.0,323.0,0.0067286537276022365,0.049462855692776635
0.7,300.0,323.0,0.008834940584779547,0.06406635795029832
0.7,300.0,323.0,0.01160056354458889,0.08273317651184114
0.7,300.0,323.0,0.015231916192382951,0.10647488867989563
0.7,300.0,323.0,0.020000000000000004,0.13650571946929976
0.7,300.0,323.0,0.02303273739264226,0.15501511238562046
0.7,300.0,323.0,0.026525349589921046,0.17582246181079325
0.7,300.0,323.0,0.030547570567634134,0.19917032760147713
0.7,300.0,323.0,0.03517970854337624,0.22531838269805796
0.7,300.0,323.0,0.04051424942146391,0.25454276005512405
0.7,300.0,323.0,0.04665770337922934,0.2871349055570765
0.7,300.0,323.0,0.05373273146387932,0.3233998843533343
0.7,300.0,323.0,0.061880594659844954,0.36365410535035214
0.7,300.0,323.0,0.07126397432503748,0.4082224489780874
0.7,300.0,323.0,0.08207022030922942,0.4574348052754971
0.7,300.0,323.0,0.09451509160693887,0.5116220514780494
0.7,300.0,323.0,0.10884706423120744,0.5711115196826887
0.7,300.0,323.0,0.12535229231987327,0.6362220252161285
0.7,300.0,323.0,0.1443603215284684,0.707258544620892
0.7,300.0,323.0,0.1662506687841307,0.784506648223289
0.7,300.0,323.0,0.1914603997728015,0.8682268054090481
0.7,300.0,323.0,0.22049285545286207,1.0029327288901966
0.7,300.0,323.0,0.25392770182998,1.1036144477053675
0.7,300.0,323.0,0.2924325036483547,1.2113389419451666
0.7,300.0,323.0,0.33677605308027264,1.3261941558360988
0.7,300.0,323.0,0.3878437195364236,1.448220367617938
0.7,300.0,323.0,0.44665512707340205,1.5774069967320468
0.7,300.0,323.0,0.5143845123479462,1.7136901086902572
0.7,300.0,323.0,0.5923841695876297,1.8569507685198212
0.7,300.0,323.0,0.6822114506835166,2.0070144006119164
0.7,300.0,323.0,0.785659859492348,2.16365130404357
0.7,300.0,323.0,0.9047948611813732,2.3265784410251324
0.7,300.0,323.0,1.0419951215901386,2.6212424476751797
0.7,300.0,323.0,1.2,2.805710247539653
0.7,400.0,273.0,0.001,0.13110813562670354
0.7,400.0,273.0,0.0013130324344878836,0.1632038113850238
0.7,400.0,273.0,0.0017240541740171785,0.2017659294720079
0.7,400.0,273.0,0.0022637390492987737,0.24764420042862517
0.7,400.0,273.0,0.002972362794946059,0.30167615349190885
0.7,400.0,273.0,0.003902808756829234,0.3646688749095959
0.7,400.0,273.0,0.00512451448332012,0.43739586536038433
0.7,400.0,273.0,0.0067286537276022365,0.5206135977010593
0.7,400.0,273.0,0.008834940584779547,0.6150969011340324
0.7,400.0,273.0,0.01160056354458889,0.7216853962868146
0.7,400.0,273.0,0.015231916192382951,0.8413267323188246
0.7,400.0,273.0,0.020000000000000004,0.9750988508250544
0.7,400.0,273.0,0.02303273739264226,1.09949547632863
0.7,400.0,273.0,0.026525349589921046,1.1817614382485713
0.7,400.0,273.0,0.030547570567634134,1.2684473450894154
0.7,400.0,273.0,0.03517970854337624,1.3597237025653206
0.7,400.0,273.0,0.04051424942146391,1.4557551375593591
0.7,400.0,273.0,0.04665770337922934,1.556694480928417
0.7,400.0,273.0,0.05373273146387932,1.6626764519724562
0.7,400.0,273.0,0.061880594659844954,1.7738112248279725
0.7,400.0,273.0,0.07126397432503748,1.8901781765011423
0.7,400.0,273.0,0.08207022030922942,2.011820121738213
0.7,400.0,273.0,0.09451509160693887,2.1387383305365875
0.7,400.0,273.0,0.10884706423120744,2.2708885985522174
0.7,400.0,273.0,0.12535229231987327,2.5635161417984063
0.7,400.0,273.0,0.1443603215284684,2.7153536532997684
0.7,400.0,273.0,0.1662506687841307,2.8718711593900608
0.7,400.0,273.0,0.1914603997728015,3.0327435015531856
0.7,400.0,273.0,0.22049285545286207,3.1976036588030157
0.7,400.0,273.0,0.25392770182998,3.3660487373959933
0.7,400.0,273.0,0.2924325036483547,3.5376469745297117
0.7,400.0,273.0,0.33677605308027264,3.711945485842768
0.7,400.0,273.0,0.3878437195364236,3.8884784558983956
0.7,400.0,273.0,0.44665512707340205,4.066775457726654
0.7,400.0,273.0,0.5143845123479462,4.2463695929267224
0.7,400.0,273.0,0.5923841695876297,4.4268051672491415
0.7,400.0,273.0,0.6822114506835166,4.607644655714283
0.7,400.0,273.0,0.785659859492348,4.7884747623556425
0.7,400.0,273.0,0.9047948611813732,4.968911437738068
0.7,400.0,273.0,1.0419951215901386,5.148603777252107
0.7,400.0,273.0,1.2,5.3272367798693905
0.7,400.0,298.0,0.001,0.04052715777174814
0.7,400.0,298.0,0.0013130324344878836,0.0520992571225668
0.7,400.0,298.0,0.0017240541740171785,0.06669203381018927
0.7,400.0,298.0,0.0022637390492987737,0.0849728147824886
0.7,400.0,298.0,0.002972362794946059,0.10771399077539559
0.7,400.0,298.0,0.003902808756829234,0.13579560209891556
0.7,400.0,298.0,0.00512451448332012,0.17020148533721022
0.7,400.0,298.0,0.0067286537276022365,0.21200714474380555
0.7,400.0,298.0,0.008834940584779547,0.26235954902779374
0.7,400.0,298.0,0.01160056354458889,0.3224520213833565
0.7,400.0,298.0,0.015231916192382951,0.39349995916590075
0.7,400.0,298.0,0.020000000000000004,0.4767238000706335
0.7,400.0,298.0,0.02303273739264226,0.5250633749305529
0.7,400.0,298.0,0.026525349589921046,0.5771733156219886
0.7,400.0,298.0,0.030547570567634134,0.6332246480358091
0.7,400.0,298.0,0.03517970854337624,0.6933895879167645
0.7,400.0,298.0,0.04051424942146391,0.7578417947214956
0.7,400.0,298.0,0.04665770337922934,0.8267562915286233
0.7,400.0,298.0,0.05373273146387932,0.900308883398359
0.7,400.0,298.0,0.061880594659844954,1.024289841856235
0.7,400.0,298.0,0.07126397432503748,1.110579170019033
0.7,400.0,298.0,0.08207022030922942,1.2019725139167348
0.7,400.0,298.0,0.09451509160693887,1.2986198334392756
0.7,400.0,298.0,0.10884706423120744,1.4006620450821712
0.7,400.0,298.0,0.12535229231987327,1.5082260733726762
0.7,400.0,298.0,0.1443603215284684,1.6214192555415816
0.7,400.0,298.0,0.1662506687841307,1.7403233826368099
0.7,400.0,298.0,0.1914603997728015,1.864988710561636
0.7,400.0,298.0,0.22049285545286207,1.9954282986047167
0.7,400.0,298.0,0.25392770182998,2.1316130291603326
0.7,400.0,298.0,0.2924325036483547,2.411711091144415
0.7,400.0,298.0,0.33677605308027264,2.569114927094976
0.7,400.0,298.0,0.3878437195364236,2.7319423398896805
0.7,400.0,298.0,0.44665512707340205,2.8998626491156396
0.7,400.0,298.0,0.5143845123479462,3.072495251081095
0.7,400.0,298.0,0.5923841695876297,3.2494150263029424
0.7,400.0,298.0,0.6822114506835166,3.43015909324827
0.7,400.0,298.0,0.785659859492348,3.6142346963325345
0.7,400.0,298.0,0.9047948611813732,3.8011279583363633
0.7,400.0,298.0,1.0419951215901386,3.990313179109932
0.7,400.0,298.0,1.2,4.181262328822828
0.7,400.0,323.0,0.001,0.014363758914722621
0.7,400.0,323.0,0.0013130324344878836,0.018720221969074236
0.7,400.0,323.0,0.0017240541740171785,0.02435010006598081
0.7,400.0,323.0,0.0022637390492987737,0.03159800789941455
0.7,400.0,323.0,0.002972362794946059,0.040887992650387915
0.7,400.0,323.0,0.003902808756829234,0.05273633153117328
0.7,400.0,323.0,0.00512451448332012,0.06776484276569306
0.7,400.0,323.0,0.0067286537276022365,0.08671426157857652
0.7,400.0,323.0,0.008834940584779547,0.11045669898979182
0.7,400.0,323.0,0.01160056354458889,0.14000531268823094
0.7,400.0,323.0,0.015231916192382951,0.17651841072518923
0.7,400.0,323.0,0.020000000000000004,0.22129497058446349
0.7,400.0,323.0,0.02303273739264226,0.2482264346218687
0.7,400.0,323.0,0.026525349589921046,0.2779698398487435
0.7,400.0,323.0,0.030547570567634134,0.3107412328258001
0.7,400.0,323.0,0.03517970854337624,0.3467615273713813
0.7,400.0,323.0,0.04051424942146391,0.3862551911094696
0.7,400.0,323.0,0.04665770337922934,0.4294489434892894
0.7,400.0,323.0,0.05373273146387932,0.4765705035870801
0.7,400.0,323.0,0.061880594659844954,0.5278474071365812
0.7,400.0,323.0,0.07126397432503748,0.5835058874859396
0.7,400.0,323.0,0.08207022030922942,0.6437697866964979
0.7,400.0,323.0,0.09451509160693887,0.7088594337451379
0.7,400.0,323.0,0.10884706423120744,0.7789904005139618
0.7,400.0,323.0,0.12535229231987327,0.854372027269933
0.7,400.0,323.0,0.1443603215284684,0.9777173883753291
0.7,400.0,323.0,0.1662506687841307,1.067276158723011
0.7,400.0,323.0,0.1914603997728015,1.1626221565188244
0.7,400.0,323.0,0.22049285545286207,1.2639024802384493
0.7,400.0,323.0,0.25392770182998,1.371248186763114
0.7,400.0,323.0,0.2924325036483547,1.484770228455855
0.7,400.0,323.0,0.33677605308027264,1.6045547473240556
0.7,400.0,323.0,0.3878437195364236,1.7306579375486262
0.7,400.0,323.0,0.44665512707340205,1.8631007666650086
0.7,400.0,323.0,0.5143845123479462,2.001863898609016
0.7,400.0,323.0,0.5923841695876297,2.146883181366789
0.7,400.0,323.0,0.6822114506835166,2.4326084470909772
0.7,400.0,323.0,0.785659859492348,2.5998667562082347
0.7,400.0,323.0,0.9047948611813732,2.773000526787208
0.7,400.0,323.0,1.0419951215901386,2.9516245392892797
0.7,400.0,323.0,1.2,3.135300047717305
0.7,500.0,273.0,0.001,0.4293136705794122
0.7,500.0,273.0,0.0013130324344878836,0.49751819491781557
0.7,500.0,273.0,0.0017240541740171785,0.5712223899983957
0.7,500.0,273.0,0.0022637390492987737,0.6501465628615732
0.7,500.0,273.0,0.002972362794946059,0.7341009555854878
0.7,500.0,273.0,0.003902808756829234,0.8230616047635391
0.7,500.0,273.0,0.00512451448332012,0.9172348591667423
0.7,500.0,273.0,0.0067286537276022365,1.0171062441560825
0.7,500.0,273.0,0.008834940584779547,1.123471447365787
0.7,500.0,273.0,0.01160056354458889,1.2374469766398377
0.7,500.0,273.0,0.015231916192382951,1.3604560670254098
0.7,500.0,273.0,0.020000000000000004,1.546898747337049
0.7,500.0,273.0,0.02303273739264226,1.623293526079219
0.7,500.0,273.0,0.026525349589921046,1.7034084116056494
0.7,500.0,273.0,0.030547570567634134,1.7875024654381566
0.7,500.0,273.0,0.03517970854337624,2.025557265764
0.7,500.0,273.0,0.04051424942146391,2.124049857024676
0.7,500.0,273.0,0.04665770337922934,2.227000379515425
0.7,500.0,273.0,0.05373273146387932,2.3345772422207873
0.7,500.0,273.0,0.061880594659844954,2.4469178113505627
0.7,500.0,273.0,0.07126397432503748,2.5641222339472125
0.7,500.0,273.0,0.08207022030922942,2.686247937506231
0.7,500.0,273.0,0.09451509160693887,2.813305066296411
0.7,500.0,273.0,0.10884706423120744,2.9452530834354445
0.7,500.0,273.0,0.12535229231987327,3.0819987212464777
0.7,500.0,273.0,0.1443603215284684,3.223395403760356
0.7,500.0,273.0,0.1662506687841307,3.3692441984451493
0.7,500.0,273.0,0.1914603997728015,3.519296284115058
0.7,500.0,273.0,0.22049285545286207,3.673256853393847
0.7,500.0,273.0,0.25392770182998,3.830790305479357
0.7,500.0,273.0,0.2924325036483547,3.9915265317208513
0.7,500.0,273.0,0.33677605308027264,4.155068054986011
0.7,500.0,273.0,0.3878437195364236,4.320997755175123
0.7,500.0,273.0,0.44665512707340205,4.488886897877195
0.7,500.0,273.0,0.5143845123479462,4.6583031808193605
0.7,500.0,273.0,0.5923841695876297,4.828818522907425
0.7,500.0,273.0,0.6822114506835166,5.000016342645877
0.7,500.0,273.0,0.785659859492348,5.171498105758122
0.7,500.0,273.0,0.9047948611813732,5.342888964656717
0.7,500.0,273.0,1.0419951215901386,5.51384236290953
0.7,500.0,273.0,1.2,5.684043532654037
0.7,500.0,298.0,0.001,0.13175665259194
0.7,500.0,298.0,0.0013130324344878836,0.16313726341044585
0.7,500.0,298.0,0.0017240541740171785,0.20042982920694186
0.7,500.0,298.0,0.0022637390492987737,0.24422905036121256
0.7,500.0,298.0,0.002972362794946059,0.29503930392718564
0.7,500.0,298.0,0.003902808756829234,0.3532471619809518
0.7,500.0,298.0,0.00512451448332012,0.4191137183460216
0.7,500.0,298.0,0.0067286537276022365,0.49279376334758634
0.7,500.0,298.0,0.008834940584779547,0.574383840444711
0.7,500.0,298.0,0.01160056354458889,0.6639948002678076
0.7,500.0,298.0,0.015231916192382951,0.7618383291276135
0.7,500.0,298.0,0.020000000000000004,0.8683130201956625
0.7,500.0,298.0,0.02303273739264226,0.9271131009279856
0.7,500.0,298.0,0.026525349589921046,0.9885268580388525
0.7,500.0,298.0,0.030547570567634134,1.0526995829267292
0.7,500.0,298.0,0.03517970854337624,1.1197989724159487
0.7,500.0,298.0,0.04051424942146391,1.2356596932322403
0.7,500.0,298.0,0.04665770337922934,1.3114147136698742
0.7,500.0,298.0,0.05373273146387932,1.390747558918263
0.7,500.0,298.0,0.061880594659844954,1.4738980835991922
0.7,500.0,298.0,0.07126397432503748,1.5611135105512612
0.7,500.0,298.0,0.08207022030922942,1.6526427825097738
0.7,500.0,298.0,0.09451509160693887,1.7487301324282527
0.7,500.0,298.0,0.10884706423120744,1.9874323028601768
0.7,500.0,298.0,0.12535229231987327,2.1006663245297363
0.7,500.0,298.0,0.1443603215284684,2.218999777650349
0.7,500.0,298.0,0.1662506687841307,2.3425376815806027
0.7,500.0,298.0,0.1914603997728015,2.471346630772308
0.7,500.0,298.0,0.22049285545286207,2.60544915628455
0.7,500.0,298.0,0.25392770182998,2.7448190762042306
0.7,500.0,298.0,0.2924325036483547,2.889378072406956
0.7,500.0,298.0,0.33677605308027264,3.038993674845028
0.7,500.0,298.0,0.3878437195364236,3.193478771524256
0.7,500.0,298.0,0.44665512707340205,3.3525926974689817
0.7,500.0,298.0,0.5143845123479462,3.5160438927155746
0.7,500.0,298.0,0.5923841695876297,3.683494059432924
0.7,500.0,298.0,0.6822114506835166,3.8545636920568382
0.7,500.0,298.0,0.785659859492348,4.028838801827628
0.7,500.0,298.0,0.9047948611813732,4.205878608833329
0.7,500.0,298.0,1.0419951215901386,4.385223932221921
0.7,500.0,298.0,1.2,4.566405975515081
0.7,500.0,323.0,0.001,0.03993008196132016
0.7,500.0,323.0,0.0013130324344878836,0.051205566815340255
0.7,500.0,323.0,0.0017240541740171785,0.06535389432077338
0.7,500.0,323.0,0.0022637390492987737,0.08297356666571563
0.7,500.0,323.0,0.002972362794946059,0.1047399824197835
0.7,500.0,323.0,0.003902808756829234,0.13139858158614312
0.7,500.0,323.0,0.00512451448332012,0.16374965992735185
0.7,500.0,323.0,0.0067286537276022365,0.20262365362207693
0.7,500.0,323.0,0.008834940584779547,0.24884848906383242
0.7,500.0,323.0,0.01160056354458889,0.3032143876710801
0.7,500.0,323.0,0.015231916192382951,0.3664448585741578
0.7,500.0,323.0,0.020000000000000004,0.4391839100314218
0.7,500.0,323.0,0.02303273739264226,0.48082736539238097
0.7,500.0,323.0,0.026525349589921046,0.5252574656667196
0.7,500.0,323.0,0.030547570567634134,0.572550008807397
0.7,500.0,323.0,0.03517970854337624,0.6227833982811586
0.7,500.0,323.0,0.04051424942146391,0.6760415138248684
0.7,500.0,323.0,0.04665770337922934,0.7324166449910972
0.7,500.0,323.0,0.05373273146387932,0.7920122870079153
0.7,500.0,323.0,0.061880594659844954,0.8549455903691234
0.7,500.0,323.0,0.07126397432503748,0.9213492618218498
0.7,500.0,323.0,0.08207022030922942,0.9913727338197673
0.7,500.0,323.0,0.09451509160693887,1.107657336043141
0.7,500.0,323.0,0.10884706423120744,1.1879021135786927
0.7,500.0,323.0,0.12535229231987327,1.2723051797162919
0.7,500.0,323.0,0.1443603215284684,1.3610747807993413
0.7,500.0,323.0,0.1662506687841307,1.4544284503905895
0.7,500.0,323.0,0.1914603997728015,1.5525879305495927
0.7,500.0,323.0,0.22049285545286207,1.6557731004867673
0.7,500.0,323.0,0.25392770182998,1.7641950424849355
0.7,500.0,323.0,0.2924325036483547,2.0094956346089687
0.7,500.0,323.0,0.33677605308027264,2.137234560932091
0.7,500.0,323.0,0.3878437195364236,2.2707286675159626
0.7,500.0,323.0,0.44665512707340205,2.4100032806802534
0.7,500.0,323.0,0.5143845123479462,2.5550373008704197
0.7,500.0,323.0,0.5923841695876297,2.705758712836455
0.7,500.0,323.0,0.6822114506835166,2.8620413292319635
0.7,500.0,323.0,0.785659859492348,3.023702976723671
0.7,500.0,323.0,0.9047948611813732,3.1905052693535847
0.7,500.0,323.0,1.0419951215901386,3.3621550451085573
0.7,500.0,323.0,1.2,3.53830747252085
0.7,600.0,273.0,0.001,1.1365993489527928
0.7,600.0,273.0,0.0013130324344878836,1.2139638666278527
0.7,600.0,273.0,0.0017240541740171785,1.2919755774440318
0.7,600.0,273.0,0.0022637390492987737,1.3710374633402955
0.7,600.0,273.0,0.002972362794946059,1.4517085037393909
0.7,600.0,273.0,0.003902808756829234,1.534702466056519
0.7,600.0,273.0,0.00512451448332012,1.6208880516050943
0.7,600.0,273.0,0.0067286537276022365,1.9077989105809214
0.7,600.0,273.0,0.008834940584779547,2.0081237259847495
0.7,600.0,273.0,0.01160056354458889,2.1142447567444878
0.7,600.0,273.0,0.015231916192382951,2.22801127165764
0.7,600.0,273.0,0.020000000000000004,2.3514818522668297
0.7,600.0,273.0,0.02303273739264226,2.4200294762408547
0.7,600.0,273.0,0.026525349589921046,2.4920799767119615
0.7,600.0,273.0,0.030547570567634134,2.5679367767587147
0.7,600.0,273.0,0.03517970854337624,2.6478923561016203
0.7,600.0,273.0,0.04051424942146391,2.7322217276061114
0.7,600.0,273.0,0.04665770337922934,2.8211756330329973
0.7,600.0,273.0,0.05373273146387932,2.914973674595639
0.7,600.0,273.0,0.061880594659844954,3.0137976354996585
0.7,600.0,273.0,0.07126397432503748,3.117785267012203
0.7,600.0,273.0,0.08207022030922942,3.2270248275927913
0.7,600.0,273.0,0.09451509160693887,3.3415506482052697
0.7,600.0,273.0,0.10884706423120744,3.461339965878204
0.7,600.0,273.0,0.12535229231987327,3.5863112159447237
0.7,600.0,273.0,0.1443603215284684,3.7163239057120316
0.7,600.0,273.0,0.1662506687841307,3.8511801142808513
0.7,600.0,273.0,0.1914603997728015,3.9906275818625434
0.7,600.0,273.0,0.22049285545286207,4.134364274392348
0.7,600.0,273.0,0.25392770182998,4.282044241707168
0.7,600.0,273.0,0.2924325036483547,4.433284534470854
0.7,600.0,273.0,0.33677605308027264,4.587672908734664
0.7,600.0,273.0,0.3878437195364236,4.744776027934738
0.7,600.0,273.0,0.44665512707340205,4.904147869203257
0.7,600.0,273.0,0.5143845123479462,5.0653380521551306
0.7,600.0,273.0,0.5923841695876297,5.227899831461439
0.7,600.0,273.0,0.6822114506835166,5.391397527133791
0.7,600.0,273.0,0.785659859492348,5.555413206187881
0.7,600.0,273.0,0.9047948611813732,5.71955247388484
0.7,600.0,273.0,1.0419951215901386,5.88344927950972
0.7,600.0,273.0,1.2,6.046769687721786
0.7,600.0,298.0,0.001,0.5049863456113923
0.7,600.0,298.0,0.0013130324344878836,0.5773547652364102
0.7,600.0,298.0,0.0017240541740171785,0.6537757446216197
0.7,600.0,298.0,0.0022637390492987737,0.7336503113992332
0.7,600.0,298.0,0.002972362794946059,0.8164553422860619
0.7,600.0,298.0,0.003902808756829234,0.9018017239856594
0.7,600.0,298.0,0.00512451448332012,0.9894824119682849
0.7,600.0,298.0,0.0067286537276022365,1.0795110151260867
0.7,600.0,298.0,0.008834940584779547,1.1721521824887096
0.7,600.0,298.0,0.01160056354458889,1.267944025033754
0.7,600.0,298.0,0.015231916192382951,1.3677111350496631
0.7,600.0,298.0,0.020000000000000004,1.4725655253952799
0.7,600.0,298.0,0.02303273739264226,1.7120557528813052
0.7,600.0,298.0,0.026525349589921046,1.7766148346691109
0.7,600.0,298.0,0.030547570567634134,1.8430724458222545
0.7,600.0,298.0,0.03517970854337624,1.911663564075362
0.7,600.0,298.0,0.04051424942146391,1.9826441252844247
0.7,600.0,298.0,0.04665770337922934,2.056288549308898
0.7,600.0,298.0,0.05373273146387932,2.132886389611749
0.7,600.0,298.0,0.061880594659844954,2.2127380511725185
0.7,600.0,298.0,0.07126397432503748,2.2961495676219728
0.7,600.0,298.0,0.08207022030922942,2.3834264859243364
0.7,600.0,298.0,0.09451509160693887,2.474866970867948
0.7,600.0,298.0,0.10884706423120744,2.5707543063951372
0.7,600.0,298.0,0.12535229231987327,2.671349030329071
0.7,600.0,298.0,0.1443603215284684,2.776880987533486
0.7,600.0,298.0,0.1662506687841307,2.8875416190174383
0.7,600.0,298.0,0.1914603997728015,3.003476817368076
0.7,600.0,298.0,0.22049285545286207,3.1247806703436143
0.7,600.0,298.0,0.25392770182998,3.251490384787488
0.7,600.0,298.0,0.2924325036483547,3.3835826347532056
0.7,600.0,298.0,0.33677605308027264,3.5209715153084638
0.7,600.0,298.0,0.3878437195364236,3.663508212550218
0.7,600.0,298.0,0.44665512707340205,3.8109824266419974
0.7,600.0,298.0,0.5143845123479462,3.9631255129177525
0.7,600.0,298.0,0.5923841695876297,4.119615239328293
0.7,600.0,298.0,0.6822114506835166,4.280081998078504
0.7,600.0,298.0,0.785659859492348,4.44411625552141
0.7,600.0,298.0,0.9047948611813732,4.611276977537291
0.7,600.0,298.0,1.0419951215901386,4.7811007289316345
0.7,600.0,298.0,1.2,4.953111117293775
0.7,600.0,323.0,0.001,0.15885431962896723
0.7,600.0,323.0,0.0013130324344878836,0.19501625630334943
0.7,600.0,323.0,0.0017240541740171785,0.2373472349692632
0.7,600.0,323.0,0.0022637390492987737,0.28623191581056556
0.7,600.0,323.0,0.002972362794946059,0.3418915593399716
0.7,600.0,323.0,0.003902808756829234,0.40436170492817275
0.7,600.0,323.0,0.00512451448332012,0.47349533183791226
0.7,600.0,323.0,0.0067286537276022365,0.5489952197130833
0.7,600.0,323.0,0.008834940584779547,0.6304735330772184
0.7,600.0,323.0,0.01160056354458889,0.7175312770151655
0.7,600.0,323.0,0.015231916192382951,0.8098470248255182
0.7,600.0,323.0,0.020000000000000004,0.9072641868482232
0.7,600.0,323.0,0.02303273739264226,0.9597911634328841
0.7,600.0,323.0,0.026525349589921046,1.0137499960914225
0.7,600.0,323.0,0.030547570567634134,1.0692074680899875
0.7,600.0,323.0,0.03517970854337624,1.1262556855839618
0.7,600.0,323.0,0.04051424942146391,1.185012998437899
0.7,600.0,323.0,0.04665770337922934,1.2456244062482345
0.7,600.0,323.0,0.05373273146387932,1.3082613903546998
0.7,600.0,323.0,0.061880594659844954,1.4154195029772967
0.7,600.0,323.0,0.07126397432503748,1.4845097707357926
0.7,600.0,323.0,0.08207022030922942,1.6870683713517578
0.7,600.0,323.0,0.09451509160693887,1.7675276481758
0.7,600.0,323.0,0.10884706423120744,1.851037521341341
0.7,600.0,323.0,0.12535229231987327,1.9378509926683831
0.7,600.0,323.0,0.1443603215284684,2.0282347989876808
0.7,600.0,323.0,0.1662506687841307,2.1224644052255375
0.7,600.0,323.0,0.1914603997728015,2.2208180105018824
0.7,600.0,323.0,0.22049285545286207,2.3235696540543116
0.7,600.0,323.0,0.25392770182998,2.430981574349674
0.7,600.0,323.0,0.2924325036483547,2.543296042652127
0.7,600.0,323.0,0.33677605308027264,2.660726954420522
0.7,600.0,323.0,0.3878437195364236,2.783451510896679
0.7,600.0,323.0,0.44665512707340205,2.911602352822082
0.7,600.0,323.0,0.5143845123479462,3.0452605141447258
0.7,600.0,323.0,0.5923841695876297,3.1844495443760565
0.7,600.0,323.0,0.6822114506835166,3.32913110540719
0.7,600.0,323.0,0.785659859492348,3.479202286106844
0.7,600.0,323.0,0.9047948611813732,3.634494801516183
0.7,600.0,323.0,1.0419951215901386,3.7947761589624647
0.7,600.0,323.0,1.2,3.9597527863229938
0.7,700.0,273.0,0.001,2.0051546633152246
0.7,700.0,273.0,0.0013130324344878836,2.0625804912149417
0.7,700.0,273.0,0.0017240541740171785,2.1195649060355795
0.7,700.0,273.0,0.0022637390492987737,2.1765569258090123
0.7,700.0,273.0,0.002972362794946059,2.2341653965139217
0.7,700.0,273.0,0.003902808756829234,2.293175907568083
0.7,700.0,273.0,0.00512451448332012,2.3545678670431625
0.7,700.0,273.0,0.0067286537276022365,2.4195306197695374
0.7,700.0,273.0,0.008834940584779547,2.489474972431766
0.7,700.0,273.0,0.01160056354458889,2.5660338513968015
0.7,700.0,273.0,0.015231916192382951,2.6510442169385082
0.7,700.0,273.0,0.020000000000000004,2.8005030765060597
0.7,700.0,273.0,0.02303273739264226,2.8580081678105373
0.7,700.0,273.0,0.026525349589921046,2.919242593804933
0.7,700.0,273.0,0.030547570567634134,2.9844640607474675
0.7,700.0,273.0,0.03517970854337624,3.053919120226063
0.7,700.0,273.0,0.04051424942146391,3.1278381616463733
0.7,700.0,273.0,0.04665770337922934,3.2064300872299927
0.7,700.0,273.0,0.05373273146387932,3.289876832140746
0.7,700.0,273.0,0.061880594659844954,3.378327933055355
0.7,700.0,273.0,0.07126397432503748,3.4718953819940084
0.7,700.0,273.0,0.08207022030922942,3.5706490238452107
0.7,700.0,273.0,0.09451509160693887,3.674612761089312
0.7,700.0,273.0,0.10884706423120744,3.7837618137514446
0.7,700.0,273.0,0.12535229231987327,3.8980212441980826
0.7,700.0,273.0,0.1443603215284684,4.017265895248596
0.7,700.0,273.0,0.1662506687841307,4.141321809806066
0.7,700.0,273.0,0.1914603997728015,4.269969107924708
0.7,700.0,273.0,0.22049285545286207,4.553263279472029
0.7,700.0,273.0,0.25392770182998,4.693209088759664
0.7,700.0,273.0,0.2924325036483547,4.836920758747697
0.7,700.0,273.0,0.33677605308027264,4.984003269879337
0.7,700.0,273.0,0.3878437195364236,5.134040894376022
0.7,700.0,273.0,0.44665512707340205,5.28660477780579
0.7,700.0,273.0,0.5143845123479462,5.441260485999137
0.7,700.0,273.0,0.5923841695876297,5.597575294363473
0.7,700.0,273.0,0.6822114506835166,5.755125019437129
0.7,700.0,273.0,0.785659859492348,5.913500221129427
0.7,700.0,273.0,0.9047948611813732,6.072311637321949
0.7,700.0,273.0,1.0419951215901386,6.2311947489496795
0.7,700.0,273.0,1.2,6.389813411562287
0.7,700.0,298.0,0.001,1.3108567189181948
0.7,700.0,298.0,0.0013130324344878836,1.3868013058813906
0.7,700.0,298.0,0.0017240541740171785,1.4623188399515452
0.7,700.0,298.0,0.0022637390492987737,1.5375411845214297
0.7,700.0,298.0,0.002972362794946059,1.6126404197504502
0.7,700.0,298.0,0.003902808756829234,1.6878313760134163
0.7,700.0,298.0,0.00512451448332012,1.945148333879002
0.7,700.0,298.0,0.0067286537276022365,2.0223282908670983
0.7,700.0,298.0,0.008834940584779547,2.099985786734776
0.7,700.0,298.0,0.01160056354458889,2.179138514918406
0.7,700.0,298.0,0.015231916192382951,2.2610204649368777
0.7,700.0,298.0,0.020000000000000004,2.347092137004249
0.7,700.0,298.0,0.02303273739264226,2.3939119796727075
0.7,700.0,298.0,0.026525349589921046,2.4425693530810664
0.7,700.0,298.0,0.030547570567634134,2.4933403947909345
0.7,700.0,298.0,0.03517970854337624,2.546515841119141
0.7,700.0,298.0,0.04051424942146391,2.6023991871899246
0.7,700.0,298.0,0.04665770337922934,2.6613041589322433
0.7,700.0,298.0,0.05373273146387932,2.7235514336915516
0.7,700.0,298.0,0.061880594659844954,2.789464573174589
0.7,700.0,298.0,0.07126397432503748,2.8593651673332747
0.7,700.0,298.0,0.08207022030922942,2.933567230293961
0.7,700.0,298.0,0.09451509160693887,3.0123709384001187
0.7,700.0,298.0,0.10884706423120744,3.09605585347356
0.7,700.0,298.0,0.12535229231987327,3.1848738277988344
0.7,700.0,298.0,0.1443603215284684,3.2790418362727656
0.7,700.0,298.0,0.1662506687841307,3.3787350202317072
0.7,700.0,298.0,0.1914603997728015,3.4840802514740403
0.7,700.0,298.0,0.22049285545286207,3.595150529836028
0.7,700.0,298.0,0.25392770182998,3.7119605111580825
0.7,700.0,298.0,0.2924325036483547,3.8344634247820046
0.7,700.0,298.0,0.33677605308027264,3.962549583417131
0.7,700.0,298.0,0.3878437195364236,4.096046617739813
0.7,700.0,298.0,0.44665512707340205,4.234721488871976
0.7,700.0,298.0,0.5143845123479462,4.378284249395438
0.7,700.0,298.0,0.5923841695876297,4.526393442637257
0.7,700.0,298.0,0.6822114506835166,4.67866295456785
0.7,700.0,298.0,0.785659859492348,4.834670066044698
0.7,700.0,298.0,0.9047948611813732,4.993964398234325
0.7,700.0,298.0,1.0419951215901386,5.156077403719243
0.7,700.0,298.0,1.2,5.320532032822794
0.7,700.0,323.0,0.001,0.6351465756982799
0.7,700.0,323.0,0.0013130324344878836,0.7143577859650321
0.7,700.0,323.0,0.0017240541740171785,0.7962132023666373
0.7,700.0,323.0,0.0022637390492987737,0.8800343441701576
0.7,700.0,323.0,0.002972362794946059,0.9652466881786096
0.7,700.0,323.0,0.003902808756829234,1.0514111789099854
0.7,700.0,323.0,0.00512451448332012,1.1382449201889375
0.7,700.0,323.0,0.0067286537276022365,1.2256326525605048
0.7,700.0,323.0,0.008834940584779547,1.3136308639840477
0.7,700.0,323.0,0.01160056354458889,1.402466835463359
0.7,700.0,323.0,0.015231916192382951,1.6625413310531878
0.7,700.0,323.0,0.020000000000000004,1.761951366191083
0.7,700.0,323.0,0.02303273739264226,1.8138955879090135
0.7,700.0,323.0,0.026525349589921046,1.8662798797267444
0.7,700.0,323.0,0.030547570567634134,1.9192560033913173
0.7,700.0,323.0,0.03517970854337624,1.9729995185046016
0.7,700.0,323.0,0.04051424942146391,2.0277097940696702
0.7,700.0,323.0,0.04665770337922934,2.083609717653769
0.7,700.0,323.0,0.05373273146387932,2.1409450692413303
0.7,700.0,323.0,0.061880594659844954,2.1999835200958398
0.7,700.0,323.0,0.07126397432503748,2.261013206600163
0.7,700.0,323.0,0.08207022030922942,2.324340816857874
0.7,700.0,323.0,0.09451509160693887,2.3902891168978337
0.7,700.0,323.0,0.10884706423120744,2.4591938376266502
0.7,700.0,323.0,0.12535229231987327,2.531399847408058
0.7,700.0,323.0,0.1443603215284684,2.607256551805447
0.7,700.0,323.0,0.1662506687841307,2.6871124935225543
0.7,700.0,323.0,0.1914603997728015,2.7713091716121134
0.7,700.0,323.0,0.22049285545286207,2.860174156800683
0.7,700.0,323.0,0.25392770182998,2.954013644234611
0.7,700.0,323.0,0.2924325036483547,3.053104649422906
0.7,700.0,323.0,0.33677605308027264,3.1576871103867483
0.7,700.0,323.0,0.3878437195364236,3.2679562023366495
0.7,700.0,323.0,0.44665512707340205,3.3840551955208076
0.7,700.0,323.0,0.5143845123479462,3.5060691895111247
0.7,700.0,323.0,0.5923841695876297,3.634020038019376
0.7,700.0,323.0,0.6822114506835166,3.767862739607371
0.7,700.0,323.0,0.785659859492348,3.9074835152230745
0.7,700.0,323.0,0.9047948611813732,4.052699727831559
0.7,700.0,323.0,1.0419951215901386,4.203261726651524
0.7,700.0,323.0,1.2,4.358856621823188
0.7,800.0,273.0,0.001,2.6826982188224706
0.7,800.0,273.0,0.0013130324344878836,2.7158725729792317
0.7,800.0,273.0,0.0017240541740171785,2.7992020763322136
0.7,800.0,273.0,0.0022637390492987737,2.8366767165124656
0.7,800.0,273.0,0.002972362794946059,2.876441884613355
0.7,800.0,273.0,0.003902808756829234,2.919347235090948
0.7,800.0,273.0,0.00512451448332012,2.9663920027320003
0.7,800.0,273.0,0.0067286537276022365,3.018734130017419
0.7,800.0,273.0,0.008834940584779547,3.077697729662555
0.7,800.0,273.0,0.01160056354458889,3.1447754719681953
0.7,800.0,273.0,0.015231916192382951,3.221620304059223
0.7,800.0,273.0,0.020000000000000004,3.310019244561588
0.7,800.0,273.0,0.02303273739264226,3.361010330167848
0.7,800.0,273.0,0.026525349589921046,3.415871827326136
0.7,800.0,273.0,0.030547570567634134,3.4748626575832384
0.7,800.0,273.0,0.03517970854337624,3.538232897392636
0.7,800.0,273.0,0.04051424942146391,3.606218338355216
0.7,800.0,273.0,0.04665770337922934,3.679034576239125
0.7,800.0,273.0,0.05373273146387932,3.7568708177151704
0.7,800.0,273.0,0.061880594659844954,3.839883649118918
0.7,800.0,273.0,0.07126397432503748,3.928191057331351
0.7,800.0,273.0,0.08207022030922942,4.021867022275883
0.7,800.0,273.0,0.09451509160693887,4.12093700727913
0.7,800.0,273.0,0.10884706423120744,4.225374652901423
0.7,800.0,273.0,0.12535229231987327,4.335099929768342
0.7,800.0,273.0,0.1443603215284684,4.449978928075035
0.7,800.0,273.0,0.1662506687841307,4.569825361634187
0.7,800.0,273.0,0.1914603997728015,4.694403752306679
0.7,800.0,273.0,0.22049285545286207,4.823434148664924
0.7,800.0,273.0,0.25392770182998,4.956598133522346
0.7,800.0,273.0,0.2924325036483547,5.09354579931475
0.7,800.0,273.0,0.33677605308027264,5.233903325119881
0.7,800.0,273.0,0.3878437195364236,5.377280776342199
0.7,800.0,273.0,0.44665512707340205,5.523279765172465
0.7,800.0,273.0,0.5143845123479462,5.671500651039313
0.7,800.0,273.0,0.5923841695876297,5.821549018251982
0.7,800.0,273.0,0.6822114506835166,5.973041236107372
0.7,800.0,273.0,0.785659859492348,6.125608979451142
0.7,800.0,273.0,0.9047948611813732,6.278902660947137
0.7,800.0,273.0,1.0419951215901386,6.432593796669319
0.7,800.0,273.0,1.2,6.586376390358254
0.7,800.0,298.0,0.001,2.18340903423609
0.7,800.0,298.0,0.0013130324344878836,2.233146313201499
0.7,800.0,298.0,0.0017240541740171785,2.281582672259403
0.7,800.0,298.0,0.0022637390492987737,2.3290196587187184
0.7,800.0,298.0,0.002972362794946059,2.375831959805568
0.7,800.0,298.0,0.003902808756829234,2.422475939263633
0.7,800.0,298.0,0.00512451448332012,2.469501260592771
0.7,800.0,298.0,0.0067286537276022365,2.5175656861333393
0.7,800.0,298.0,0.008834940584779547,2.567453397450465
0.7,800.0,298.0,0.01160056354458889,2.6651565458954516
0.7,800.0,298.0,0.015231916192382951,2.7257890814426777
0.7,800.0,298.0,0.020000000000000004,2.791744153523565
0.7,800.0,298.0,0.02303273739264226,2.8285167780965508
0.7,800.0,298.0,0.026525349589921046,2.8673525781188007
0.7,800.0,298.0,0.030547570567634134,2.908501814666783
0.7,800.0,298.0,0.03517970854337624,2.9522300639881403
0.7,800.0,298.0,0.04051424942146391,2.998816460387782
0.7,800.0,298.0,0.04665770337922934,3.04855126979448
0.7,800.0,298.0,0.05373273146387932,3.101732757123246
0.7,800.0,298.0,0.061880594659844954,3.158663331352843
0.7,800.0,298.0,0.07126397432503748,3.219644978243552
0.7,800.0,298.0,0.08207022030922942,3.284974021884209
0.7,800.0,298.0,0.09451509160693887,3.3549352925186087
0.7,800.0,298.0,0.10884706423120744,3.429795818626534
0.7,800.0,298.0,0.12535229231987327,3.509798204631961
0.7,800.0,298.0,0.1443603215284684,3.5951538996165517
0.7,800.0,298.0,0.1662506687841307,3.6860366036932697
0.7,800.0,298.0,0.1914603997728015,3.7825760927403915
0.7,800.0,298.0,0.22049285545286207,3.8848527635099694
0.7,800.0,298.0,0.25392770182998,3.9928932037883826
0.7,800.0,298.0,0.2924325036483547,4.106667071018144
0.7,800.0,298.0,0.33677605308027264,4.226085514351418
0.7,800.0,298.0,0.3878437195364236,4.3510012997174705
0.7,800.0,298.0,0.44665512707340205,4.4812106997527685
0.7,800.0,298.0,0.5143845123479462,4.616457099321214
0.7,800.0,298.0,0.5923841695876297,4.756436154960082
0.7,800.0,298.0,0.6822114506835166,5.039355591125538
0.7,800.0,298.0,0.785659859492348,5.1912457174183375
0.7,800.0,298.0,0.9047948611813732,5.346612539813913
0.7,800.0,298.0,1.0419951215901386,5.504955449503177
0.7,800.0,298.0,1.2,5.6657632364916655
0.7,800.0,323.0,0.001,1.5162718346692856
0.7,800.0,323.0,0.0013130324344878836,1.5911323290987809
0.7,800.0,323.0,0.0017240541740171785,1.8337108575548382
0.7,800.0,323.0,0.0022637390492987737,1.9081402466727113
0.7,800.0,323.0,0.002972362794946059,1.9800929571042112
0.7,800.0,323.0,0.003902808756829234,2.0497975630753413
0.7,800.0,323.0,0.00512451448332012,2.1175815714458763
0.7,800.0,323.0,0.0067286537276022365,2.1838709996301455
0.7,800.0,323.0,0.008834940584779547,2.249195369472309
0.7,800.0,323.0,0.01160056354458889,2.314198053934861
0.7,800.0,323.0,0.015231916192382951,2.2136688440653165
0.7,800.0,323.0,0.020000000000000004,2.2805724968554593
0.7,800.0,323.0,0.02303273739264226,2.481996539227859
0.7,800.0,323.0,0.026525349589921046,2.518347118471296
0.7,800.0,323.0,0.030547570567634134,2.5557041159605824
0.7,800.0,323.0,0.03517970854337624,2.594265000782675
0.7,800.0,323.0,0.04051424942146391,2.6342423265572235
0.7,800.0,323.0,0.04665770337922934,2.6758641885969756
0.7,800.0,323.0,0.05373273146387932,2.719374484312285
0.7,800.0,323.0,0.061880594659844954,2.765032897208703
0.7,800.0,323.0,0.07126397432503748,2.8131145136415894
0.7,800.0,323.0,0.08207022030922942,2.8639089732676637
0.7,800.0,323.0,0.09451509160693887,2.9177190505770083
0.7,800.0,323.0,0.10884706423120744,2.974858568054789
0.7,800.0,323.0,0.12535229231987327,3.035649553487846
0.7,800.0,323.0,0.1443603215284684,3.1004185763128547
0.7,800.0,323.0,0.1662506687841307,3.044743518517112
0.7,800.0,323.0,0.1914603997728015,3.1184882517815278
0.7,800.0,323.0,0.22049285545286207,3.19697765125694
0.7,800.0,323.0,0.25392770182998,3.4056895159533416
0.7,800.0,323.0,0.2924325036483547,3.495045277337598
0.7,800.0,323.0,0.33677605308027264,3.5901273175183848
0.7,800.0,323.0,0.3878437195364236,3.691128137425533
0.7,800.0,323.0,0.44665512707340205,3.7981925897221744
0.7,800.0,323.0,0.5143845123479462,3.9114113890878253
0.7,800.0,323.0,0.5923841695876297,4.030815590227709
0.7,800.0,323.0,0.6822114506835166,4.156372324234975
0.7,800.0,323.0,0.785659859492348,4.287982044226208
0.7,800.0,323.0,0.9047948611813732,4.425477477542657
0.7,800.0,323.0,1.0419951215901386,4.5686244172596915
0.7,800.0,323.0,1.2,4.717124412985489
1.0,0.0,273.0,0.001,0.022131310835488274
1.0,0.0,273.0,0.0013130324344878836,0.028949372234534893
1.0,0.0,273.0,0.0017240541740171785,0.03782591856536259
1.0,0.0,273.0,0.0022637390492987737,0.04935468389092359
1.0,0.0,273.0,0.002972362794946059,0.06428324279873578
1.0,0.0,273.0,0.003902808756829234,0.08354272314760323
1.0,0.0,273.0,0.00512451448332012,0.10827778623038033
1.0,0.0,273.0,0.0067286537276022365,0.13987372775547133
1.0,0.0,273.0,0.008834940584779547,0.1799761264963608
1.0,0.0,273.0,0.01160056354458889,0.23049689215275743
1.0,0.0,273.0,0.015231916192382951,0.293599036823163
1.0,0.0,273.0,0.020000000000000004,0.3716514941650781
1.0,0.0,273.0,0.02303273739264226,0.4188206645998789
1.0,0.0,273.0,0.026525349589921046,0.47102801398491334
1.0,0.0,273.0,0.030547570567634134,0.5286183041691404
1.0,0.0,273.0,0.03517970854337624,0.5919236219390738
1.0,0.0,273.0,0.04051424942146391,0.6612559953468681
1.0,0.0,273.0,0.04665770337922934,0.7368995886042732
1.0,0.0,273.0,0.05373273146387932,0.8191027291390172
1.0,0.0,273.0,0.061880594659844954,0.9080700647402077
1.0,0.0,273.0,0.07126397432503748,1.0039551798781396
1.0,0.0,273.0,0.08207022030922942,1.1068540154647948
1.0,0.0,273.0,0.09451509160693887,1.2167994333996857
1.0,0.0,273.0,0.10884706423120744,1.3337572442972248
1.0,0.0,273.0,0.12535229231987327,1.457623971832116
1.0,0.0,273.0,0.1443603215284684,1.5882265584835755
1.0,0.0,273.0,0.1662506687841307,1.7253241248644586
1.0,0.0,273.0,0.1914603997728015,1.9409811688290193
1.0,0.0,273.0,0.22049285545286207,2.0936792774881905
1.0,0.0,273.0,0.25392770182998,2.2517590106557877
1.0,0.0,273.0,0.2924325036483547,2.414755861160498
1.0,0.0,273.0,0.33677605308027264,2.58217692224045
1.0,0.0,273.0,0.3878437195364236,2.7535114398092393
1.0,0.0,273.0,0.44665512707340205,2.9282410763017888
1.0,0.0,273.0,0.5143845123479462,3.105849430727586
1.0,0.0,273.0,0.5923841695876297,3.2858304539317733
1.0,0.0,273.0,0.6822114506835166,3.467695512798706
1.0,0.0,273.0,0.785659859492348,3.6509789785383977
1.0,0.0,273.0,0.9047948611813732,3.8352423297656846
1.0,0.0,273.0,1.0419951215901386,4.020076860632778
1.0,0.0,273.0,1.2,4.20510516039963
1.0,0.0,298.0,0.001,0.008880251645204775
1.0,0.0,298.0,0.0013130324344878836,0.011643170199037975
1.0,0.0,298.0,0.0017240541740171785,0.015258967676562344
1.0,0.0,298.0,0.0022637390492987737,0.019986203775570265
1.0,0.0,298.0,0.002972362794946059,0.026158605416207133
1.0,0.0,298.0,0.003902808756829234,0.034204795336771496
1.0,0.0,298.0,0.00512451448332012,0.044671860095051995
1.0,0.0,298.0,0.0067286537276022365,0.05825269377960018
1.0,0.0,298.0,0.008834940584779547,0.0758165040988911
1.0,0.0,298.0,0.01160056354458889,0.09844104669514005
1.0,0.0,298.0,0.015231916192382951,0.1274440392139399
1.0,0.0,298.0,0.020000000000000004,0.1644098137010029
1.0,0.0,298.0,0.02303273739264226,0.18731294669673054
1.0,0.0,298.0,0.026525349589921046,0.2131436545248322
1.0,0.0,298.0,0.030547570567634134,0.24221219673378727
1.0,0.0,298.0,0.03517970854337624,0.27484738932286634
1.0,0.0,298.0,0.04051424942146391,0.3113945882161727
1.0,0.0,298.0,0.04665770337922934,0.35221287819063796
1.0,0.0,298.0,0.05373273146387932,0.3976713905593168
1.0,0.0,298.0,0.061880594659844954,0.448144697985387
1.0,0.0,298.0,0.07126397432503748,0.5040072711224141
1.0,0.0,298.0,0.08207022030922942,0.5656270289129576
1.0,0.0,298.0,0.09451509160693887,0.6333580703053293
1.0,0.0,298.0,0.10884706423120744,0.7075327363305592
1.0,0.0,298.0,0.12535229231987327,0.7884532133105375
1.0,0.0,298.0,0.1443603215284684,0.8763829454430888
1.0,0.0,298.0,0.1662506687841307,0.9715381734203768
1.0,0.0,298.0,0.1914603997728015,1.0740799510959647
1.0,0.0,298.0,0.22049285545286207,1.1841070112797607
1.0,0.0,298.0,0.25392770182998,1.301649851672936
1.0,0.0,298.0,0.2924325036483547,1.4266663899249081
1.0,0.0,298.0,0.33677605308027264,1.5590394899426256
1.0,0.0,298.0,0.3878437195364236,1.7636659259186633
1.0,0.0,298.0,0.44665512707340205,1.9137573521949611
1.0,0.0,298.0,0.5143845123479462,2.0704348820303835
1.0,0.0,298.0,0.5923841695876297,2.2332906821709573
1.0,0.0,298.0,0.6822114506835166,2.4018643245461013
1.0,0.0,298.0,0.785659859492348,2.5756529477146737
1.0,0.0,298.0,0.9047948611813732,2.7541222552406506
1.0,0.0,298.0,1.0419951215901386,2.936717780287309
1.0,0.0,298.0,1.2,3.1228758651835715
1.0,0.0,323.0,0.001,0.004088457822275885
1.0,0.0,323.0,0.0013130324344878836,0.005364893274511664
1.0,0.0,323.0,0.0017240541740171785,0.007038463566567826
1.0,0.0,323.0,0.0022637390492987737,0.009231749172257976
1.0,0.0,323.0,0.002972362794946059,0.012104475699483787
1.0,0.0,323.0,0.003902808756829234,0.015864290092336118
1.0,0.0,323.0,0.00512451448332012,0.020780337246225716
1.0,0.0,323.0,0.0067286537276022365,0.0272001489967417
1.0,0.0,323.0,0.008834940584779547,0.03557030834800592
1.0,0.0,323.0,0.01160056354458889,0.04646119041738749
1.0,0.0,323.0,0.015231916192382951,0.06059574956024219
1.0,0.0,323.0,0.020000000000000004,0.0788817559609667
1.0,0.0,323.0,0.02303273739264226,0.09035802986569524
1.0,0.0,323.0,0.026525349589921046,0.10343162049065119
1.0,0.0,323.0,0.030547570567634134,0.11830490522058831
1.0,0.0,323.0,0.03517970854337624,0.13520075432408812
1.0,0.0,323.0,0.04051424942146391,0.15436336080243093
1.0,0.0,323.0,0.04665770337922934,0.17605879417530798
1.0,0.0,323.0,0.05373273146387932,0.200575195230589
1.0,0.0,323.0,0.061880594659844954,0.22822251976509916
1.0,0.0,323.0,0.07126397432503748,0.25933173198451565
1.0,0.0,323.0,0.08207022030922942,0.29425334386710694
1.0,0.0,323.0,0.09451509160693887,0.33335519722632984
1.0,0.0,323.0,0.10884706423120744,0.3770193925581343
1.0,0.0,323.0,0.12535229231987327,0.42563828519871844
1.0,0.0,323.0,0.1443603215284684,0.4796094966127718
1.0,0.0,323.0,0.1662506687841307,0.5393299276237821
1.0,0.0,323.0,0.1914603997728015,0.6051888105554358
1.0,0.0,323.0,0.22049285545286207,0.6775598964466212
1.0,0.0,323.0,0.25392770182998,0.7567929381154184
1.0,0.0,323.0,0.2924325036483547,0.843204695223636
1.0,0.0,323.0,0.33677605308027264,0.9370697485827673
1.0,0.0,323.0,0.3878437195364236,1.038611462908946
1.0,0.0,323.0,0.44665512707340205,1.1479934757922652
1.0,0.0,323.0,0.5143845123479462,1.265312112012008
1.0,0.0,323.0,0.5923841695876297,1.390590122914435
1.0,0.0,323.0,0.6822114506835166,1.5237721267445115
1.0,0.0,323.0,0.785659859492348,1.7264594878474286
1.0,0.0,323.0,0.9047948611813732,1.8786709521598908
1.0,0.0,323.0,1.0419951215901386,2.0382026793355608
1.0,0.0,323.0,1.2,2.2046782806067804
1.0,100.0,273.0,0.001,0.025109527838145854
1.0,100.0,273.0,0.0013130324344878836,0.03280863125172258
1.0,100.0,273.0,0.0017240541740171785,0.04280935619274196
1.0,100.0,273.0,0.0022637390492987737,0.055762518990539967
1.0,100.0,273.0,0.002972362794946059,0.07248119385669093
1.0,100.0,273.0,0.003902808756829234,0.09396963105540891
1.0,100.0,273.0,0.00512451448332012,0.12145168303147362
1.0,100.0,273.0,0.0067286537276022365,0.15639547854990968
1.0,100.0,273.0,0.008834940584779547,0.20052944223586416
1.0,100.0,273.0,0.01160056354458889,0.25584274742334095
1.0,100.0,273.0,0.015231916192382951,0.32456136215743076
1.0,100.0,273.0,0.020000000000000004,0.409090038112331
1.0,100.0,273.0,0.02303273739264226,0.45995457825418784
1.0,100.0,273.0,0.026525349589921046,0.5160800519434302
1.0,100.0,273.0,0.030547570567634134,0.5777989482229668
1.0,100.0,273.0,0.03517970854337624,0.6454255207653409
1.0,100.0,273.0,0.04051424942146391,0.7192481241557672
1.0,100.0,273.0,0.04665770337922934,0.7995213797265431
1.0,100.0,273.0,0.05373273146387932,0.8864584638806259
1.0,100.0,273.0,0.061880594659844954,0.9802238363660125
1.0,100.0,273.0,0.07126397432503748,1.0809267344360094
1.0,100.0,273.0,0.08207022030922942,1.1886157504177748
1.0,100.0,273.0,0.09451509160693887,1.3032747844469132
1.0,100.0,273.0,0.10884706423120744,1.4248206204772405
1.0,100.0,273.0,0.12535229231987327,1.553102311570852
1.0,100.0,273.0,0.1443603215284684,1.757388554639597
1.0,100.0,273.0,0.1662506687841307,1.9019538171607302
1.0,100.0,273.0,0.1914603997728015,2.052359224536549
1.0,100.0,273.0,0.22049285545286207,2.208203326806773
1.0,100.0,273.0,0.25392770182998,2.3690455692361945
1.0,100.0,273.0,0.2924325036483547,2.5344159435399174
1.0,100.0,273.0,0.33677605308027264,2.7038248992001517
1.0,100.0,273.0,0.3878437195364236,2.8767730391151765
1.0,100.0,273.0,0.44665512707340205,3.052760187059814
1.0,100.0,273.0,0.5143845123479462,3.23129350439744
1.0,100.0,273.0,0.5923841695876297,3.41189443544663
1.0,100.0,273.0,0.6822114506835166,3.594104361598125
1.0,100.0,273.0,0.785659859492348,3.7774889341260343
1.0,100.0,273.0,0.9047948611813732,3.961641129494187
1.0,100.0,273.0,1.0419951215901386,4.146183127404351
1.0,100.0,273.0,1.2,4.330767151644162
1.0,100.0,298.0,0.001,0.009943960463716855
1.0,100.0,298.0,0.0013130324344878836,0.013032749248485053
1.0,100.0,298.0,0.0017240541740171785,0.01707152809701958
1.0,100.0,298.0,0.0022637390492987737,0.022346000353205966
1.0,100.0,298.0,0.002972362794946059,0.02922350269591747
1.0,100.0,298.0,0.003902808756829234,0.03817363083119045
1.0,100.0,298.0,0.00512451448332012,0.04979249374987048
1.0,100.0,298.0,0.0067286537276022365,0.06483036397727272
1.0,100.0,298.0,0.008834940584779547,0.08422194404840348
1.0,100.0,298.0,0.01160056354458889,0.10911768535211505
1.0,100.0,298.0,0.015231916192382951,0.14091351368306604
1.0,100.0,298.0,0.020000000000000004,0.18127485569854704
1.0,100.0,298.0,0.02303273739264226,0.20620214547531887
1.0,100.0,298.0,0.026525349589921046,0.2342511819530604
1.0,100.0,298.0,0.030547570567634134,0.2657419810806809
1.0,100.0,298.0,0.03517970854337624,0.3010118956418995
1.0,100.0,298.0,0.04051424942146391,0.3404131148726487
1.0,100.0,298.0,0.04665770337922934,0.3843092869133315
1.0,100.0,298.0,0.05373273146387932,0.43307120203495575
1.0,100.0,298.0,0.061880594659844954,0.4870715137779783
1.0,100.0,298.0,0.07126397432503748,0.546678525481944
1.0,100.0,298.0,0.08207022030922942,0.6122491283271287
1.0,100.0,298.0,0.09451509160693887,0.684121039685402
1.0,100.0,298.0,0.10884706423120744,0.7626045521621593
1.0,100.0,298.0,0.12535229231987327,0.8479740589999194
1.0,100.0,298.0,0.1443603215284684,0.9404596659645026
1.0,100.0,298.0,0.1662506687841307,1.0402392300385082
1.0,100.0,298.0,0.1914603997728015,1.14743117897602
1.0,100.0,298.0,0.22049285545286207,1.2620884616118273
1.0,100.0,298.0,0.25392770182998,1.384193955610031
1.0,100.0,298.0,0.2924325036483547,1.5136576158138169
1.0,100.0,298.0,0.33677605308027264,1.7155798561064663
1.0,100.0,298.0,0.3878437195364236,1.862784858242144
1.0,100.0,298.0,0.44665512707340205,2.016627894059256
1.0,100.0,298.0,0.5143845123479462,2.1767301571035955
1.0,100.0,298.0,0.5923841695876297,2.3426596652282647
1.0,100.0,298.0,0.6822114506835166,2.513940650022079
1.0,100.0,298.0,0.785659859492348,2.6900638243804735
1.0,100.0,298.0,0.9047948611813732,2.8704970013213
1.0,100.0,298.0,1.0419951215901386,3.0546955574132
1.0,100.0,298.0,1.2,3.2421122951112666
1.0,100.0,323.0,0.001,0.004524939076960347
1.0,100.0,323.0,0.0013130324344878836,0.0059367581348339265
1.0,100.0,323.0,0.0017240541740171785,0.007787205958857639
1.0,100.0,323.0,0.0022637390492987737,0.010211233968809125
1.0,100.0,323.0,0.002972362794946059,0.013384391605418083
1.0,100.0,323.0,0.003902808756829234,0.017534412087909467
1.0,100.0,323.0,0.00512451448332012,0.02295569185991573
1.0,100.0,323.0,0.0067286537276022365,0.030027126579690238
1.0,100.0,323.0,0.008834940584779547,0.03923367972324371
1.0,100.0,323.0,0.01160056354458889,0.051191857196446686
1.0,100.0,323.0,0.015231916192382951,0.06667889700052393
1.0,100.0,323.0,0.020000000000000004,0.08666491002740691
1.0,100.0,323.0,0.02303273739264226,0.09918203125826629
1.0,100.0,323.0,0.026525349589921046,0.11341886723110911
1.0,100.0,323.0,0.030547570567634134,0.12958852061015408
1.0,100.0,323.0,0.03517970854337624,0.14792483878389137
1.0,100.0,323.0,0.04051424942146391,0.16868312160720791
1.0,100.0,323.0,0.04665770337922934,0.19214052251869632
1.0,100.0,323.0,0.05373273146387932,0.21859605054323636
1.0,100.0,323.0,0.061880594659844954,0.24837006941951278
1.0,100.0,323.0,0.07126397432503748,0.28180318181643743
1.0,100.0,323.0,0.08207022030922942,0.3192543836933979
1.0,100.0,323.0,0.09451509160693887,0.3610983789585805
1.0,100.0,323.0,0.10884706423120744,0.407721960179742
1.0,100.0,323.0,0.12535229231987327,0.4595193890086671
1.0,100.0,323.0,0.1443603215284684,0.5168867507714028
1.0,100.0,323.0,0.1662506687841307,0.5802153103000448
1.0,100.0,323.0,0.1914603997728015,0.6498839577406279
1.0,100.0,323.0,0.22049285545286207,0.7262508994635588
1.0,100.0,323.0,0.25392770182998,0.8096448150990033
1.0,100.0,323.0,0.2924325036483547,0.9003557617327447
1.0,100.0,323.0,0.33677605308027264,0.9986261556132272
1.0,100.0,323.0,0.3878437195364236,1.104642196544108
1.0,100.0,323.0,0.44665512707340205,1.2185261177185123
1.0,100.0,323.0,0.5143845123479462,1.3403296420240562
1.0,100.0,323.0,0.5923841695876297,1.4700290029457495
1.0,100.0,323.0,0.6822114506835166,1.6689532021734688
1.0,100.0,323.0,0.785659859492348,1.8177004605739244
1.0,100.0,323.0,0.9047948611813732,1.9738281517994996
1.0,100.0,323.0,1.0419951215901386,2.136994528144227
1.0,100.0,323.0,1.2,2.306791546028996
1.0,200.0,273.0,0.001,0.03231853134871974
1.0,200.0,273.0,0.0013130324344878836,0.04207524989416095
1.0,200.0,273.0,0.0017240541740171785,0.054660572967826046
1.0,200.0,273.0,0.0022637390492987737,0.07083024287496244
1.0,200.0,273.0,0.002972362794946059,0.09151085842514202
1.0,200.0,273.0,0.003902808756829234,0.1178252452313196
1.0,200.0,273.0,0.00512451448332012,0.15111553205562572
1.0,200.0,273.0,0.0067286537276022365,0.19295958544809333
1.0,200.0,273.0,0.008834940584779547,0.24517433165500163
1.0,200.0,273.0,0.01160056354458889,0.30979784393707016
1.0,200.0,273.0,0.015231916192382951,0.38904199125430167
1.0,200.0,273.0,0.020000000000000004,0.48520977321112163
1.0,200.0,273.0,0.02303273739264226,0.5424821095728655
1.0,200.0,273.0,0.026525349589921046,0.6052194150874215
1.0,200.0,273.0,0.030547570567634134,0.6737051238337392
1.0,200.0,273.0,0.03517970854337624,0.7481972229297701
1.0,200.0,273.0,0.04051424942146391,0.8289217691881231
1.0,200.0,273.0,0.04665770337922934,0.9160666318140559
1.0,200.0,273.0,0.05373273146387932,1.0097756889999159
1.0,200.0,273.0,0.061880594659844954,1.1101437012837776
1.0,200.0,273.0,0.07126397432503748,1.217212068500246
1.0,200.0,273.0,0.08207022030922942,1.3309656517054336
1.0,200.0,273.0,0.09451509160693887,1.4513308089207495
1.0,200.0,273.0,0.10884706423120744,1.5781747560196546
1.0,200.0,273.0,0.12535229231987327,1.7828813663731997
1.0,200.0,273.0,0.1443603215284684,1.925306617743586
1.0,200.0,273.0,0.1662506687841307,2.073371243100693
1.0,200.0,273.0,0.1914603997728015,2.2267241418953883
1.0,200.0,273.0,0.22049285545286207,2.384977744154956
1.0,200.0,273.0,0.25392770182998,2.5477153338437257
1.0,200.0,273.0,0.2924325036483547,2.714498807599339
1.0,200.0,273.0,0.33677605308027264,2.884876557307295
1.0,200.0,273.0,0.3878437195364236,3.0583911758335964
1.0,200.0,273.0,0.44665512707340205,3.234586711426632
1.0,200.0,273.0,0.5143845123479462,3.413015233681539
1.0,200.0,273.0,0.5923841695876297,3.5932425189220853
1.0,200.0,273.0,0.6822114506835166,3.774852713085238
1.0,200.0,273.0,0.785659859492348,3.957451884708413
1.0,200.0,273.0,0.9047948611813732,4.140670439028771
1.0,200.0,273.0,1.0419951215901386,4.324164425515219
1.0,200.0,273.0,1.2,4.7219169622264285
1.0,200.0,298.0,0.001,0.012334340599388413
1.0,200.0,298.0,0.0013130324344878836,0.016145966871771247
1.0,200.0,298.0,0.0017240541740171785,0.021116850502087618
1.0,200.0,298.0,0.0022637390492987737,0.02758746377971735
1.0,200.0,298.0,0.002972362794946059,0.03599092648175229
1.0,200.0,298.0,0.003902808756829234,0.0468741862588251
1.0,200.0,298.0,0.00512451448332012,0.0609221188357235
1.0,200.0,298.0,0.0067286537276022365,0.07898412007177358
1.0,200.0,298.0,0.008834940584779547,0.10210226113536608
1.0,200.0,298.0,0.01160056354458889,0.13153923501830725
1.0,200.0,298.0,0.015231916192382951,0.1688029365028591
1.0,200.0,298.0,0.020000000000000004,0.21566250951182028
1.0,200.0,298.0,0.02303273739264226,0.24439285117433104
1.0,200.0,298.0,0.026525349589921046,0.27655289691202756
1.0,200.0,298.0,0.030547570567634134,0.3124672002403825
1.0,200.0,298.0,0.03517970854337624,0.3524732105816474
1.0,200.0,298.0,0.04051424942146391,0.39691784806848424
1.0,200.0,298.0,0.04665770337922934,0.4461532392821151
1.0,200.0,298.0,0.05373273146387932,0.5005316298849193
1.0,200.0,298.0,0.061880594659844954,0.5603995348565031
1.0,200.0,298.0,0.07126397432503748,0.626091234028207
1.0,200.0,298.0,0.08207022030922942,0.69792176673467
1.0,200.0,298.0,0.09451509160693887,0.7761796214159846
1.0,200.0,298.0,0.10884706423120744,0.8611193507459418
1.0,200.0,298.0,0.12535229231987327,0.9529543675332218
1.0,200.0,298.0,0.1443603215284684,1.0518501891468481
1.0,200.0,298.0,0.1662506687841307,1.1579183974751088
1.0,200.0,298.0,0.1914603997728015,1.2712115675400373
1.0,200.0,298.0,0.22049285545286207,1.3917193920170827
1.0,200.0,298.0,0.25392770182998,1.5193661928072641
1.0,200.0,298.0,0.2924325036483547,1.7207348953454435
1.0,200.0,298.0,0.33677605308027264,1.8655578050835961
1.0,200.0,298.0,0.3878437195364236,2.0168398058155765
1.0,200.0,298.0,0.44665512707340205,2.1742468301536637
1.0,200.0,298.0,0.5143845123479462,2.337395728962889
1.0,200.0,298.0,0.5923841695876297,2.505861544331888
1.0,200.0,298.0,0.6822114506835166,2.679185639343042
1.0,200.0,298.0,0.785659859492348,2.8568843391226872
1.0,200.0,298.0,0.9047948611813732,3.038457727822413
1.0,200.0,298.0,1.0419951215901386,3.223398256241144
1.0,200.0,298.0,1.2,3.4111988419010375
1.0,200.0,323.0,0.001,0.0054389748350848945
1.0,200.0,323.0,0.0013130324344878836,0.007132890495859849
1.0,200.0,323.0,0.0017240541740171785,0.009350919342832224
1.0,200.0,323.0,0.0022637390492987737,0.012252842866136465
1.0,200.0,323.0,0.002972362794946059,0.016045548464828988
1.0,200.0,323.0,0.003902808756829234,0.020995884362422924
1.0,200.0,323.0,0.00512451448332012,0.027446403118458494
1.0,200.0,323.0,0.0067286537276022365,0.03583430559929838
1.0,200.0,323.0,0.008834940584779547,0.04671375989360029
1.0,200.0,323.0,0.01160056354458889,0.06078154161108243
1.0,200.0,323.0,0.015231916192382951,0.07890559433829154
1.0,200.0,323.0,0.020000000000000004,0.10215557956640846
1.0,200.0,323.0,0.02303273739264226,0.11664632211781603
1.0,200.0,323.0,0.026525349589921046,0.13306870165988074
1.0,200.0,323.0,0.030547570567634134,0.15165082530884386
1.0,200.0,323.0,0.03517970854337624,0.17264121732720536
1.0,200.0,323.0,0.04051424942146391,0.19630918579793655
1.0,200.0,323.0,0.04665770337922934,0.22294479463457925
1.0,200.0,323.0,0.05373273146387932,0.25285833439921584
1.0,200.0,323.0,0.061880594659844954,0.2863791808059417
1.0,200.0,323.0,0.07126397432503748,0.3238539328197781
1.0,200.0,323.0,0.08207022030922942,0.36564373472101847
1.0,200.0,323.0,0.09451509160693887,0.4121207094123552
1.0,200.0,323.0,0.10884706423120744,0.4636634635934254
1.0,200.0,323.0,0.12535229231987327,0.5206516680801249
1.0,200.0,323.0,0.1443603215284684,0.5834597662948054
1.0,200.0,323.0,0.1662506687841307,0.6524499176973152
1.0,200.0,323.0,0.1914603997728015,0.7279643369524044
1.0,200.0,323.0,0.22049285545286207,0.8103172399536707
1.0,200.0,323.0,0.25392770182998,0.8997866505762254
1.0,200.0,323.0,0.2924325036483547,0.9966063538384239
1.0,200.0,323.0,0.33677605308027264,1.1009582994989897
1.0,200.0,323.0,0.3878437195364236,1.2129657635786175
1.0,200.0,323.0,0.44665512707340205,1.33268756360121
1.0,200.0,323.0,0.5143845123479462,1.5189044239563663
1.0,200.0,323.0,0.5923841695876297,1.6574550853959897
1.0,200.0,323.0,0.6822114506835166,1.8034635410170374
1.0,200.0,323.0,0.785659859492348,1.9566955878771557
1.0,200.0,323.0,0.9047948611813732,2.1168506262883073
1.0,200.0,323.0,1.0419951215901386,2.2835666370578562
1.0,200.0,323.0,1.2,2.456426772957948
1.0,300.0,273.0,0.001,0.05359971635814383
1.0,300.0,273.0,0.0013130324344878836,0.06894938597158891
1.0,300.0,273.0,0.0017240541740171785,0.08834782846981615
1.0,300.0,273.0,0.0022637390492987737,0.11271826879501169
1.0,300.0,273.0,0.002972362794946059,0.14314261731407313
1.0,300.0,273.0,0.003902808756829234,0.18086901601048
1.0,300.0,273.0,0.00512451448332012,0.22730970379493023
1.0,300.0,273.0,0.0067286537276022365,0.28402584784644447
1.0,300.0,273.0,0.008834940584779547,0.3526977417902143
1.0,300.0,273.0,0.01160056354458889,0.4350809602002239
1.0,300.0,273.0,0.015231916192382951,0.5329505790838533
1.0,300.0,273.0,0.020000000000000004,0.6480357745224006
1.0,300.0,273.0,0.02303273739264226,0.715012036102492
1.0,300.0,273.0,0.026525349589921046,0.7872561275260774
1.0,300.0,273.0,0.030547570567634134,0.8649555538019722
1.0,300.0,273.0,0.03517970854337624,0.9482766742541361
1.0,300.0,273.0,0.04051424942146391,1.0373611436623096
1.0,300.0,273.0,0.04665770337922934,1.1323222595316063
1.0,300.0,273.0,0.05373273146387932,1.2332412811787399
1.0,300.0,273.0,0.061880594659844954,1.3401638193003345
1.0,300.0,273.0,0.07126397432503748,1.453096430781925
1.0,300.0,273.0,0.08207022030922942,1.5720035885141226
1.0,300.0,273.0,0.09451509160693887,1.767775086871007
1.0,300.0,273.0,0.10884706423120744,1.9011339847965978
1.0,300.0,273.0,0.12535229231987327,2.0399938383773324
1.0,300.0,273.0,0.1443603215284684,2.1841432901964293
1.0,300.0,273.0,0.1662506687841307,2.3333296727122486
1.0,300.0,273.0,0.1914603997728015,2.487261990706554
1.0,300.0,273.0,0.22049285545286207,2.645615167027436
1.0,300.0,273.0,0.25392770182998,2.808035359160649
1.0,300.0,273.0,0.2924325036483547,2.9741460607402677
1.0,300.0,273.0,0.33677605308027264,3.143554640686255
1.0,300.0,273.0,0.3878437195364236,3.3158589499880353
1.0,300.0,273.0,0.44665512707340205,3.4906536425294745
1.0,300.0,273.0,0.5143845123479462,3.667535906476524
1.0,300.0,273.0,0.5923841695876297,3.8461103776408225
1.0,300.0,273.0,0.6822114506835166,4.24522628370684
1.0,300.0,273.0,0.785659859492348,4.433864465692456
1.0,300.0,273.0,0.9047948611813732,4.622223374582828
1.0,300.0,273.0,1.0419951215901386,4.809894069986229
1.0,300.0,273.0,1.2,4.996507361680143
1.0,300.0,298.0,0.001,0.018772463702954822
1.0,300.0,298.0,0.0013130324344878836,0.024471414528771978
1.0,300.0,298.0,0.0017240541740171785,0.03184074041233275
1.0,300.0,298.0,0.0022637390492987737,0.04133620175068989
1.0,300.0,298.0,0.002972362794946059,0.05352135541030443
1.0,300.0,298.0,0.003902808756829234,0.06908654304651941
1.0,300.0,298.0,0.00512451448332012,0.08886918002106432
1.0,300.0,298.0,0.0067286537276022365,0.11387441480316414
1.0,300.0,298.0,0.008834940584779547,0.1452941553352027
1.0,300.0,298.0,0.01160056354458889,0.18452096284696795
1.0,300.0,298.0,0.015231916192382951,0.23315191033167812
1.0,300.0,298.0,0.020000000000000004,0.2929769871182747
1.0,300.0,298.0,0.02303273739264226,0.3290365805698016
1.0,300.0,298.0,0.026525349589921046,0.36891226576726177
1.0,300.0,298.0,0.030547570567634134,0.4128943822093058
1.0,300.0,298.0,0.03517970854337624,0.4612755407738951
1.0,300.0,298.0,0.04051424942146391,0.514347202730188
1.0,300.0,298.0,0.04665770337922934,0.572395933420898
1.0,300.0,298.0,0.05373273146387932,0.6356993802097736
1.0,300.0,298.0,0.061880594659844954,0.7045220295576332
1.0,300.0,298.0,0.07126397432503748,0.7791108028810456
1.0,300.0,298.0,0.08207022030922942,0.8596905554142966
1.0,300.0,298.0,0.09451509160693887,0.9464595468247898
1.0,300.0,298.0,0.10884706423120744,1.0395849572595337
1.0,300.0,298.0,0.12535229231987327,1.1391985287571202
1.0,300.0,298.0,0.1443603215284684,1.2453924209283755
1.0,300.0,298.0,0.1662506687841307,1.3582153828568346
1.0,300.0,298.0,0.1914603997728015,1.4776693608130114
1.0,300.0,298.0,0.22049285545286207,1.6695611680966398
1.0,300.0,298.0,0.25392770182998,1.805107643917506
1.0,300.0,298.0,0.2924325036483547,1.9469053762073218
1.0,300.0,298.0,0.33677605308027264,2.09475454961204
1.0,300.0,298.0,0.3878437195364236,2.2484077000285807
1.0,300.0,298.0,0.44665512707340205,2.4075720500792985
1.0,300.0,298.0,0.5143845123479462,2.5719131470138255
1.0,300.0,298.0,0.5923841695876297,2.7410597198631996
1.0,300.0,298.0,0.6822114506835166,2.9146095668918868
1.0,300.0,298.0,0.785659859492348,3.0921361930846456
1.0,300.0,298.0,0.9047948611813732,3.273195854005463
1.0,300.0,298.0,1.0419951215901386,3.4573346355718866
1.0,300.0,298.0,1.2,3.8378021979815817
1.0,300.0,323.0,0.001,0.007672789824812928
1.0,300.0,323.0,0.0013130324344878836,0.010048336897703245
1.0,300.0,323.0,0.0017240541740171785,0.013149348089767273
1.0,300.0,323.0,0.0022637390492987737,0.017190781371784217
1.0,300.0,323.0,0.002972362794946059,0.022447218163769475
1.0,300.0,323.0,0.003902808756829234,0.02926713392996236
1.0,300.0,323.0,0.00512451448332012,0.03808951866183423
1.0,300.0,323.0,0.0067286537276022365,0.049462855692776635
1.0,300.0,323.0,0.008834940584779547,0.06406635795029832
1.0,300.0,323.0,0.01160056354458889,0.08273317651184114
1.0,300.0,323.0,0.015231916192382951,0.10647488867989563
1.0,300.0,323.0,0.020000000000000004,0.13650571946929976
1.0,300.0,323.0,0.02303273739264226,0.15501511238562046
1.0,300.0,323.0,0.026525349589921046,0.17582246181079325
1.0,300.0,323.0,0.030547570567634134,0.19917032760147713
1.0,300.0,323.0,0.03517970854337624,0.22531838269805796
1.0,300.0,323.0,0.04051424942146391,0.25454276005512405
1.0,300.0,323.0,0.04665770337922934,0.2871349055570765
1.0,300.0,323.0,0.05373273146387932,0.3233998843533343
1.0,300.0,323.0,0.061880594659844954,0.36365410535035214
1.0,300.0,323.0,0.07126397432503748,0.4082224489780874
1.0,300.0,323.0,0.08207022030922942,0.4574348052754971
1.0,300.0,323.0,0.09451509160693887,0.5116220514780494
1.0,300.0,323.0,0.10884706423120744,0.5711115196826887
1.0,300.0,323.0,0.12535229231987327,0.6362220252161285
1.0,300.0,323.0,0.1443603215284684,0.707258544620892
1.0,300.0,323.0,0.1662506687841307,0.784506648223289
1.0,300.0,323.0,0.1914603997728015,0.8682268054090481
1.0,300.0,323.0,0.22049285545286207,0.9586486903123229
1.0,300.0,323.0,0.25392770182998,1.0559656212577115
1.0,300.0,323.0,0.2924325036483547,1.160329269395289
1.0,300.0,323.0,0.33677605308027264,1.2718447719587949
1.0,300.0,323.0,0.3878437195364236,1.390566385630727
1.0,300.0,323.0,0.44665512707340205,1.5774069967320468
1.0,300.0,323.0,0.5143845123479462,1.7136901086902572
1.0,300.0,323.0,0.5923841695876297,1.8569507685198212
1.0,300.0,323.0,0.6822114506835166,2.0070144006119164
1.0,300.0,323.0,0.785659859492348,2.16365130404357
1.0,300.0,323.0,0.9047948611813732,2.3265784410251324
1.0,300.0,323.0,1.0419951215901386,2.4954625590624406
1.0,300.0,323.0,1.2,2.66992462740979
1.0,400.0,273.0,0.001,0.13110813562670354
1.0,400.0,273.0,0.0013130324344878836,0.1632038113850238
1.0,400.0,273.0,0.0017240541740171785,0.2017659294720079
1.0,400.0,273.0,0.0022637390492987737,0.24764420042862517
1.0,400.0,273.0,0.002972362794946059,0.30167615349190885
1.0,400.0,273.0,0.003902808756829234,0.3646688749095959
1.0,400.0,273.0,0.00512451448332012,0.43739586536038433
1.0,400.0,273.0,0.0067286537276022365,0.5206135977010593
1.0,400.0,273.0,0.008834940584779547,0.6150969011340324
1.0,400.0,273.0,0.01160056354458889,0.7216853962868146
1.0,400.0,273.0,0.015231916192382951,0.8413267323188246
1.0,400.0,273.0,0.020000000000000004,0.9750988508250544
1.0,400.0,273.0,0.02303273739264226,1.0504007878984918
1.0,400.0,273.0,0.026525349589921046,1.129994485358085
1.0,400.0,273.0,0.030547570567634134,1.2140549544196424
1.0,400.0,273.0,0.03517970854337624,1.3027533866780148
1.0,400.0,273.0,0.04051424942146391,1.3962520192649586
1.0,400.0,273.0,0.04665770337922934,1.494698537504293
1.0,400.0,273.0,0.05373273146387932,1.5982202424138985
1.0,400.0,273.0,0.061880594659844954,1.7069182283019984
1.0,400.0,273.0,0.07126397432503748,1.820861821931684
1.0,400.0,273.0,0.08207022030922942,2.011820121738213
1.0,400.0,273.0,0.09451509160693887,2.1387383305365875
1.0,400.0,273.0,0.10884706423120744,2.2708885985522174
1.0,400.0,273.0,0.12535229231987327,2.408178597873992
1.0,400.0,273.0,0.1443603215284684,2.5504666756974728
1.0,400.0,273.0,0.1662506687841307,2.697562193577506
1.0,400.0,273.0,0.1914603997728015,2.8492274150873556
1.0,400.0,273.0,0.22049285545286207,3.00518086214244
1.0,400.0,273.0,0.25392770182998,3.1651019784186785
1.0,400.0,273.0,0.2924325036483547,3.3286368701184914
1.0,400.0,273.0,0.33677605308027264,3.711945485842768
1.0,400.0,273.0,0.3878437195364236,3.8884784558983956
1.0,400.0,273.0,0.44665512707340205,4.066775457726654
1.0,400.0,273.0,0.5143845123479462,4.2463695929267224
1.0,400.0,273.0,0.5923841695876297,4.4268051672491415
1.0,400.0,273.0,0.6822114506835166,4.607644655714283
1.0,400.0,273.0,0.785659859492348,4.7884747623556425
1.0,400.0,273.0,0.9047948611813732,4.968911437738068
1.0,400.0,273.0,1.0419951215901386,5.148603777252107
1.0,400.0,273.0,1.2,5.3272367798693905
1.0,400.0,298.0,0.001,0.04052715777174814
1.0,400.0,298.0,0.0013130324344878836,0.0520992571225668
1.0,400.0,298.0,0.0017240541740171785,0.06669203381018927
1.0,400.0,298.0,0.0022637390492987737,0.0849728147824886
1.0,400.0,298.0,0.002972362794946059,0.10771399077539559
1.0,400.0,298.0,0.003902808756829234,0.13579560209891556
1.0,400.0,298.0,0.00512451448332012,0.17020148533721022
1.0,400.0,298.0,0.0067286537276022365,0.21200714474380555
1.0,400.0,298.0,0.008834940584779547,0.26235954902779374
1.0,400.0,298.0,0.01160056354458889,0.3224520213833565
1.0,400.0,298.0,0.015231916192382951,0.39349995916590075
1.0,400.0,298.0,0.020000000000000004,0.4767238000706335
1.0,400.0,298.0,0.02303273739264226,0.5250633749305529
1.0,400.0,298.0,0.026525349589921046,0.5771733156219886
1.0,400.0,298.0,0.030547570567634134,0.6332246480358091
1.0,400.0,298.0,0.03517970854337624,0.6933895879167645
1.0,400.0,298.0,0.04051424942146391,0.7578417947214956
1.0,400.0,298.0,0.04665770337922934,0.8267562915286233
1.0,400.0,298.0,0.05373273146387932,0.900308883398359
1.0,400.0,298.0,0.061880594659844954,0.9786749247814094
1.0,400.0,298.0,0.07126397432503748,1.0620273239618794
1.0,400.0,298.0,0.08207022030922942,1.1505337265319333
1.0,400.0,298.0,0.09451509160693887,1.2443528853012673
1.0,400.0,298.0,0.10884706423120744,1.343630293850794
1.0,400.0,298.0,0.12535229231987327,1.448493227765115
1.0,400.0,298.0,0.1443603215284684,1.5590453950316623
1.0,400.0,298.0,0.1662506687841307,1.7403233826368099
1.0,400.0,298.0,0.1914603997728015,1.864988710561636
1.0,400.0,298.0,0.22049285545286207,1.9954282986047167
1.0,400.0,298.0,0.25392770182998,2.1316130291603326
1.0,400.0,298.0,0.2924325036483547,2.273467631021767
1.0,400.0,298.0,0.33677605308027264,2.420867972485047
1.0,400.0,298.0,0.3878437195364236,2.573639814206622
1.0,400.0,298.0,0.44665512707340205,2.7315591219412103
1.0,400.0,298.0,0.5143845123479462,2.894353944052801
1.0,400.0,298.0,0.5923841695876297,3.061707766708123
1.0,400.0,298.0,0.6822114506835166,3.43015909324827
1.0,400.0,298.0,0.785659859492348,3.6142346963325345
1.0,400.0,298.0,0.9047948611813732,3.8011279583363633
1.0,400.0,298.0,1.0419951215901386,3.990313179109932
1.0,400.0,298.0,1.2,4.181262328822828
1.0,400.0,323.0,0.001,0.014363758914722621
1.0,400.0,323.0,0.0013130324344878836,0.018720221969074236
1.0,400.0,323.0,0.0017240541740171785,0.02435010006598081
1.0,400.0,323.0,0.0022637390492987737,0.03159800789941455
1.0,400.0,323.0,0.002972362794946059,0.040887992650387915
1.0,400.0,323.0,0.003902808756829234,0.05273633153117328
1.0,400.0,323.0,0.00512451448332012,0.06776484276569306
1.0,400.0,323.0,0.0067286537276022365,0.08671426157857652
1.0,400.0,323.0,0.008834940584779547,0.11045669898979182
1.0,400.0,323.0,0.01160056354458889,0.14000531268823094
1.0,400.0,323.0,0.015231916192382951,0.17651841072518923
1.0,400.0,323.0,0.020000000000000004,0.22129497058446349
1.0,400.0,323.0,0.02303273739264226,0.2482264346218687
1.0,400.0,323.0,0.026525349589921046,0.2779698398487435
1.0,400.0,323.0,0.030547570567634134,0.3107412328258001
1.0,400.0,323.0,0.03517970854337624,0.3467615273713813
1.0,400.0,323.0,0.04051424942146391,0.3862551911094696
1.0,400.0,323.0,0.04665770337922934,0.4294489434892894
1.0,400.0,323.0,0.05373273146387932,0.4765705035870801
1.0,400.0,323.0,0.061880594659844954,0.5278474071365812
1.0,400.0,323.0,0.07126397432503748,0.5835058874859396
1.0,400.0,323.0,0.08207022030922942,0.6437697866964979
1.0,400.0,323.0,0.09451509160693887,0.7088594337451379
1.0,400.0,323.0,0.10884706423120744,0.7789904005139618
1.0,400.0,323.0,0.12535229231987327,0.854372027269933
1.0,400.0,323.0,0.1443603215284684,0.9352056020259806
1.0,400.0,323.0,0.1662506687841307,1.0216820861318927
1.0,400.0,323.0,0.1914603997728015,1.1139793035387544
1.0,400.0,323.0,0.22049285545286207,1.2122585528060053
1.0,400.0,323.0,0.25392770182998,1.3166606557616936
1.0,400.0,323.0,0.2924325036483547,1.4273015192286906
1.0,400.0,323.0,0.33677605308027264,1.6045547473240556
1.0,400.0,323.0,0.3878437195364236,1.7306579375486262
1.0,400.0,323.0,0.44665512707340205,1.8631007666650086
1.0,400.0,323.0,0.5143845123479462,2.001863898609016
1.0,400.0,323.0,0.5923841695876297,2.146883181366789
1.0,400.0,323.0,0.6822114506835166,2.298046045294528
1.0,400.0,323.0,0.785659859492348,2.455189107288263
1.0,400.0,323.0,0.9047948611813732,2.618097197254814
1.0,400.0,323.0,1.0419951215901386,2.786503926457811
1.0,400.0,323.0,1.2,2.960093813709889
1.0,500.0,273.0,0.001,0.4293136705794122
1.0,500.0,273.0,0.0013130324344878836,0.49751819491781557
1.0,500.0,273.0,0.0017240541740171785,0.5712223899983957
1.0,500.0,273.0,0.0022637390492987737,0.6501465628615732
1.0,500.0,273.0,0.002972362794946059,0.7341009555854878
1.0,500.0,273.0,0.003902808756829234,0.8230616047635391
1.0,500.0,273.0,0.00512451448332012,0.9172348591667423
1.0,500.0,273.0,0.0067286537276022365,1.0171062441560825
1.0,500.0,273.0,0.008834940584779547,1.123471447365787
1.0,500.0,273.0,0.01160056354458889,1.2374469766398377
1.0,500.0,273.0,0.015231916192382951,1.3604560670254098
1.0,500.0,273.0,0.020000000000000004,1.4941833693039082
1.0,500.0,273.0,0.02303273739264226,1.5683395026466111
1.0,500.0,273.0,0.026525349589921046,1.6461450258454342
1.0,500.0,273.0,0.030547570567634134,1.727867537517929
1.0,500.0,273.0,0.03517970854337624,1.8137666594359507
1.0,500.0,273.0,0.04051424942146391,1.9040871191722075
1.0,500.0,273.0,0.04665770337922934,1.999051566605042
1.0,500.0,273.0,0.05373273146387932,2.168350891922422
1.0,500.0,273.0,0.061880594659844954,2.2756318241804196
1.0,500.0,273.0,0.07126397432503748,2.387996358996611
1.0,500.0,273.0,0.08207022030922942,2.5054944653000453
1.0,500.0,273.0,0.09451509160693887,2.628124687235396
1.0,500.0,273.0,0.10884706423120744,2.7558318649442697
1.0,500.0,273.0,0.12535229231987327,2.888506435235876
1.0,500.0,273.0,0.1443603215284684,3.0259853890657658
1.0,500.0,273.0,0.1662506687841307,3.1680548707470337
1.0,500.0,273.0,0.1914603997728015,3.314454309952194
1.0,500.0,273.0,0.22049285545286207,3.464881890834434
1.0,500.0,273.0,0.25392770182998,3.830790305479357
1.0,500.0,273.0,0.2924325036483547,3.9915265317208513
1.0,500.0,273.0,0.33677605308027264,4.155068054986011
1.0,500.0,273.0,0.3878437195364236,4.320997755175123
1.0,500.0,273.0,0.44665512707340205,4.488886897877195
1.0,500.0,273.0,0.5143845123479462,4.6583031808193605
1.0,500.0,273.0,0.5923841695876297,4.828818522907425
1.0,500.0,273.0,0.6822114506835166,5.000016342645877
1.0,500.0,273.0,0.785659859492348,5.171498105758122
1.0,500.0,273.0,0.9047948611813732,5.342888964656717
1.0,500.0,273.0,1.0419951215901386,5.51384236290953
1.0,500.0,273.0,1.2,5.684043532654037
1.0,500.0,298.0,0.001,0.13175665259194
1.0,500.0,298.0,0.0013130324344878836,0.16313726341044585
1.0,500.0,298.0,0.0017240541740171785,0.20042982920694186
1.0,500.0,298.0,0.0022637390492987737,0.24422905036121256
1.0,500.0,298.0,0.002972362794946059,0.29503930392718564
1.0,500.0,298.0,0.003902808756829234,0.3532471619809518
1.0,500.0,298.0,0.00512451448332012,0.4191137183460216
1.0,500.0,298.0,0.0067286537276022365,0.49279376334758634
1.0,500.0,298.0,0.008834940584779547,0.574383840444711
1.0,500.0,298.0,0.01160056354458889,0.6639948002678076
1.0,500.0,298.0,0.015231916192382951,0.7618383291276135
1.0,500.0,298.0,0.020000000000000004,0.8683130201956625
1.0,500.0,298.0,0.02303273739264226,0.9271131009279856
1.0,500.0,298.0,0.026525349589921046,0.9885268580388525
1.0,500.0,298.0,0.030547570567634134,1.0526995829267292
1.0,500.0,298.0,0.03517970854337624,1.1197989724159487
1.0,500.0,298.0,0.04051424942146391,1.190014070578233
1.0,500.0,298.0,0.04665770337922934,1.2635533149711031
1.0,500.0,298.0,0.05373273146387932,1.3406416606230604
1.0,500.0,298.0,0.061880594659844954,1.4215167736009773
1.0,500.0,298.0,0.07126397432503748,1.506424311004465
1.0,500.0,298.0,0.08207022030922942,1.5956123368653528
1.0,500.0,298.0,0.09451509160693887,1.6893249634503336
1.0,500.0,298.0,0.10884706423120744,1.7877953532288549
1.0,500.0,298.0,0.12535229231987327,1.955489355371723
1.0,500.0,298.0,0.1443603215284684,2.066560020421667
1.0,500.0,298.0,0.1662506687841307,2.182970724339032
1.0,500.0,298.0,0.1914603997728015,2.3048298313891653
1.0,500.0,298.0,0.22049285545286207,2.4321967879670363
1.0,500.0,298.0,0.25392770182998,2.565076793185644
1.0,500.0,298.0,0.2924325036483547,2.70341702753186
1.0,500.0,298.0,0.33677605308027264,2.8471047159472094
1.0,500.0,298.0,0.3878437195364236,3.193478771524256
1.0,500.0,298.0,0.44665512707340205,3.3525926974689817
1.0,500.0,298.0,0.5143845123479462,3.5160438927155746
1.0,500.0,298.0,0.5923841695876297,3.683494059432924
1.0,500.0,298.0,0.6822114506835166,3.8545636920568382
1.0,500.0,298.0,0.785659859492348,4.028838801827628
1.0,500.0,298.0,0.9047948611813732,4.205878608833329
1.0,500.0,298.0,1.0419951215901386,4.385223932221921
1.0,500.0,298.0,1.2,4.566405975515081
1.0,500.0,323.0,0.001,0.03993008196132016
1.0,500.0,323.0,0.0013130324344878836,0.051205566815340255
1.0,500.0,323.0,0.0017240541740171785,0.06535389432077338
1.0,500.0,323.0,0.0022637390492987737,0.08297356666571563
1.0,500.0,323.0,0.002972362794946059,0.1047399824197835
1.0,500.0,323.0,0.003902808756829234,0.13139858158614312
1.0,500.0,323.0,0.00512451448332012,0.16374965992735185
1.0,500.0,323.0,0.0067286537276022365,0.20262365362207693
1.0,500.0,323.0,0.008834940584779547,0.24884848906383242
1.0,500.0,323.0,0.01160056354458889,0.3032143876710801
1.0,500.0,323.0,0.015231916192382951,0.3664448585741578
1.0,500.0,323.0,0.020000000000000004,0.4391839100314218
1.0,500.0,323.0,0.02303273739264226,0.48082736539238097
1.0,500.0,323.0,0.026525349589921046,0.5252574656667196
1.0,500.0,323.0,0.030547570567634134,0.572550008807397
1.0,500.0,323.0,0.03517970854337624,0.6227833982811586
1.0,500.0,323.0,0.04051424942146391,0.6760415138248684
1.0,500.0,323.0,0.04665770337922934,0.7324166449910972
1.0,500.0,323.0,0.05373273146387932,0.7920122870079153
1.0,500.0,323.0,0.061880594659844954,0.8549455903691234
1.0,500.0,323.0,0.07126397432503748,0.9213492618218498
1.0,500.0,323.0,0.08207022030922942,0.9913727338197673
1.0,500.0,323.0,0.09451509160693887,1.0651824494959168
1.0,500.0,323.0,0.10884706423120744,1.1429611476144317
1.0,500.0,323.0,0.12535229231987327,1.2249060738114679
1.0,500.0,323.0,0.1443603215284684,1.3112260884947964
1.0,500.0,323.0,0.1662506687841307,1.4021376866954915
1.0,500.0,323.0,0.1914603997728015,1.4978599903119079
1.0,500.0,323.0,0.22049285545286207,1.59860881824627
1.0,500.0,323.0,0.25392770182998,1.7641950424849355
1.0,500.0,323.0,0.2924325036483547,1.8780484269697262
1.0,500.0,323.0,0.33677605308027264,1.99750345802538
1.0,500.0,323.0,0.3878437195364236,2.122697683351125
1.0,500.0,323.0,0.44665512707340205,2.2537280310365526
1.0,500.0,323.0,0.5143845123479462,2.3906434794790754
1.0,500.0,323.0,0.5923841695876297,2.533438785380007
1.0,500.0,323.0,0.6822114506835166,2.8620413292319635
1.0,500.0,323.0,0.785659859492348,3.023702976723671
1.0,500.0,323.0,0.9047948611813732,3.1905052693535847
1.0,500.0,323.0,1.0419951215901386,3.3621550451085573
1.0,500.0,323.0,1.2,3.53830747252085
1.0,600.0,273.0,0.001,1.1365993489527928
1.0,600.0,273.0,0.0013130324344878836,1.2139638666278527
1.0,600.0,273.0,0.0017240541740171785,1.2919755774440318
1.0,600.0,273.0,0.0022637390492987737,1.3710374633402955
1.0,600.0,273.0,0.002972362794946059,1.4517085037393909
1.0,600.0,273.0,0.003902808756829234,1.534702466056519
1.0,600.0,273.0,0.00512451448332012,1.6208880516050943
1.0,600.0,273.0,0.0067286537276022365,1.7112923671275186
1.0,600.0,273.0,0.008834940584779547,1.8071074931732567
1.0,600.0,273.0,0.01160056354458889,1.909696439314187
1.0,600.0,273.0,0.015231916192382951,2.020591119699788
1.0,600.0,273.0,0.020000000000000004,2.1414724398951366
1.0,600.0,273.0,0.02303273739264226,2.2086562996780943
1.0,600.0,273.0,0.026525349589921046,2.279255568727888
1.0,600.0,273.0,0.030547570567634134,2.353520645921712
1.0,600.0,273.0,0.03517970854337624,2.4316945488402286
1.0,600.0,273.0,0.04051424942146391,2.5140075047320845
1.0,600.0,273.0,0.04665770337922934,2.6006711290114564
1.0,600.0,273.0,0.05373273146387932,2.6918723881177264
1.0,600.0,273.0,0.061880594659844954,2.787767578812974
1.0,600.0,273.0,0.07126397432503748,2.888476581134256
1.0,600.0,273.0,0.08207022030922942,2.9940776556208664
1.0,600.0,273.0,0.09451509160693887,3.1046030555427113
1.0,600.0,273.0,0.10884706423120744,3.2909766791342507
1.0,600.0,273.0,0.12535229231987327,3.4133206747083147
1.0,600.0,273.0,0.1443603215284684,3.5404937180117786
1.0,600.0,273.0,0.1662506687841307,3.672334193456931
1.0,600.0,273.0,0.1914603997728015,3.808631795839639
1.0,600.0,273.0,0.22049285545286207,3.9491315192463254
1.0,600.0,273.0,0.25392770182998,4.093538951678767
1.0,600.0,273.0,0.2924325036483547,4.241526589448927
1.0,600.0,273.0,0.33677605308027264,4.392740829508017
1.0,600.0,273.0,0.3878437195364236,4.546809274388651
1.0,600.0,273.0,0.44665512707340205,4.7033479932657
1.0,600.0,273.0,0.5143845123479462,4.861968419571824
1.0,600.0,273.0,0.5923841695876297,5.022283623868942
1.0,600.0,273.0,0.6822114506835166,5.18391377261523
1.0,600.0,273.0,0.785659859492348,5.346490661736665
1.0,600.0,273.0,0.9047948611813732,5.509661291975183
1.0,600.0,273.0,1.0419951215901386,5.67309052497189
1.0,600.0,273.0,1.2,5.8364629194113835
1.0,600.0,298.0,0.001,0.5049863456113923
1.0,600.0,298.0,0.0013130324344878836,0.5773547652364102
1.0,600.0,298.0,0.0017240541740171785,0.6537757446216197
1.0,600.0,298.0,0.0022637390492987737,0.7336503113992332
1.0,600.0,298.0,0.002972362794946059,0.8164553422860619
1.0,600.0,298.0,0.003902808756829234,0.9018017239856594
1.0,600.0,298.0,0.00512451448332012,0.9894824119682849
1.0,600.0,298.0,0.0067286537276022365,1.0795110151260867
1.0,600.0,298.0,0.008834940584779547,1.1721521824887096
1.0,600.0,298.0,0.01160056354458889,1.267944025033754
1.0,600.0,298.0,0.015231916192382951,1.3677111350496631
1.0,600.0,298.0,0.020000000000000004,1.4725655253952799
1.0,600.0,298.0,0.02303273739264226,1.5293732934269588
1.0,600.0,298.0,0.026525349589921046,1.5881363009302851
1.0,600.0,298.0,0.030547570567634134,1.649090162604513
1.0,600.0,298.0,0.03517970854337624,1.7124842827869788
1.0,600.0,298.0,0.04051424942146391,1.7785793230453963
1.0,600.0,298.0,0.04665770337922934,1.8476442357815677
1.0,600.0,298.0,0.05373273146387932,1.9199528467311584
1.0,600.0,298.0,0.061880594659844954,1.9957799762886326
1.0,600.0,298.0,0.07126397432503748,2.0753971030317957
1.0,600.0,298.0,0.08207022030922942,2.159067593100161
1.0,600.0,298.0,0.09451509160693887,2.247041545443011
1.0,600.0,298.0,0.10884706423120744,2.3395503336667405
1.0,600.0,298.0,0.12535229231987327,2.5009212111591186
1.0,600.0,298.0,0.1443603215284684,2.6048241214661454
1.0,600.0,298.0,0.1662506687841307,2.7137600991272843
1.0,600.0,298.0,0.1914603997728015,2.827838989612875
1.0,600.0,298.0,0.22049285545286207,2.9471278610488425
1.0,600.0,298.0,0.25392770182998,3.071646659194016
1.0,600.0,298.0,0.2924325036483547,3.201364960964932
1.0,600.0,298.0,0.33677605308027264,3.3362000701057624
1.0,600.0,298.0,0.3878437195364236,3.4760166243871815
1.0,600.0,298.0,0.44665512707340205,3.6206277911730593
1.0,600.0,298.0,0.5143845123479462,3.7697980263657365
1.0,600.0,298.0,0.5923841695876297,4.119615239328293
1.0,600.0,298.0,0.6822114506835166,4.280081998078504
1.0,600.0,298.0,0.785659859492348,4.44411625552141
1.0,600.0,298.0,0.9047948611813732,4.611276977537291
1.0,600.0,298.0,1.0419951215901386,4.7811007289316345
1.0,600.0,298.0,1.2,4.953111117293775
1.0,600.0,323.0,0.001,0.15885431962896723
1.0,600.0,323.0,0.0013130324344878836,0.19501625630334943
1.0,600.0,323.0,0.0017240541740171785,0.2373472349692632
1.0,600.0,323.0,0.0022637390492987737,0.28623191581056556
1.0,600.0,323.0,0.002972362794946059,0.3418915593399716
1.0,600.0,323.0,0.003902808756829234,0.40436170492817275
1.0,600.0,323.0,0.00512451448332012,0.47349533183791226
1.0,600.0,323.0,0.0067286537276022365,0.5489952197130833
1.0,600.0,323.0,0.008834940584779547,0.6304735330772184
1.0,600.0,323.0,0.01160056354458889,0.7175312770151655
1.0,600.0,323.0,0.015231916192382951,0.8098470248255182
1.0,600.0,323.0,0.020000000000000004,0.9072641868482232
1.0,600.0,323.0,0.02303273739264226,0.9597911634328841
1.0,600.0,323.0,0.026525349589921046,1.0137499960914225
1.0,600.0,323.0,0.030547570567634134,1.0692074680899875
1.0,600.0,323.0,0.03517970854337624,1.1262556855839618
1.0,600.0,323.0,0.04051424942146391,1.185012998437899
1.0,600.0,323.0,0.04665770337922934,1.2456244062482345
1.0,600.0,323.0,0.05373273146387932,1.3082613903546998
1.0,600.0,323.0,0.061880594659844954,1.373121109970179
1.0,600.0,323.0,0.07126397432503748,1.440424903360692
1.0,600.0,323.0,0.08207022030922942,1.5104160443625263
1.0,600.0,323.0,0.09451509160693887,1.583356720709289
1.0,600.0,323.0,0.10884706423120744,1.659524223113603
1.0,600.0,323.0,0.12535229231987327,1.739206361564645
1.0,600.0,323.0,0.1443603215284684,1.8226961561639783
1.0,600.0,323.0,0.1662506687841307,1.9102858821669586
1.0,600.0,323.0,0.1914603997728015,2.0022605809692724
1.0,600.0,323.0,0.22049285545286207,2.159363412079129
1.0,600.0,323.0,0.25392770182998,2.263043031570882
1.0,600.0,323.0,0.2924325036483547,2.371828899406976
1.0,600.0,323.0,0.33677605308027264,2.4858993159522407
1.0,600.0,323.0,0.3878437195364236,2.605394426914527
1.0,600.0,323.0,0.44665512707340205,2.911602352822082
1.0,600.0,323.0,0.5143845123479462,3.0452605141447258
1.0,600.0,323.0,0.5923841695876297,3.1844495443760565
1.0,600.0,323.0,0.6822114506835166,3.32913110540719
1.0,600.0,323.0,0.785659859492348,3.479202286106844
1.0,600.0,323.0,0.9047948611813732,3.634494801516183
1.0,600.0,323.0,1.0419951215901386,3.7947761589624647
1.0,600.0,323.0,1.2,3.9597527863229938
1.0,700.0,273.0,0.001,2.0051546633152246
1.0,700.0,273.0,0.0013130324344878836,2.0625804912149417
1.0,700.0,273.0,0.0017240541740171785,2.1195649060355795
1.0,700.0,273.0,0.0022637390492987737,2.1765569258090123
1.0,700.0,273.0,0.002972362794946059,2.2341653965139217
1.0,700.0,273.0,0.003902808756829234,2.293175907568083
1.0,700.0,273.0,0.00512451448332012,2.3545678670431625
1.0,700.0,273.0,0.0067286537276022365,2.4195306197695374
1.0,700.0,273.0,0.008834940584779547,2.489474972431766
1.0,700.0,273.0,0.01160056354458889,2.5660338513968015
1.0,700.0,273.0,0.015231916192382951,2.6510442169385082
1.0,700.0,273.0,0.020000000000000004,2.746502631755941
1.0,700.0,273.0,0.02303273739264226,2.8007884849380367
1.0,700.0,273.0,0.026525349589921046,2.858732092177117
1.0,700.0,273.0,0.030547570567634134,2.9206173445108705
1.0,700.0,273.0,0.03517970854337624,2.9867161414393824
1.0,700.0,273.0,0.04051424942146391,3.1278381616463733
1.0,700.0,273.0,0.04665770337922934,3.2064300872299927
1.0,700.0,273.0,0.05373273146387932,3.289876832140746
1.0,700.0,273.0,0.061880594659844954,3.378327933055355
1.0,700.0,273.0,0.07126397432503748,3.4718953819940084
1.0,700.0,273.0,0.08207022030922942,3.5706490238452107
1.0,700.0,273.0,0.09451509160693887,3.674612761089312
1.0,700.0,273.0,0.10884706423120744,3.7837618137514446
1.0,700.0,273.0,0.12535229231987327,3.8980212441980826
1.0,700.0,273.0,0.1443603215284684,4.017265895248596
1.0,700.0,273.0,0.1662506687841307,4.141321809806066
1.0,700.0,273.0,0.1914603997728015,4.269969107924708
1.0,700.0,273.0,0.22049285545286207,4.4029462027252
1.0,700.0,273.0,0.25392770182998,4.539955150668889
1.0,700.0,273.0,0.2924325036483547,4.680667864143906
1.0,700.0,273.0,0.33677605308027264,4.824732871850593
1.0,700.0,273.0,0.3878437195364236,4.971782297788386
1.0,700.0,273.0,0.44665512707340205,5.121438741413485
1.0,700.0,273.0,0.5143845123479462,5.273321775444518
1.0,700.0,273.0,0.5923841695876297,5.4270538280740315
1.0,700.0,273.0,0.6822114506835166,5.582265277178136
1.0,700.0,273.0,0.785659859492348,5.738598650435142
1.0,700.0,273.0,0.9047948611813732,5.895711892775781
1.0,700.0,273.0,1.0419951215901386,6.05328072725194
1.0,700.0,273.0,1.2,6.211000192819659
1.0,700.0,298.0,0.001,1.3108567189181948
1.0,700.0,298.0,0.0013130324344878836,1.3868013058813906
1.0,700.0,298.0,0.0017240541740171785,1.4623188399515452
1.0,700.0,298.0,0.0022637390492987737,1.5375411845214297
1.0,700.0,298.0,0.002972362794946059,1.6126404197504502
1.0,700.0,298.0,0.003902808756829234,1.6878313760134163
1.0,700.0,298.0,0.00512451448332012,1.763387336578122
1.0,700.0,298.0,0.0067286537276022365,1.839668981915759
1.0,700.0,298.0,0.008834940584779547,1.9171639990535496
1.0,700.0,298.0,0.01160056354458889,1.9965325215159366
1.0,700.0,298.0,0.015231916192382951,2.0786520101551273
1.0,700.0,298.0,0.020000000000000004,2.1646544197207147
1.0,700.0,298.0,0.02303273739264226,2.2112216795352824
1.0,700.0,298.0,0.026525349589921046,2.25943246697022
1.0,700.0,298.0,0.030547570567634134,2.3095323003834003
1.0,700.0,298.0,0.03517970854337624,2.3617848693394143
1.0,700.0,298.0,0.04051424942146391,2.4164700341096497
1.0,700.0,298.0,0.04665770337922934,2.473881132676437
1.0,700.0,298.0,0.05373273146387932,2.5343215727626074
1.0,700.0,298.0,0.061880594659844954,2.5981007057747982
1.0,700.0,298.0,0.07126397432503748,2.665529003876854
1.0,700.0,298.0,0.08207022030922942,2.7369125907190606
1.0,700.0,298.0,0.09451509160693887,2.8125472100682893
1.0,700.0,298.0,0.10884706423120744,2.8927117534341518
1.0,700.0,298.0,0.12535229231987327,2.977661505797081
1.0,700.0,298.0,0.1443603215284684,3.13267873941442
1.0,700.0,298.0,0.1662506687841307,3.231053321173573
1.0,700.0,298.0,0.1914603997728015,3.3348686633873617
1.0,700.0,298.0,0.22049285545286207,3.4442042359176317
1.0,700.0,298.0,0.25392770182998,3.559085274022191
1.0,700.0,298.0,0.2924325036483547,3.6794797854182377
1.0,700.0,298.0,0.33677605308027264,3.80529711926734
1.0,700.0,298.0,0.3878437195364236,3.9363882684344453
1.0,700.0,298.0,0.44665512707340205,4.072547976907258
1.0,700.0,298.0,0.5143845123479462,4.213518608096311
1.0,700.0,298.0,0.5923841695876297,4.3589956095971125
1.0,700.0,298.0,0.6822114506835166,4.508634300175005
1.0,700.0,298.0,0.785659859492348,4.662057618408336
1.0,700.0,298.0,0.9047948611813732,4.818864419273195
1.0,700.0,298.0,1.0419951215901386,4.97863788970066
1.0,700.0,298.0,1.2,5.140953676332934
1.0,700.0,323.0,0.001,0.6351465756982799
1.0,700.0,323.0,0.0013130324344878836,0.7143577859650321
1.0,700.0,323.0,0.0017240541740171785,0.7962132023666373
1.0,700.0,323.0,0.0022637390492987737,0.8800343441701576
1.0,700.0,323.0,0.002972362794946059,0.9652466881786096
1.0,700.0,323.0,0.003902808756829234,1.0514111789099854
1.0,700.0,323.0,0.00512451448332012,1.1382449201889375
1.0,700.0,323.0,0.0067286537276022365,1.2256326525605048
1.0,700.0,323.0,0.008834940584779547,1.3136308639840477
1.0,700.0,323.0,0.01160056354458889,1.402466835463359
1.0,700.0,323.0,0.015231916192382951,1.4925357829628152
1.0,700.0,323.0,0.020000000000000004,1.584400065268923
1.0,700.0,323.0,0.02303273739264226,1.6329658953670545
1.0,700.0,323.0,0.026525349589921046,1.682330135537639
1.0,700.0,323.0,0.030547570567634134,1.7326283390303823
1.0,700.0,323.0,0.03517970854337624,1.7840109474984938
1.0,700.0,323.0,0.04051424942146391,1.8366441625987193
1.0,700.0,323.0,0.04665770337922934,1.8907107685537432
1.0,700.0,323.0,0.05373273146387932,1.9464107987104442
1.0,700.0,323.0,0.061880594659844954,2.003961924883097
1.0,700.0,323.0,0.07126397432503748,2.0635994398817896
1.0,700.0,323.0,0.08207022030922942,2.125575702476878
1.0,700.0,323.0,0.09451509160693887,2.190158921392139
1.0,700.0,323.0,0.10884706423120744,2.25763117168955
1.0,700.0,323.0,0.12535229231987327,2.328285563497487
1.0,700.0,323.0,0.1443603215284684,2.402422519053343
1.0,700.0,323.0,0.1662506687841307,2.480345158144602
1.0,700.0,323.0,0.1914603997728015,2.5623538419149647
1.0,700.0,323.0,0.22049285545286207,2.648739977495181
1.0,700.0,323.0,0.25392770182998,2.7397792373901324
1.0,700.0,323.0,0.2924325036483547,2.89550357395649
1.0,700.0,323.0,0.33677605308027264,2.9988633822586137
1.0,700.0,323.0,0.3878437195364236,3.107675552242597
1.0,700.0,323.0,0.44665512707340205,3.222090007891716
1.0,700.0,323.0,0.5143845123479462,3.342204939725405
1.0,700.0,323.0,0.5923841695876297,3.4680613623423375
1.0,700.0,323.0,0.6822114506835166,3.5996391162693597
1.0,700.0,323.0,0.785659859492348,3.7368545812737155
1.0,700.0,323.0,0.9047948611813732,3.8795602809334855
1.0,700.0,323.0,1.0419951215901386,4.027546452227016
1.0,700.0,323.0,1.2,4.180544538686668
1.0,800.0,273.0,0.001,2.6826982188224706
1.0,800.0,273.0,0.0013130324344878836,2.7158725729792317
1.0,800.0,273.0,0.0017240541740171785,2.7499671991559516
1.0,800.0,273.0,0.0022637390492987737,2.7854716049337385
1.0,800.0,273.0,0.002972362794946059,2.823002335692961
1.0,800.0,273.0,0.003902808756829234,2.863320258830622
1.0,800.0,273.0,0.00512451448332012,2.907347654943
1.0,800.0,273.0,0.0067286537276022365,2.9561855319198274
1.0,800.0,273.0,0.008834940584779547,3.011129051463214
1.0,800.0,273.0,0.01160056354458889,3.1447754719681953
1.0,800.0,273.0,0.015231916192382951,3.221620304059223
1.0,800.0,273.0,0.020000000000000004,3.310019244561588
1.0,800.0,273.0,0.02303273739264226,3.361010330167848
1.0,800.0,273.0,0.026525349589921046,3.415871827326136
1.0,800.0,273.0,0.030547570567634134,3.4748626575832384
1.0,800.0,273.0,0.03517970854337624,3.538232897392636
1.0,800.0,273.0,0.04051424942146391,3.606218338355216
1.0,800.0,273.0,0.04665770337922934,3.679034576239125
1.0,800.0,273.0,0.05373273146387932,3.7568708177151704
1.0,800.0,273.0,0.061880594659844954,3.839883649118918
1.0,800.0,273.0,0.07126397432503748,3.928191057331351
1.0,800.0,273.0,0.08207022030922942,4.021867022275883
1.0,800.0,273.0,0.09451509160693887,4.12093700727913
1.0,800.0,273.0,0.10884706423120744,4.225374652901423
1.0,800.0,273.0,0.12535229231987327,4.335099929768342
1.0,800.0,273.0,0.1443603215284684,4.449978928075035
1.0,800.0,273.0,0.1662506687841307,4.569825361634187
1.0,800.0,273.0,0.1914603997728015,4.694403752306679
1.0,800.0,273.0,0.22049285545286207,4.823434148664924
1.0,800.0,273.0,0.25392770182998,4.956598133522346
1.0,800.0,273.0,0.2924325036483547,5.09354579931475
1.0,800.0,273.0,0.33677605308027264,5.233903325119881
1.0,800.0,273.0,0.3878437195364236,5.377280776342199
1.0,800.0,273.0,0.44665512707340205,5.523279765172465
1.0,800.0,273.0,0.5143845123479462,5.671500651039313
1.0,800.0,273.0,0.5923841695876297,5.821549018251982
1.0,800.0,273.0,0.6822114506835166,5.973041236107372
1.0,800.0,273.0,0.785659859492348,6.125608979451142
1.0,800.0,273.0,0.9047948611813732,6.278902660947137
1.0,800.0,273.0,1.0419951215901386,6.432593796669319
1.0,800.0,273.0,1.2,6.586376390358254
1.0,800.0,298.0,0.001,2.18340903423609
1.0,800.0,298.0,0.0013130324344878836,2.233146313201499
1.0,800.0,298.0,0.0017240541740171785,2.281582672259403
1.0,800.0,298.0,0.0022637390492987737,2.3290196587187184
1.0,800.0,298.0,0.002972362794946059,2.375831959805568
1.0,800.0,298.0,0.003902808756829234,2.422475939263633
1.0,800.0,298.0,0.00512451448332012,2.469501260592771
1.0,800.0,298.0,0.0067286537276022365,2.5175656861333393
1.0,800.0,298.0,0.008834940584779547,2.567453397450465
1.0,800.0,298.0,0.01160056354458889,2.620096897768064
1.0,800.0,298.0,0.015231916192382951,2.6766014299784766
1.0,800.0,298.0,0.020000000000000004,2.7382689806252665
1.0,800.0,298.0,0.02303273739264226,2.772762738552765
1.0,800.0,298.0,0.026525349589921046,2.8092829762666858
1.0,800.0,298.0,0.030547570567634134,2.8480802541416694
1.0,800.0,298.0,0.03517970854337624,2.8894199244476675
1.0,800.0,298.0,0.04051424942146391,2.998816460387782
1.0,800.0,298.0,0.04665770337922934,3.04855126979448
1.0,800.0,298.0,0.05373273146387932,3.101732757123246
1.0,800.0,298.0,0.061880594659844954,3.158663331352843
1.0,800.0,298.0,0.07126397432503748,3.219644978243552
1.0,800.0,298.0,0.08207022030922942,3.284974021884209
1.0,800.0,298.0,0.09451509160693887,3.3549352925186087
1.0,800.0,298.0,0.10884706423120744,3.429795818626534
1.0,800.0,298.0,0.12535229231987327,3.509798204631961
1.0,800.0,298.0,0.1443603215284684,3.5951538996165517
1.0,800.0,298.0,0.1662506687841307,3.6860366036932697
1.0,800.0,298.0,0.1914603997728015,3.7825760927403915
1.0,800.0,298.0,0.22049285545286207,3.8848527635099694
1.0,800.0,298.0,0.25392770182998,3.9928932037883826
1.0,800.0,298.0,0.2924325036483547,4.106667071018144
1.0,800.0,298.0,0.33677605308027264,4.226085514351418
1.0,800.0,298.0,0.3878437195364236,4.3510012997174705
1.0,800.0,298.0,0.44665512707340205,4.4812106997527685
1.0,800.0,298.0,0.5143845123479462,4.616457099321214
1.0,800.0,298.0,0.5923841695876297,4.756436154960082
1.0,800.0,298.0,0.6822114506835166,4.900802246043349
1.0,800.0,298.0,0.785659859492348,5.049175878348285
1.0,800.0,298.0,0.9047948611813732,5.2011516549603085
1.0,800.0,298.0,1.0419951215901386,5.356306418163241
1.0,800.0,298.0,1.2,5.514207187538392
1.0,800.0,323.0,0.001,1.5162718346692856
1.0,800.0,323.0,0.0013130324344878836,1.5911323290987809
1.0,800.0,323.0,0.0017240541740171785,1.664857794285836
1.0,800.0,323.0,0.0022637390492987737,1.737375019374219
1.0,800.0,323.0,0.002972362794946059,1.8086233063937593
1.0,800.0,323.0,0.003902808756829234,1.8785747245527284
1.0,800.0,323.0,0.00512451448332012,1.9472605102801468
1.0,800.0,323.0,0.0067286537276022365,2.0148003530917165
1.0,800.0,323.0,0.008834940584779547,2.08143166680629
1.0,800.0,323.0,0.01160056354458889,2.1475369830878868
1.0,800.0,323.0,0.015231916192382951,2.2136688440653165
1.0,800.0,323.0,0.020000000000000004,2.2805724968554593
1.0,800.0,323.0,0.02303273739264226,2.3158677790925877
1.0,800.0,323.0,0.026525349589921046,2.3517821481198005
1.0,800.0,323.0,0.030547570567634134,2.388490817750188
1.0,800.0,323.0,0.03517970854337624,2.4261869426937346
1.0,800.0,323.0,0.04051424942146391,2.4650819450092536
1.0,800.0,323.0,0.04665770337922934,2.5054056057841536
1.0,800.0,323.0,0.05373273146387932,2.5474058506667205
1.0,800.0,323.0,0.061880594659844954,2.591348153824273
1.0,800.0,323.0,0.07126397432503748,2.6375144846716503
1.0,800.0,323.0,0.08207022030922942,2.686201725508772
1.0,800.0,323.0,0.09451509160693887,2.7377194962953078
1.0,800.0,323.0,0.10884706423120744,2.7923873355574185
1.0,800.0,323.0,0.12535229231987327,2.910324220344994
1.0,800.0,323.0,0.1443603215284684,2.97545520134435
1.0,800.0,323.0,0.1662506687841307,3.044743518517112
1.0,800.0,323.0,0.1914603997728015,3.1184882517815278
1.0,800.0,323.0,0.22049285545286207,3.19697765125694
1.0,800.0,323.0,0.25392770182998,3.2804832934902013
1.0,800.0,323.0,0.2924325036483547,3.369253731872663
1.0,800.0,323.0,0.33677605308027264,3.4635078141732327
1.0,800.0,323.0,0.3878437195364236,3.563427902033225
1.0,800.0,323.0,0.44665512707340205,3.6691532833817053
1.0,800.0,323.0,0.5143845123479462,3.7807741108098654
1.0,800.0,323.0,0.5923841695876297,3.8983262186885677
1.0,800.0,323.0,0.6822114506835166,4.021787162295808
1.0,800.0,323.0,0.785659859492348,4.151073779475949
1.0,800.0,323.0,0.9047948611813732,4.286041499734129
1.0,800.0,323.0,1.0419951215901386,4.426485522516282
1.0,800.0,323.0,1.2,4.572143865697026
2.0,0.0,273.0,0.001,0.022131310835488274
2.0,0.0,273.0,0.0013130324344878836,0.028949372234534893
2.0,0.0,273.0,0.0017240541740171785,0.03782591856536259
2.0,0.0,273.0,0.0022637390492987737,0.04935468389092359
2.0,0.0,273.0,0.002972362794946059,0.06428324279873578
2.0,0.0,273.0,0.003902808756829234,0.08354272314760323
2.0,0.0,273.0,0.00512451448332012,0.10827778623038033
2.0,0.0,273.0,0.0067286537276022365,0.13987372775547133
2.0,0.0,273.0,0.008834940584779547,0.1799761264963608
2.0,0.0,273.0,0.01160056354458889,0.23049689215275743
2.0,0.0,273.0,0.015231916192382951,0.293599036823163
2.0,0.0,273.0,0.020000000000000004,0.3716514941650781
2.0,0.0,273.0,0.02303273739264226,0.4188206645998789
2.0,0.0,273.0,0.026525349589921046,0.47102801398491334
2.0,0.0,273.0,0.030547570567634134,0.5286183041691404
2.0,0.0,273.0,0.03517970854337624,0.5919236219390738
2.0,0.0,273.0,0.04051424942146391,0.6612559953468681
2.0,0.0,273.0,0.04665770337922934,0.7368995886042732
2.0,0.0,273.0,0.05373273146387932,0.8191027291390172
2.0,0.0,273.0,0.061880594659844954,0.9080700647402077
2.0,0.0,273.0,0.07126397432503748,1.0039551798781396
2.0,0.0,273.0,0.08207022030922942,1.1068540154647948
2.0,0.0,273.0,0.09451509160693887,1.2167994333996857
2.0,0.0,273.0,0.10884706423120744,1.3337572442972248
2.0,0.0,273.0,0.12535229231987327,1.457623971832116
2.0,0.0,273.0,0.1443603215284684,1.5882265584835755
2.0,0.0,273.0,0.1662506687841307,1.7253241248644586
2.0,0.0,273.0,0.1914603997728015,1.8686117811604293
2.0,0.0,273.0,0.22049285545286207,2.0177263619908103
2.0,0.0,273.0,0.25392770182998,2.1722538278710966
2.0,0.0,273.0,0.2924325036483547,2.331737963887797
2.0,0.0,273.0,0.33677605308027264,2.495689926377365
2.0,0.0,273.0,0.3878437195364236,2.6635981549336507
2.0,0.0,273.0,0.44665512707340205,2.834938185874458
2.0,0.0,273.0,0.5143845123479462,3.009181970243026
2.0,0.0,273.0,0.5923841695876297,3.185806400674062
2.0,0.0,273.0,0.6822114506835166,3.364300866667614
2.0,0.0,273.0,0.785659859492348,3.5441737651948224
2.0,0.0,273.0,0.9047948611813732,3.7249579752714967
2.0,0.0,273.0,1.0419951215901386,3.9062153513966225
2.0,0.0,273.0,1.2,4.08754030148682
2.0,0.0,298.0,0.001,0.008880251645204775
2.0,0.0,298.0,0.0013130324344878836,0.011643170199037975
2.0,0.0,298.0,0.0017240541740171785,0.015258967676562344
2.0,0.0,298.0,0.0022637390492987737,0.019986203775570265
2.0,0.0,298.0,0.002972362794946059,0.026158605416207133
2.0,0.0,298.0,0.003902808756829234,0.034204795336771496
2.0,0.0,298.0,0.00512451448332012,0.044671860095051995
2.0,0.0,298.0,0.0067286537276022365,0.05825269377960018
2.0,0.0,298.0,0.008834940584779547,0.0758165040988911
2.0,0.0,298.0,0.01160056354458889,0.09844104669514005
2.0,0.0,298.0,0.015231916192382951,0.1274440392139399
2.0,0.0,298.0,0.020000000000000004,0.1644098137010029
2.0,0.0,298.0,0.02303273739264226,0.18731294669673054
2.0,0.0,298.0,0.026525349589921046,0.2131436545248322
2.0,0.0,298.0,0.030547570567634134,0.24221219673378727
2.0,0.0,298.0,0.03517970854337624,0.27484738932286634
2.0,0.0,298.0,0.04051424942146391,0.3113945882161727
2.0,0.0,298.0,0.04665770337922934,0.35221287819063796
2.0,0.0,298.0,0.05373273146387932,0.3976713905593168
2.0,0.0,298.0,0.061880594659844954,0.448144697985387
2.0,0.0,298.0,0.07126397432503748,0.5040072711224141
2.0,0.0,298.0,0.08207022030922942,0.5656270289129576
2.0,0.0,298.0,0.09451509160693887,0.6333580703053293
2.0,0.0,298.0,0.10884706423120744,0.7075327363305592
2.0,0.0,298.0,0.12535229231987327,0.7884532133105375
2.0,0.0,298.0,0.1443603215284684,0.8763829454430888
2.0,0.0,298.0,0.1662506687841307,0.9715381734203768
2.0,0.0,298.0,0.1914603997728015,1.0740799510959647
2.0,0.0,298.0,0.22049285545286207,1.1841070112797607
2.0,0.0,298.0,0.25392770182998,1.301649851672936
2.0,0.0,298.0,0.2924325036483547,1.4266663899249081
2.0,0.0,298.0,0.33677605308027264,1.5590394899426256
2.0,0.0,298.0,0.3878437195364236,1.6985765877330465
2.0,0.0,298.0,0.44665512707340205,1.8450115442205206
2.0,0.0,298.0,0.5143845123479462,1.998008728695697
2.0,0.0,298.0,0.5923841695876297,2.1571691992515554
2.0,0.0,298.0,0.6822114506835166,2.3220387104601876
2.0,0.0,298.0,0.785659859492348,2.4921171615301
2.0,0.0,298.0,0.9047948611813732,2.666869017435252
2.0,0.0,298.0,1.0419951215901386,2.8457342029230297
2.0,0.0,298.0,1.2,3.028138987865747
2.0,0.0,323.0,0.001,0.004088457822275885
2.0,0.0,323.0,0.0013130324344878836,0.005364893274511664
2.0,0.0,323.0,0.0017240541740171785,0.007038463566567826
2.0,0.0,323.0,0.0022637390492987737,0.009231749172257976
2.0,0.0,323.0,0.002972362794946059,0.012104475699483787
2.0,0.0,323.0,0.003902808756829234,0.015864290092336118
2.0,0.0,323.0,0.00512451448332012,0.020780337246225716
2.0,0.0,323.0,0.0067286537276022365,0.0272001489967417
2.0,0.0,323.0,0.008834940584779547,0.03557030834800592
2.0,0.0,323.0,0.01160056354458889,0.04646119041738749
2.0,0.0,323.0,0.015231916192382951,0.06059574956024219
2.0,0.0,323.0,0.020000000000000004,0.0788817559609667
2.0,0.0,323.0,0.02303273739264226,0.09035802986569524
2.0,0.0,323.0,0.026525349589921046,0.10343162049065119
2.0,0.0,323.0,0.030547570567634134,0.11830490522058831
2.0,0.0,323.0,0.03517970854337624,0.13520075432408812
2.0,0.0,323.0,0.04051424942146391,0.15436336080243093
2.0,0.0,323.0,0.04665770337922934,0.17605879417530798
2.0,0.0,323.0,0.05373273146387932,0.200575195230589
2.0,0.0,323.0,0.061880594659844954,0.22822251976509916
2.0,0.0,323.0,0.07126397432503748,0.25933173198451565
2.0,0.0,323.0,0.08207022030922942,0.29425334386710694
2.0,0.0,323.0,0.09451509160693887,0.33335519722632984
2.0,0.0,323.0,0.10884706423120744,0.3770193925581343
2.0,0.0,323.0,0.12535229231987327,0.42563828519871844
2.0,0.0,323.0,0.1443603215284684,0.4796094966127718
2.0,0.0,323.0,0.1662506687841307,0.5393299276237821
2.0,0.0,323.0,0.1914603997728015,0.6051888105554358
2.0,0.0,323.0,0.22049285545286207,0.6775598964466212
2.0,0.0,323.0,0.25392770182998,0.7567929381154184
2.0,0.0,323.0,0.2924325036483547,0.843204695223636
2.0,0.0,323.0,0.33677605308027264,0.9370697485827673
2.0,0.0,323.0,0.3878437195364236,1.038611462908946
2.0,0.0,323.0,0.44665512707340205,1.1479934757922652
2.0,0.0,323.0,0.5143845123479462,1.265312112012008
2.0,0.0,323.0,0.5923841695876297,1.390590122914435
2.0,0.0,323.0,0.6822114506835166,1.5237721267445115
2.0,0.0,323.0,0.785659859492348,1.664722074191943
2.0,0.0,323.0,0.9047948611813732,1.8132229818692425
2.0,0.0,323.0,1.0419951215901386,1.9689790658851145
2.0,0.0,323.0,1.2,2.131620273782104
2.0,100.0,273.0,0.001,0.025109527838145854
2.0,100.0,273.0,0.0013130324344878836,0.03280863125172258
2.0,100.0,273.0,0.0017240541740171785,0.04280935619274196
2.0,100.0,273.0,0.0022637390492987737,0.055762518990539967
2.0,100.0,273.0,0.002972362794946059,0.07248119385669093
2.0,100.0,273.0,0.003902808756829234,0.09396963105540891
2.0,100.0,273.0,0.00512451448332012,0.12145168303147362
2.0,100.0,273.0,0.0067286537276022365,0.15639547854990968
2.0,100.0,273.0,0.008834940584779547,0.20052944223586416
2.0,100.0,273.0,0.01160056354458889,0.25584274742334095
2.0,100.0,273.0,0.015231916192382951,0.32456136215743076
2.0,100.0,273.0,0.020000000000000004,0.409090038112331
2.0,100.0,273.0,0.02303273739264226,0.45995457825418784
2.0,100.0,273.0,0.026525349589921046,0.5160800519434302
2.0,100.0,273.0,0.030547570567634134,0.5777989482229668
2.0,100.0,273.0,0.03517970854337624,0.6454255207653409
2.0,100.0,273.0,0.04051424942146391,0.7192481241557672
2.0,100.0,273.0,0.04665770337922934,0.7995213797265431
2.0,100.0,273.0,0.05373273146387932,0.8864584638806259
2.0,100.0,273.0,0.061880594659844954,0.9802238363660125
2.0,100.0,273.0,0.07126397432503748,1.0809267344360094
2.0,100.0,273.0,0.08207022030922942,1.1886157504177748
2.0,100.0,273.0,0.09451509160693887,1.3032747844469132
2.0,100.0,273.0,0.10884706423120744,1.4248206204772405
2.0,100.0,273.0,0.12535229231987327,1.553102311570852
2.0,100.0,273.0,0.1443603215284684,1.6879024799757358
2.0,100.0,273.0,0.1662506687841307,1.8289405405033798
2.0,100.0,273.0,0.1914603997728015,1.9758777472514824
2.0,100.0,273.0,0.22049285545286207,2.128323852663614
2.0,100.0,273.0,0.25392770182998,2.2858450665969356
2.0,100.0,273.0,0.2924325036483547,2.4479729253621296
2.0,100.0,273.0,0.33677605308027264,2.614213639010848
2.0,100.0,273.0,0.3878437195364236,2.7840574870078654
2.0,100.0,273.0,0.44665512707340205,2.9569878778680927
2.0,100.0,273.0,0.5143845123479462,3.1324897690318947
2.0,100.0,273.0,0.5923841695876297,3.3100572438960483
2.0,100.0,273.0,0.6822114506835166,3.4892001446262033
2.0,100.0,273.0,0.785659859492348,3.6694497441282756
2.0,100.0,273.0,0.9047948611813732,3.8503634954510693
2.0,100.0,273.0,1.0419951215901386,4.031528917036544
2.0,100.0,273.0,1.2,4.212566661485793
2.0,100.0,298.0,0.001,0.009943960463716855
2.0,100.0,298.0,0.0013130324344878836,0.013032749248485053
2.0,100.0,298.0,0.0017240541740171785,0.01707152809701958
2.0,100.0,298.0,0.0022637390492987737,0.022346000353205966
2.0,100.0,298.0,0.002972362794946059,0.02922350269591747
2.0,100.0,298.0,0.003902808756829234,0.03817363083119045
2.0,100.0,298.0,0.00512451448332012,0.04979249374987048
2.0,100.0,298.0,0.0067286537276022365,0.06483036397727272
2.0,100.0,298.0,0.008834940584779547,0.08422194404840348
2.0,100.0,298.0,0.01160056354458889,0.10911768535211505
2.0,100.0,298.0,0.015231916192382951,0.14091351368306604
2.0,100.0,298.0,0.020000000000000004,0.18127485569854704
2.0,100.0,298.0,0.02303273739264226,0.20620214547531887
2.0,100.0,298.0,0.026525349589921046,0.2342511819530604
2.0,100.0,298.0,0.030547570567634134,0.2657419810806809
2.0,100.0,298.0,0.03517970854337624,0.3010118956418995
2.0,100.0,298.0,0.04051424942146391,0.3404131148726487
2.0,100.0,298.0,0.04665770337922934,0.3843092869133315
2.0,100.0,298.0,0.05373273146387932,0.43307120203495575
2.0,100.0,298.0,0.061880594659844954,0.4870715137779783
2.0,100.0,298.0,0.07126397432503748,0.546678525481944
2.0,100.0,298.0,0.08207022030922942,0.6122491283271287
2.0,100.0,298.0,0.09451509160693887,0.684121039685402
2.0,100.0,298.0,0.10884706423120744,0.7626045521621593
2.0,100.0,298.0,0.12535229231987327,0.8479740589999194
2.0,100.0,298.0,0.1443603215284684,0.9404596659645026
2.0,100.0,298.0,0.1662506687841307,1.0402392300385082
2.0,100.0,298.0,0.1914603997728015,1.14743117897602
2.0,100.0,298.0,0.22049285545286207,1.2620884616118273
2.0,100.0,298.0,0.25392770182998,1.384193955610031
2.0,100.0,298.0,0.2924325036483547,1.5136576158138169
2.0,100.0,298.0,0.33677605308027264,1.6503155813433057
2.0,100.0,298.0,0.3878437195364236,1.7939313729259379
2.0,100.0,298.0,0.44665512707340205,1.944199205957632
2.0,100.0,298.0,0.5143845123479462,2.1007493256800953
2.0,100.0,298.0,0.5923841695876297,2.2631551492300983
2.0,100.0,298.0,0.6822114506835166,2.430941889240261
2.0,100.0,298.0,0.785659859492348,2.603596250106782
2.0,100.0,298.0,0.9047948611813732,2.780576743213944
2.0,100.0,298.0,1.0419951215901386,2.9613241672786432
2.0,100.0,298.0,1.2,3.145271842092943
2.0,100.0,323.0,0.001,0.004524939076960347
2.0,100.0,323.0,0.0013130324344878836,0.0059367581348339265
2.0,100.0,323.0,0.0017240541740171785,0.007787205958857639
2.0,100.0,323.0,0.0022637390492987737,0.010211233968809125
2.0,100.0,323.0,0.002972362794946059,0.013384391605418083
2.0,100.0,323.0,0.003902808756829234,0.017534412087909467
2.0,100.0,323.0,0.00512451448332012,0.02295569185991573
2.0,100.0,323.0,0.0067286537276022365,0.030027126579690238
2.0,100.0,323.0,0.008834940584779547,0.03923367972324371
2.0,100.0,323.0,0.01160056354458889,0.051191857196446686
2.0,100.0,323.0,0.015231916192382951,0.06667889700052393
2.0,100.0,323.0,0.020000000000000004,0.08666491002740691
2.0,100.0,323.0,0.02303273739264226,0.09918203125826629
2.0,100.0,323.0,0.026525349589921046,0.11341886723110911
2.0,100.0,323.0,0.030547570567634134,0.12958852061015408
2.0,100.0,323.0,0.03517970854337624,0.14792483878389137
2.0,100.0,323.0,0.04051424942146391,0.16868312160720791
2.0,100.0,323.0,0.04665770337922934,0.19214052251869632
2.0,100.0,323.0,0.05373273146387932,0.21859605054323636
2.0,100.0,323.0,0.061880594659844954,0.24837006941951278
2.0,100.0,323.0,0.07126397432503748,0.28180318181643743
2.0,100.0,323.0,0.08207022030922942,0.3192543836933979
2.0,100.0,323.0,0.09451509160693887,0.3610983789585805
2.0,100.0,323.0,0.10884706423120744,0.407721960179742
2.0,100.0,323.0,0.12535229231987327,0.4595193890086671
2.0,100.0,323.0,0.1443603215284684,0.5168867507714028
2.0,100.0,323.0,0.1662506687841307,0.5802153103000448
2.0,100.0,323.0,0.1914603997728015,0.6498839577406279
2.0,100.0,323.0,0.22049285545286207,0.7262508994635588
2.0,100.0,323.0,0.25392770182998,0.8096448150990033
2.0,100.0,323.0,0.2924325036483547,0.9003557617327447
2.0,100.0,323.0,0.33677605308027264,0.9986261556132272
2.0,100.0,323.0,0.3878437195364236,1.104642196544108
2.0,100.0,323.0,0.44665512707340205,1.2185261177185123
2.0,100.0,323.0,0.5143845123479462,1.3403296420240562
2.0,100.0,323.0,0.5923841695876297,1.4700290029457495
2.0,100.0,323.0,0.6822114506835166,1.607521842254642
2.0,100.0,323.0,0.785659859492348,1.752626226275186
2.0,100.0,323.0,0.9047948611813732,1.9050819278613365
2.0,100.0,323.0,1.0419951215901386,2.0645540056176204
2.0,100.0,323.0,1.2,2.230638583076505
2.0,200.0,273.0,0.001,0.03231853134871974
2.0,200.0,273.0,0.0013130324344878836,0.04207524989416095
2.0,200.0,273.0,0.0017240541740171785,0.054660572967826046
2.0,200.0,273.0,0.0022637390492987737,0.07083024287496244
2.0,200.0,273.0,0.002972362794946059,0.09151085842514202
2.0,200.0,273.0,0.003902808756829234,0.1178252452313196
2.0,200.0,273.0,0.00512451448332012,0.15111553205562572
2.0,200.0,273.0,0.0067286537276022365,0.19295958544809333
2.0,200.0,273.0,0.008834940584779547,0.24517433165500163
2.0,200.0,273.0,0.01160056354458889,0.30979784393707016
2.0,200.0,273.0,0.015231916192382951,0.38904199125430167
2.0,200.0,273.0,0.020000000000000004,0.48520977321112163
2.0,200.0,273.0,0.02303273739264226,0.5424821095728655
2.0,200.0,273.0,0.026525349589921046,0.6052194150874215
2.0,200.0,273.0,0.030547570567634134,0.6737051238337392
2.0,200.0,273.0,0.03517970854337624,0.7481972229297701
2.0,200.0,273.0,0.04051424942146391,0.8289217691881231
2.0,200.0,273.0,0.04665770337922934,0.9160666318140559
2.0,200.0,273.0,0.05373273146387932,1.0097756889999159
2.0,200.0,273.0,0.061880594659844954,1.1101437012837776
2.0,200.0,273.0,0.07126397432503748,1.217212068500246
2.0,200.0,273.0,0.08207022030922942,1.3309656517054336
2.0,200.0,273.0,0.09451509160693887,1.4513308089207495
2.0,200.0,273.0,0.10884706423120744,1.5781747560196546
2.0,200.0,273.0,0.12535229231987327,1.7113063226241978
2.0,200.0,273.0,0.1443603215284684,1.8504781271126738
2.0,200.0,273.0,0.1662506687841307,1.9953901434795722
2.0,200.0,273.0,0.1914603997728015,2.145694574982321
2.0,200.0,273.0,0.22049285545286207,2.3010018865526716
2.0,200.0,273.0,0.25392770182998,2.4608877845381683
2.0,200.0,273.0,0.2924325036483547,2.62490087654176
2.0,200.0,273.0,0.33677605308027264,2.7925707057396347
2.0,200.0,273.0,0.3878437195364236,2.9634158416797574
2.0,200.0,273.0,0.44665512707340205,3.136951727445012
2.0,200.0,273.0,0.5143845123479462,3.3126980289855643
2.0,200.0,273.0,0.5923841695876297,3.4901852975874665
2.0,200.0,273.0,0.6822114506835166,3.668960827588245
2.0,200.0,273.0,0.785659859492348,3.84859365454528
2.0,200.0,273.0,0.9047948611813732,4.028678683343033
2.0,200.0,273.0,1.0419951215901386,4.2088399567057975
2.0,200.0,273.0,1.2,4.388733075073787
2.0,200.0,298.0,0.001,0.012334340599388413
2.0,200.0,298.0,0.0013130324344878836,0.016145966871771247
2.0,200.0,298.0,0.0017240541740171785,0.021116850502087618
2.0,200.0,298.0,0.0022637390492987737,0.02758746377971735
2.0,200.0,298.0,0.002972362794946059,0.03599092648175229
2.0,200.0,298.0,0.003902808756829234,0.0468741862588251
2.0,200.0,298.0,0.00512451448332012,0.0609221188357235
2.0,200.0,298.0,0.0067286537276022365,0.07898412007177358
2.0,200.0,298.0,0.008834940584779547,0.10210226113536608
2.0,200.0,298.0,0.01160056354458889,0.13153923501830725
2.0,200.0,298.0,0.015231916192382951,0.1688029365028591
2.0,200.0,298.0,0.020000000000000004,0.21566250951182028
2.0,200.0,298.0,0.02303273739264226,0.24439285117433104
2.0,200.0,298.0,0.026525349589921046,0.27655289691202756
2.0,200.0,298.0,0.030547570567634134,0.3124672002403825
2.0,200.0,298.0,0.03517970854337624,0.3524732105816474
2.0,200.0,298.0,0.04051424942146391,0.39691784806848424
2.0,200.0,298.0,0.04665770337922934,0.4461532392821151
2.0,200.0,298.0,0.05373273146387932,0.5005316298849193
2.0,200.0,298.0,0.061880594659844954,0.5603995348565031
2.0,200.0,298.0,0.07126397432503748,0.626091234028207
2.0,200.0,298.0,0.08207022030922942,0.69792176673467
2.0,200.0,298.0,0.09451509160693887,0.7761796214159846
2.0,200.0,298.0,0.10884706423120744,0.8611193507459418
2.0,200.0,298.0,0.12535229231987327,0.9529543675332218
2.0,200.0,298.0,0.1443603215284684,1.0518501891468481
2.0,200.0,298.0,0.1662506687841307,1.1579183974751088
2.0,200.0,298.0,0.1914603997728015,1.2712115675400373
2.0,200.0,298.0,0.22049285545286207,1.3917193920170827
2.0,200.0,298.0,0.25392770182998,1.5193661928072641
2.0,200.0,298.0,0.2924325036483547,1.6540099661519592
2.0,200.0,298.0,0.33677605308027264,1.7954430555817795
2.0,200.0,298.0,0.3878437195364236,1.9433944874998774
2.0,200.0,298.0,0.44665512707340205,2.097533937518264
2.0,200.0,298.0,0.5143845123479462,2.257477222970215
2.0,200.0,298.0,0.5923841695876297,2.4227931418625968
2.0,200.0,298.0,0.6822114506835166,2.593011407439517
2.0,200.0,298.0,0.785659859492348,2.7676313693142496
2.0,200.0,298.0,0.9047948611813732,2.9461311757932025
2.0,200.0,298.0,1.0419951215901386,3.127977023904886
2.0,200.0,298.0,1.2,3.3126321649390005
2.0,200.0,323.0,0.001,0.0054389748350848945
2.0,200.0,323.0,0.0013130324344878836,0.007132890495859849
2.0,200.0,323.0,0.0017240541740171785,0.009350919342832224
2.0,200.0,323.0,0.0022637390492987737,0.012252842866136465
2.0,200.0,323.0,0.002972362794946059,0.016045548464828988
2.0,200.0,323.0,0.003902808756829234,0.020995884362422924
2.0,200.0,323.0,0.00512451448332012,0.027446403118458494
2.0,200.0,323.0,0.0067286537276022365,0.03583430559929838
2.0,200.0,323.0,0.008834940584779547,0.04671375989360029
2.0,200.0,323.0,0.01160056354458889,0.06078154161108243
2.0,200.0,323.0,0.015231916192382951,0.07890559433829154
2.0,200.0,323.0,0.020000000000000004,0.10215557956640846
2.0,200.0,323.0,0.02303273739264226,0.11664632211781603
2.0,200.0,323.0,0.026525349589921046,0.13306870165988074
2.0,200.0,323.0,0.030547570567634134,0.15165082530884386
2.0,200.0,323.0,0.03517970854337624,0.17264121732720536
2.0,200.0,323.0,0.04051424942146391,0.19630918579793655
2.0,200.0,323.0,0.04665770337922934,0.22294479463457925
2.0,200.0,323.0,0.05373273146387932,0.25285833439921584
2.0,200.0,323.0,0.061880594659844954,0.2863791808059417
2.0,200.0,323.0,0.07126397432503748,0.3238539328197781
2.0,200.0,323.0,0.08207022030922942,0.36564373472101847
2.0,200.0,323.0,0.09451509160693887,0.4121207094123552
2.0,200.0,323.0,0.10884706423120744,0.4636634635934254
2.0,200.0,323.0,0.12535229231987327,0.5206516680801249
2.0,200.0,323.0,0.1443603215284684,0.5834597662948054
2.0,200.0,323.0,0.1662506687841307,0.6524499176973152
2.0,200.0,323.0,0.1914603997728015,0.7279643369524044
2.0,200.0,323.0,0.22049285545286207,0.8103172399536707
2.0,200.0,323.0,0.25392770182998,0.8997866505762254
2.0,200.0,323.0,0.2924325036483547,0.9966063538384239
2.0,200.0,323.0,0.33677605308027264,1.1009582994989897
2.0,200.0,323.0,0.3878437195364236,1.2129657635786175
2.0,200.0,323.0,0.44665512707340205,1.33268756360121
2.0,200.0,323.0,0.5143845123479462,1.4601135971729073
2.0,200.0,323.0,0.5923841695876297,1.595161934055836
2.0,200.0,323.0,0.6822114506835166,1.737677640387787
2.0,200.0,323.0,0.785659859492348,1.8874334511459998
2.0,200.0,323.0,0.9047948611813732,2.044132334279906
2.0,200.0,323.0,1.0419951215901386,2.2074119087022344
2.0,200.0,323.0,1.2,2.376850591712867
2.0,300.0,273.0,0.001,0.05359971635814383
2.0,300.0,273.0,0.0013130324344878836,0.06894938597158891
2.0,300.0,273.0,0.0017240541740171785,0.08834782846981615
2.0,300.0,273.0,0.0022637390492987737,0.11271826879501169
2.0,300.0,273.0,0.002972362794946059,0.14314261731407313
2.0,300.0,273.0,0.003902808756829234,0.18086901601048
2.0,300.0,273.0,0.00512451448332012,0.22730970379493023
2.0,300.0,273.0,0.0067286537276022365,0.28402584784644447
2.0,300.0,273.0,0.008834940584779547,0.3526977417902143
2.0,300.0,273.0,0.01160056354458889,0.4350809602002239
2.0,300.0,273.0,0.015231916192382951,0.5329505790838533
2.0,300.0,273.0,0.020000000000000004,0.6480357745224006
2.0,300.0,273.0,0.02303273739264226,0.715012036102492
2.0,300.0,273.0,0.026525349589921046,0.7872561275260774
2.0,300.0,273.0,0.030547570567634134,0.8649555538019722
2.0,300.0,273.0,0.03517970854337624,0.9482766742541361
2.0,300.0,273.0,0.04051424942146391,1.0373611436623096
2.0,300.0,273.0,0.04665770337922934,1.1323222595316063
2.0,300.0,273.0,0.05373273146387932,1.2332412811787399
2.0,300.0,273.0,0.061880594659844954,1.3401638193003345
2.0,300.0,273.0,0.07126397432503748,1.453096430781925
2.0,300.0,273.0,0.08207022030922942,1.5720035885141226
2.0,300.0,273.0,0.09451509160693887,1.6968052243325797
2.0,300.0,273.0,0.10884706423120744,1.8273750584609592
2.0,300.0,273.0,0.12535229231987327,1.9635399246002774
2.0,300.0,273.0,0.1443603215284684,2.1050802709131378
2.0,300.0,273.0,0.1662506687841307,2.251731961166854
2.0,300.0,273.0,0.1914603997728015,2.4031894189754794
2.0,300.0,273.0,0.22049285545286207,2.5591100583075956
2.0,300.0,273.0,0.25392770182998,2.7191198371519985
2.0,300.0,273.0,0.2924325036483547,2.882819673945532
2.0,300.0,273.0,0.33677605308027264,3.0497923941670733
2.0,300.0,273.0,0.3878437195364236,3.2196098403615823
2.0,300.0,273.0,0.44665512707340205,3.3918397891287193
2.0,300.0,273.0,0.5143845123479462,3.566052370946877
2.0,300.0,273.0,0.5923841695876297,3.7418257722211266
2.0,300.0,273.0,0.6822114506835166,3.9187510967101864
2.0,300.0,273.0,0.785659859492348,4.0964363566823225
2.0,300.0,273.0,0.9047948611813732,4.274509636685028
2.0,300.0,273.0,1.0419951215901386,4.4526215150843536
2.0,300.0,273.0,1.2,4.630446839250897
2.0,300.0,298.0,0.001,0.018772463702954822
2.0,300.0,298.0,0.0013130324344878836,0.024471414528771978
2.0,300.0,298.0,0.0017240541740171785,0.03184074041233275
2.0,300.0,298.0,0.0022637390492987737,0.04133620175068989
2.0,300.0,298.0,0.002972362794946059,0.05352135541030443
2.0,300.0,298.0,0.003902808756829234,0.06908654304651941
2.0,300.0,298.0,0.00512451448332012,0.08886918002106432
2.0,300.0,298.0,0.0067286537276022365,0.11387441480316414
2.0,300.0,298.0,0.008834940584779547,0.1452941553352027
2.0,300.0,298.0,0.01160056354458889,0.18452096284696795
2.0,300.0,298.0,0.015231916192382951,0.23315191033167812
2.0,300.0,298.0,0.020000000000000004,0.2929769871182747
2.0,300.0,298.0,0.02303273739264226,0.3290365805698016
2.0,300.0,298.0,0.026525349589921046,0.36891226576726177
2.0,300.0,298.0,0.030547570567634134,0.4128943822093058
2.0,300.0,298.0,0.03517970854337624,0.4612755407738951
2.0,300.0,298.0,0.04051424942146391,0.514347202730188
2.0,300.0,298.0,0.04665770337922934,0.572395933420898
2.0,300.0,298.0,0.05373273146387932,0.6356993802097736
2.0,300.0,298.0,0.061880594659844954,0.7045220295576332
2.0,300.0,298.0,0.07126397432503748,0.7791108028810456
2.0,300.0,298.0,0.08207022030922942,0.8596905554142966
2.0,300.0,298.0,0.09451509160693887,0.9464595468247898
2.0,300.0,298.0,0.10884706423120744,1.0395849572595337
2.0,300.0,298.0,0.12535229231987327,1.1391985287571202
2.0,300.0,298.0,0.1443603215284684,1.2453924209283755
2.0,300.0,298.0,0.1662506687841307,1.3582153828568346
2.0,300.0,298.0,0.1914603997728015,1.4776693608130114
2.0,300.0,298.0,0.22049285545286207,1.6037066823293706
2.0,300.0,298.0,0.25392770182998,1.7362279776891767
2.0,300.0,298.0,0.2924325036483547,1.875081013716839
2.0,300.0,298.0,0.33677605308027264,2.020060614161904
2.0,300.0,298.0,0.3878437195364236,2.1709098185019475
2.0,300.0,298.0,0.44665512707340205,2.3273223819272584
2.0,300.0,298.0,0.5143845123479462,2.488946643880173
2.0,300.0,298.0,0.5923841695876297,2.6553906973799064
2.0,300.0,298.0,0.6822114506835166,2.8262286890113275
2.0,300.0,298.0,0.785659859492348,3.001007986150551
2.0,300.0,298.0,0.9047948611813732,3.1792568799704903
2.0,300.0,298.0,1.0419951215901386,3.3604924620168712
2.0,300.0,298.0,1.2,3.544228323128476
2.0,300.0,323.0,0.001,0.007672789824812928
2.0,300.0,323.0,0.0013130324344878836,0.010048336897703245
2.0,300.0,323.0,0.0017240541740171785,0.013149348089767273
2.0,300.0,323.0,0.0022637390492987737,0.017190781371784217
2.0,300.0,323.0,0.002972362794946059,0.022447218163769475
2.0,300.0,323.0,0.003902808756829234,0.02926713392996236
2.0,300.0,323.0,0.00512451448332012,0.03808951866183423
2.0,300.0,323.0,0.0067286537276022365,0.049462855692776635
2.0,300.0,323.0,0.008834940584779547,0.06406635795029832
2.0,300.0,323.0,0.01160056354458889,0.08273317651184114
2.0,300.0,323.0,0.015231916192382951,0.10647488867989563
2.0,300.0,323.0,0.020000000000000004,0.13650571946929976
2.0,300.0,323.0,0.02303273739264226,0.15501511238562046
2.0,300.0,323.0,0.026525349589921046,0.17582246181079325
2.0,300.0,323.0,0.030547570567634134,0.19917032760147713
2.0,300.0,323.0,0.03517970854337624,0.22531838269805796
2.0,300.0,323.0,0.04051424942146391,0.25454276005512405
2.0,300.0,323.0,0.04665770337922934,0.2871349055570765
2.0,300.0,323.0,0.05373273146387932,0.3233998843533343
2.0,300.0,323.0,0.061880594659844954,0.36365410535035214
2.0,300.0,323.0,0.07126397432503748,0.4082224489780874
2.0,300.0,323.0,0.08207022030922942,0.4574348052754971
2.0,300.0,323.0,0.09451509160693887,0.5116220514780494
2.0,300.0,323.0,0.10884706423120744,0.5711115196826887
2.0,300.0,323.0,0.12535229231987327,0.6362220252161285
2.0,300.0,323.0,0.1443603215284684,0.707258544620892
2.0,300.0,323.0,0.1662506687841307,0.784506648223289
2.0,300.0,323.0,0.1914603997728015,0.8682268054090481
2.0,300.0,323.0,0.22049285545286207,0.9586486903123229
2.0,300.0,323.0,0.25392770182998,1.0559656212577115
2.0,300.0,323.0,0.2924325036483547,1.160329269395289
2.0,300.0,323.0,0.33677605308027264,1.2718447719587949
2.0,300.0,323.0,0.3878437195364236,1.390566385630727
2.0,300.0,323.0,0.44665512707340205,1.516493817682969
2.0,300.0,323.0,0.5143845123479462,1.6495693775846187
2.0,300.0,323.0,0.5923841695876297,1.789676097806486
2.0,300.0,323.0,0.6822114506835166,1.9366369747832433
2.0,300.0,323.0,0.785659859492348,2.0902154723088064
2.0,300.0,323.0,0.9047948611813732,2.250117402595463
2.0,300.0,323.0,1.0419951215901386,2.415994249784403
2.0,300.0,323.0,1.2,2.587447926815957
2.0,400.0,273.0,0.001,0.13110813562670354
2.0,400.0,273.0,0.0013130324344878836,0.1632038113850238
2.0,400.0,273.0,0.0017240541740171785,0.2017659294720079
2.0,400.0,273.0,0.0022637390492987737,0.24764420042862517
2.0,400.0,273.0,0.002972362794946059,0.30167615349190885
2.0,400.0,273.0,0.003902808756829234,0.3646688749095959
2.0,400.0,273.0,0.00512451448332012,0.43739586536038433
2.0,400.0,273.0,0.0067286537276022365,0.5206135977010593
2.0,400.0,273.0,0.008834940584779547,0.6150969011340324
2.0,400.0,273.0,0.01160056354458889,0.7216853962868146
2.0,400.0,273.0,0.015231916192382951,0.8413267323188246
2.0,400.0,273.0,0.020000000000000004,0.9750988508250544
2.0,400.0,273.0,0.02303273739264226,1.0504007878984918
2.0,400.0,273.0,0.026525349589921046,1.129994485358085
2.0,400.0,273.0,0.030547570567634134,1.2140549544196424
2.0,400.0,273.0,0.03517970854337624,1.3027533866780148
2.0,400.0,273.0,0.04051424942146391,1.3962520192649586
2.0,400.0,273.0,0.04665770337922934,1.494698537504293
2.0,400.0,273.0,0.05373273146387932,1.5982202424138985
2.0,400.0,273.0,0.061880594659844954,1.7069182283019984
2.0,400.0,273.0,0.07126397432503748,1.820861821931684
2.0,400.0,273.0,0.08207022030922942,1.9400835306554418
2.0,400.0,273.0,0.09451509160693887,2.0645747337577878
2.0,400.0,273.0,0.10884706423120744,2.1942823293751004
2.0,400.0,273.0,0.12535229231987327,2.3291065180424484
2.0,400.0,273.0,0.1443603215284684,2.4688998615633886
2.0,400.0,273.0,0.1662506687841307,2.613467701064664
2.0,400.0,273.0,0.1914603997728015,2.762569950933353
2.0,400.0,273.0,0.22049285545286207,2.915924209003167
2.0,400.0,273.0,0.25392770182998,3.073210044735097
2.0,400.0,273.0,0.2924325036483547,3.2340742562228337
2.0,400.0,273.0,0.33677605308027264,3.398136834741407
2.0,400.0,273.0,0.3878437195364236,3.5649973514406494
2.0,400.0,273.0,0.44665512707340205,3.734241488933092
2.0,400.0,273.0,0.5143845123479462,3.9054474783846236
2.0,400.0,273.0,0.5923841695876297,4.078192260956798
2.0,400.0,273.0,0.6822114506835166,4.252057257144213
2.0,400.0,273.0,0.785659859492348,4.426633683880733
2.0,400.0,273.0,0.9047948611813732,4.601527395642965
2.0,400.0,273.0,1.0419951215901386,4.776363236933906
2.0,400.0,273.0,1.2,4.950788881902519
2.0,400.0,298.0,0.001,0.04052715777174814
2.0,400.0,298.0,0.0013130324344878836,0.0520992571225668
2.0,400.0,298.0,0.0017240541740171785,0.06669203381018927
2.0,400.0,298.0,0.0022637390492987737,0.0849728147824886
2.0,400.0,298.0,0.002972362794946059,0.10771399077539559
2.0,400.0,298.0,0.003902808756829234,0.13579560209891556
2.0,400.0,298.0,0.00512451448332012,0.17020148533721022
2.0,400.0,298.0,0.0067286537276022365,0.21200714474380555
2.0,400.0,298.0,0.008834940584779547,0.26235954902779374
2.0,400.0,298.0,0.01160056354458889,0.3224520213833565
2.0,400.0,298.0,0.015231916192382951,0.39349995916590075
2.0,400.0,298.0,0.020000000000000004,0.4767238000706335
2.0,400.0,298.0,0.02303273739264226,0.5250633749305529
2.0,400.0,298.0,0.026525349589921046,0.5771733156219886
2.0,400.0,298.0,0.030547570567634134,0.6332246480358091
2.0,400.0,298.0,0.03517970854337624,0.6933895879167645
2.0,400.0,298.0,0.04051424942146391,0.7578417947214956
2.0,400.0,298.0,0.04665770337922934,0.8267562915286233
2.0,400.0,298.0,0.05373273146387932,0.900308883398359
2.0,400.0,298.0,0.061880594659844954,0.9786749247814094
2.0,400.0,298.0,0.07126397432503748,1.0620273239618794
2.0,400.0,298.0,0.08207022030922942,1.1505337265319333
2.0,400.0,298.0,0.09451509160693887,1.2443528853012673
2.0,400.0,298.0,0.10884706423120744,1.343630293850794
2.0,400.0,298.0,0.12535229231987327,1.448493227765115
2.0,400.0,298.0,0.1443603215284684,1.5590453950316623
2.0,400.0,298.0,0.1662506687841307,1.6753614407457198
2.0,400.0,298.0,0.1914603997728015,1.7974815789113936
2.0,400.0,298.0,0.22049285545286207,1.9254066353609403
2.0,400.0,298.0,0.25392770182998,2.059093781069685
2.0,400.0,298.0,0.2924325036483547,2.1984532147837004
2.0,400.0,298.0,0.33677605308027264,2.3433460177211516
2.0,400.0,298.0,0.3878437195364236,2.493583350752602
2.0,400.0,298.0,0.44665512707340205,2.648927096368538
2.0,400.0,298.0,0.5143845123479462,2.8090919666361382
2.0,400.0,298.0,0.5923841695876297,2.9737490102739104
2.0,400.0,298.0,0.6822114506835166,3.1425303662392374
2.0,400.0,298.0,0.785659859492348,3.3150350389323187
2.0,400.0,298.0,0.9047948611813732,3.4908354215222803
2.0,400.0,298.0,1.0419951215901386,3.669484275414438
2.0,400.0,298.0,1.2,3.850521885874622
2.0,400.0,323.0,0.001,0.014363758914722621
2.0,400.0,323.0,0.0013130324344878836,0.018720221969074236
2.0,400.0,323.0,0.0017240541740171785,0.02435010006598081
2.0,400.0,323.0,0.0022637390492987737,0.03159800789941455
2.0,400.0,323.0,0.002972362794946059,0.040887992650387915
2.0,400.0,323.0,0.003902808756829234,0.05273633153117328
2.0,400.0,323.0,0.00512451448332012,0.06776484276569306
2.0,400.0,323.0,0.0067286537276022365,0.08671426157857652
2.0,400.0,323.0,0.008834940584779547,0.11045669898979182
2.0,400.0,323.0,0.01160056354458889,0.14000531268823094
2.0,400.0,323.0,0.015231916192382951,0.17651841072518923
2.0,400.0,323.0,0.020000000000000004,0.22129497058446349
2.0,400.0,323.0,0.02303273739264226,0.2482264346218687
2.0,400.0,323.0,0.026525349589921046,0.2779698398487435
2.0,400.0,323.0,0.030547570567634134,0.3107412328258001
2.0,400.0,323.0,0.03517970854337624,0.3467615273713813
2.0,400.0,323.0,0.04051424942146391,0.3862551911094696
2.0,400.0,323.0,0.04665770337922934,0.4294489434892894
2.0,400.0,323.0,0.05373273146387932,0.4765705035870801
2.0,400.0,323.0,0.061880594659844954,0.5278474071365812
2.0,400.0,323.0,0.07126397432503748,0.5835058874859396
2.0,400.0,323.0,0.08207022030922942,0.6437697866964979
2.0,400.0,323.0,0.09451509160693887,0.7088594337451379
2.0,400.0,323.0,0.10884706423120744,0.7789904005139618
2.0,400.0,323.0,0.12535229231987327,0.854372027269933
2.0,400.0,323.0,0.1443603215284684,0.9352056020259806
2.0,400.0,323.0,0.1662506687841307,1.0216820861318927
2.0,400.0,323.0,0.1914603997728015,1.1139793035387544
2.0,400.0,323.0,0.22049285545286207,1.2122585528060053
2.0,400.0,323.0,0.25392770182998,1.3166606557616936
2.0,400.0,323.0,0.2924325036483547,1.4273015192286906
2.0,400.0,323.0,0.33677605308027264,1.5442673496330415
2.0,400.0,323.0,0.3878437195364236,1.6676097178987102
2.0,400.0,323.0,0.44665512707340205,1.7973407181289347
2.0,400.0,323.0,0.5143845123479462,1.9334284939647506
2.0,400.0,323.0,0.5923841695876297,2.0757934182831748
2.0,400.0,323.0,0.6822114506835166,2.2243052030134174
2.0,400.0,323.0,0.785659859492348,2.3787811849484317
2.0,400.0,323.0,0.9047948611813732,2.5389859802276455
2.0,400.0,323.0,1.0419951215901386,2.70463262644313
2.0,400.0,323.0,1.2,2.8753852420101906
2.0,500.0,273.0,0.001,0.4293136705794122
2.0,500.0,273.0,0.0013130324344878836,0.49751819491781557
2.0,500.0,273.0,0.0017240541740171785,0.5712223899983957
2.0,500.0,273.0,0.0022637390492987737,0.6501465628615732
2.0,500.0,273.0,0.002972362794946059,0.7341009555854878
2.0,500.0,273.0,0.003902808756829234,0.8230616047635391
2.0,500.0,273.0,0.00512451448332012,0.9172348591667423
2.0,500.0,273.0,0.0067286537276022365,1.0171062441560825
2.0,500.0,273.0,0.008834940584779547,1.123471447365787
2.0,500.0,273.0,0.01160056354458889,1.2374469766398377
2.0,500.0,273.0,0.015231916192382951,1.3604560670254098
2.0,500.0,273.0,0.020000000000000004,1.4941833693039082
2.0,500.0,273.0,0.02303273739264226,1.5683395026466111
2.0,500.0,273.0,0.026525349589921046,1.6461450258454342
2.0,500.0,273.0,0.030547570567634134,1.727867537517929
2.0,500.0,273.0,0.03517970854337624,1.8137666594359507
2.0,500.0,273.0,0.04051424942146391,1.9040871191722075
2.0,500.0,273.0,0.04665770337922934,1.999051566605042
2.0,500.0,273.0,0.05373273146387932,2.0988533770265105
2.0,500.0,273.0,0.061880594659844954,2.2036497202124674
2.0,500.0,273.0,0.07126397432503748,2.3135551868442983
2.0,500.0,273.0,0.08207022030922942,2.4286362607641196
2.0,500.0,273.0,0.09451509160693887,2.5489069079954056
2.0,500.0,273.0,0.10884706423120744,2.674325521396671
2.0,500.0,273.0,0.12535229231987327,2.8047934127432828
2.0,500.0,273.0,0.1443603215284684,2.940154981125665
2.0,500.0,273.0,0.1662506687841307,3.08019960774473
2.0,500.0,273.0,0.1914603997728015,3.2246652347244473
2.0,500.0,273.0,0.22049285545286207,3.373243485347362
2.0,500.0,273.0,0.25392770182998,3.5255860850660445
2.0,500.0,273.0,0.2924325036483547,3.6813122595441783
2.0,500.0,273.0,0.33677605308027264,3.8400167308923736
2.0,500.0,273.0,0.3878437195364236,4.0012779160758924
2.0,500.0,273.0,0.44665512707340205,4.164665955769563
2.0,500.0,273.0,0.5143845123479462,4.329750263315622
2.0,500.0,273.0,0.5923841695876297,4.4961063700076025
2.0,500.0,273.0,0.6822114506835166,4.6633219379601005
2.0,500.0,273.0,0.785659859492348,4.831001897875239
2.0,500.0,273.0,0.9047948611813732,4.9987727321686455
2.0,500.0,273.0,1.0419951215901386,5.166285957014099
2.0,500.0,273.0,1.2,5.333220860764584
2.0,500.0,298.0,0.001,0.13175665259194
2.0,500.0,298.0,0.0013130324344878836,0.16313726341044585
2.0,500.0,298.0,0.0017240541740171785,0.20042982920694186
2.0,500.0,298.0,0.0022637390492987737,0.24422905036121256
2.0,500.0,298.0,0.002972362794946059,0.29503930392718564
2.0,500.0,298.0,0.003902808756829234,0.3532471619809518
2.0,500.0,298.0,0.00512451448332012,0.4191137183460216
2.0,500.0,298.0,0.0067286537276022365,0.49279376334758634
2.0,500.0,298.0,0.008834940584779547,0.574383840444711
2.0,500.0,298.0,0.01160056354458889,0.6639948002678076
2.0,500.0,298.0,0.015231916192382951,0.7618383291276135
2.0,500.0,298.0,0.020000000000000004,0.8683130201956625
2.0,500.0,298.0,0.02303273739264226,0.9271131009279856
2.0,500.0,298.0,0.026525349589921046,0.9885268580388525
2.0,500.0,298.0,0.030547570567634134,1.0526995829267292
2.0,500.0,298.0,0.03517970854337624,1.1197989724159487
2.0,500.0,298.0,0.04051424942146391,1.190014070578233
2.0,500.0,298.0,0.04665770337922934,1.2635533149711031
2.0,500.0,298.0,0.05373273146387932,1.3406416606230604
2.0,500.0,298.0,0.061880594659844954,1.4215167736009773
2.0,500.0,298.0,0.07126397432503748,1.506424311004465
2.0,500.0,298.0,0.08207022030922942,1.5956123368653528
2.0,500.0,298.0,0.09451509160693887,1.6893249634503336
2.0,500.0,298.0,0.10884706423120744,1.7877953532288549
2.0,500.0,298.0,0.12535229231987327,1.891238265410702
2.0,500.0,298.0,0.1443603215284684,1.999842378738833
2.0,500.0,298.0,0.1662506687841307,2.1137626649506176
2.0,500.0,298.0,0.1914603997728015,2.233113120733338
2.0,500.0,298.0,0.22049285545286207,2.3579601860257706
2.0,500.0,298.0,0.25392770182998,2.488317179396783
2.0,500.0,298.0,0.2924325036483547,2.6241400636084755
2.0,500.0,298.0,0.33677605308027264,2.7653248136576916
2.0,500.0,298.0,0.3878437195364236,2.91170659419721
2.0,500.0,298.0,0.44665512707340205,3.063060864207714
2.0,500.0,298.0,0.5143845123479462,3.219106418561988
2.0,500.0,298.0,0.5923841695876297,3.379510257378019
2.0,500.0,298.0,0.6822114506835166,3.5438940574104656
2.0,500.0,298.0,0.785659859492348,3.71184191993671
2.0,500.0,298.0,0.9047948611813732,3.882909000473149
2.0,500.0,298.0,1.0419951215901386,4.056630596539548
2.0,500.0,298.0,1.2,4.232531282630125
2.0,500.0,323.0,0.001,0.03993008196132016
2.0,500.0,323.0,0.0013130324344878836,0.051205566815340255
2.0,500.0,323.0,0.0017240541740171785,0.06535389432077338
2.0,500.0,323.0,0.0022637390492987737,0.08297356666571563
2.0,500.0,323.0,0.002972362794946059,0.1047399824197835
2.0,500.0,323.0,0.003902808756829234,0.13139858158614312
2.0,500.0,323.0,0.00512451448332012,0.16374965992735185
2.0,500.0,323.0,0.0067286537276022365,0.20262365362207693
2.0,500.0,323.0,0.008834940584779547,0.24884848906383242
2.0,500.0,323.0,0.01160056354458889,0.3032143876710801
2.0,500.0,323.0,0.015231916192382951,0.3664448585741578
2.0,500.0,323.0,0.020000000000000004,0.4391839100314218
2.0,500.0,323.0,0.02303273739264226,0.48082736539238097
2.0,500.0,323.0,0.026525349589921046,0.5252574656667196
2.0,500.0,323.0,0.030547570567634134,0.572550008807397
2.0,500.0,323.0,0.03517970854337624,0.6227833982811586
2.0,500.0,323.0,0.04051424942146391,0.6760415138248684
2.0,500.0,323.0,0.04665770337922934,0.7324166449910972
2.0,500.0,323.0,0.05373273146387932,0.7920122870079153
2.0,500.0,323.0,0.061880594659844954,0.8549455903691234
2.0,500.0,323.0,0.07126397432503748,0.9213492618218498
2.0,500.0,323.0,0.08207022030922942,0.9913727338197673
2.0,500.0,323.0,0.09451509160693887,1.0651824494959168
2.0,500.0,323.0,0.10884706423120744,1.1429611476144317
2.0,500.0,323.0,0.12535229231987327,1.2249060738114679
2.0,500.0,323.0,0.1443603215284684,1.3112260884947964
2.0,500.0,323.0,0.1662506687841307,1.4021376866954915
2.0,500.0,323.0,0.1914603997728015,1.4978599903119079
2.0,500.0,323.0,0.22049285545286207,1.59860881824627
2.0,500.0,323.0,0.25392770182998,1.7045899845837318
2.0,500.0,323.0,0.2924325036483547,1.8159920186520546
2.0,500.0,323.0,0.33677605308027264,1.9329785426421386
2.0,500.0,323.0,0.3878437195364236,2.055680581120685
2.0,500.0,323.0,0.44665512707340205,2.1841891101693203
2.0,500.0,323.0,0.5143845123479462,2.318548178921474
2.0,500.0,323.0,0.5923841695876297,2.458748948526118
2.0,500.0,323.0,0.6822114506835166,2.604724987548885
2.0,500.0,323.0,0.785659859492348,2.756349132869907
2.0,500.0,323.0,0.9047948611813732,2.913432167087613
2.0,500.0,323.0,1.0419951215901386,3.0757234766089767
2.0,500.0,323.0,1.2,3.242913743441512
2.0,600.0,273.0,0.001,1.1365993489527928
2.0,600.0,273.0,0.0013130324344878836,1.2139638666278527
2.0,600.0,273.0,0.0017240541740171785,1.2919755774440318
2.0,600.0,273.0,0.0022637390492987737,1.3710374633402955
2.0,600.0,273.0,0.002972362794946059,1.4517085037393909
2.0,600.0,273.0,0.003902808756829234,1.534702466056519
2.0,600.0,273.0,0.00512451448332012,1.6208880516050943
2.0,600.0,273.0,0.0067286537276022365,1.7112923671275186
2.0,600.0,273.0,0.008834940584779547,1.8071074931732567
2.0,600.0,273.0,0.01160056354458889,1.909696439314187
2.0,600.0,273.0,0.015231916192382951,2.020591119699788
2.0,600.0,273.0,0.020000000000000004,2.1414724398951366
2.0,600.0,273.0,0.02303273739264226,2.2086562996780943
2.0,600.0,273.0,0.026525349589921046,2.279255568727888
2.0,600.0,273.0,0.030547570567634134,2.353520645921712
2.0,600.0,273.0,0.03517970854337624,2.4316945488402286
2.0,600.0,273.0,0.04051424942146391,2.5140075047320845
2.0,600.0,273.0,0.04665770337922934,2.6006711290114564
2.0,600.0,273.0,0.05373273146387932,2.6918723881177264
2.0,600.0,273.0,0.061880594659844954,2.787767578812974
2.0,600.0,273.0,0.07126397432503748,2.888476581134256
2.0,600.0,273.0,0.08207022030922942,2.9940776556208664
2.0,600.0,273.0,0.09451509160693887,3.1046030555427113
2.0,600.0,273.0,0.10884706423120744,3.220035709760278
2.0,600.0,273.0,0.12535229231987327,3.3403071992527043
2.0,600.0,273.0,0.1443603215284684,3.465297198159106
2.0,600.0,273.0,0.1662506687841307,3.594834477731936
2.0,600.0,273.0,0.1914603997728015,3.7286994812443433
2.0,600.0,273.0,0.22049285545286207,3.8666283762086984
2.0,600.0,273.0,0.25392770182998,4.008318388240215
2.0,600.0,273.0,0.2924325036483547,4.153434132541672
2.0,600.0,273.0,0.33677605308027264,4.301614598406991
2.0,600.0,273.0,0.3878437195364236,4.4524804198787535
2.0,600.0,273.0,0.44665512707340205,4.605641085427823
2.0,600.0,273.0,0.5143845123479462,4.7607017964449225
2.0,600.0,273.0,0.5923841695876297,4.917269765896023
2.0,600.0,273.0,0.6822114506835166,5.074959837445477
2.0,600.0,273.0,0.785659859492348,5.233399384167621
2.0,600.0,273.0,0.9047948611813732,5.392232501292243
2.0,600.0,273.0,1.0419951215901386,5.551123533186015
2.0,600.0,273.0,1.2,5.709759973077567
2.0,600.0,298.0,0.001,0.5049863456113923
2.0,600.0,298.0,0.0013130324344878836,0.5773547652364102
2.0,600.0,298.0,0.0017240541740171785,0.6537757446216197
2.0,600.0,298.0,0.0022637390492987737,0.7336503113992332
2.0,600.0,298.0,0.002972362794946059,0.8164553422860619
2.0,600.0,298.0,0.003902808756829234,0.9018017239856594
2.0,600.0,298.0,0.00512451448332012,0.9894824119682849
2.0,600.0,298.0,0.0067286537276022365,1.0795110151260867
2.0,600.0,298.0,0.008834940584779547,1.1721521824887096
2.0,600.0,298.0,0.01160056354458889,1.267944025033754
2.0,600.0,298.0,0.015231916192382951,1.3677111350496631
2.0,600.0,298.0,0.020000000000000004,1.4725655253952799
2.0,600.0,298.0,0.02303273739264226,1.5293732934269588
2.0,600.0,298.0,0.026525349589921046,1.5881363009302851
2.0,600.0,298.0,0.030547570567634134,1.649090162604513
2.0,600.0,298.0,0.03517970854337624,1.7124842827869788
2.0,600.0,298.0,0.04051424942146391,1.7785793230453963
2.0,600.0,298.0,0.04665770337922934,1.8476442357815677
2.0,600.0,298.0,0.05373273146387932,1.9199528467311584
2.0,600.0,298.0,0.061880594659844954,1.9957799762886326
2.0,600.0,298.0,0.07126397432503748,2.0753971030317957
2.0,600.0,298.0,0.08207022030922942,2.159067593100161
2.0,600.0,298.0,0.09451509160693887,2.247041545443011
2.0,600.0,298.0,0.10884706423120744,2.3395503336667405
2.0,600.0,298.0,0.12535229231987327,2.4368009579897922
2.0,600.0,298.0,0.1443603215284684,2.5389703532722137
2.0,600.0,298.0,0.1662506687841307,2.6461998290524757
2.0,600.0,298.0,0.1914603997728015,2.758589843067643
2.0,600.0,298.0,0.22049285545286207,2.876195328897519
2.0,600.0,298.0,0.25392770182998,2.999021808733893
2.0,600.0,298.0,0.2924325036483547,3.1270225206016717
2.0,600.0,298.0,0.33677605308027264,3.260096771725797
2.0,600.0,298.0,0.3878437195364236,3.3980896923403905
2.0,600.0,298.0,0.44665512707340205,3.5407935048740034
2.0,600.0,298.0,0.5143845123479462,3.6879503432787426
2.0,600.0,298.0,0.5923841695876297,3.839256562129645
2.0,600.0,298.0,0.6822114506835166,3.994368375578584
2.0,600.0,298.0,0.785659859492348,4.152908576037134
2.0,600.0,298.0,0.9047948611813732,4.314474015414754
2.0,600.0,298.0,1.0419951215901386,4.478643498111703
2.0,600.0,298.0,1.2,4.644985738440458
2.0,600.0,323.0,0.001,0.15885431962896723
2.0,600.0,323.0,0.0013130324344878836,0.19501625630334943
2.0,600.0,323.0,0.0017240541740171785,0.2373472349692632
2.0,600.0,323.0,0.0022637390492987737,0.28623191581056556
2.0,600.0,323.0,0.002972362794946059,0.3418915593399716
2.0,600.0,323.0,0.003902808756829234,0.40436170492817275
2.0,600.0,323.0,0.00512451448332012,0.47349533183791226
2.0,600.0,323.0,0.0067286537276022365,0.5489952197130833
2.0,600.0,323.0,0.008834940584779547,0.6304735330772184
2.0,600.0,323.0,0.01160056354458889,0.7175312770151655
2.0,600.0,323.0,0.015231916192382951,0.8098470248255182
2.0,600.0,323.0,0.020000000000000004,0.9072641868482232
2.0,600.0,323.0,0.02303273739264226,0.9597911634328841
2.0,600.0,323.0,0.026525349589921046,1.0137499960914225
2.0,600.0,323.0,0.030547570567634134,1.0692074680899875
2.0,600.0,323.0,0.03517970854337624,1.1262556855839618
2.0,600.0,323.0,0.04051424942146391,1.185012998437899
2.0,600.0,323.0,0.04665770337922934,1.2456244062482345
2.0,600.0,323.0,0.05373273146387932,1.3082613903546998
2.0,600.0,323.0,0.061880594659844954,1.373121109970179
2.0,600.0,323.0,0.07126397432503748,1.440424903360692
2.0,600.0,323.0,0.08207022030922942,1.5104160443625263
2.0,600.0,323.0,0.09451509160693887,1.583356720709289
2.0,600.0,323.0,0.10884706423120744,1.659524223113603
2.0,600.0,323.0,0.12535229231987327,1.739206361564645
2.0,600.0,323.0,0.1443603215284684,1.8226961561639783
2.0,600.0,323.0,0.1662506687841307,1.9102858821669586
2.0,600.0,323.0,0.1914603997728015,2.0022605809692724
2.0,600.0,323.0,0.22049285545286207,2.098891179094481
2.0,600.0,323.0,0.25392770182998,2.2004273846364364
2.0,600.0,323.0,0.2924325036483547,2.3070905542137115
2.0,600.0,323.0,0.33677605308027264,2.419066742632539
2.0,600.0,323.0,0.3878437195364236,2.536500161553057
2.0,600.0,323.0,0.44665512707340205,2.659487281828966
2.0,600.0,323.0,0.5143845123479462,2.788071815753058
2.0,600.0,323.0,0.5923841695876297,2.922240808354502
2.0,600.0,323.0,0.6822114506835166,3.0619220484292056
2.0,600.0,323.0,0.785659859492348,3.2069829768587
2.0,600.0,323.0,0.9047948611813732,3.3572312191569704
2.0,600.0,323.0,1.0419951215901386,3.5124168002471676
2.0,600.0,323.0,1.2,3.6722360149271185
2.0,700.0,273.0,0.001,2.0051546633152246
2.0,700.0,273.0,0.0013130324344878836,2.0625804912149417
2.0,700.0,273.0,0.0017240541740171785,2.1195649060355795
2.0,700.0,273.0,0.0022637390492987737,2.1765569258090123
2.0,700.0,273.0,0.002972362794946059,2.2341653965139217
2.0,700.0,273.0,0.003902808756829234,2.293175907568083
2.0,700.0,273.0,0.00512451448332012,2.3545678670431625
2.0,700.0,273.0,0.0067286537276022365,2.4195306197695374
2.0,700.0,273.0,0.008834940584779547,2.489474972431766
2.0,700.0,273.0,0.01160056354458889,2.5660338513968015
2.0,700.0,273.0,0.015231916192382951,2.6510442169385082
2.0,700.0,273.0,0.020000000000000004,2.746502631755941
2.0,700.0,273.0,0.02303273739264226,2.8007884849380367
2.0,700.0,273.0,0.026525349589921046,2.858732092177117
2.0,700.0,273.0,0.030547570567634134,2.9206173445108705
2.0,700.0,273.0,0.03517970854337624,2.9867161414393824
2.0,700.0,273.0,0.04051424942146391,3.057282583223006
2.0,700.0,273.0,0.04665770337922934,3.1325469690203764
2.0,700.0,273.0,0.05373273146387932,3.2127097922865575
2.0,700.0,273.0,0.061880594659844954,3.297935947222301
2.0,700.0,273.0,0.07126397432503748,3.3883493734809007
2.0,700.0,273.0,0.08207022030922942,3.484028369634944
2.0,700.0,273.0,0.09451509160693887,3.5850017983973608
2.0,700.0,273.0,0.10884706423120744,3.6912463875898345
2.0,700.0,273.0,0.12535229231987327,3.802685299278703
2.0,700.0,273.0,0.1443603215284684,3.9191880939868824
2.0,700.0,273.0,0.1662506687841307,4.040572156574686
2.0,700.0,273.0,0.1914603997728015,4.166605576242582
2.0,700.0,273.0,0.22049285545286207,4.297011389340003
2.0,700.0,273.0,0.25392770182998,4.43147300832359
2.0,700.0,273.0,0.2924325036483547,4.569640584505902
2.0,700.0,273.0,0.33677605308027264,4.711137998306342
2.0,700.0,273.0,0.3878437195364236,4.855570148378781
2.0,700.0,273.0,0.44665512707340205,5.002530224561427
2.0,700.0,273.0,0.5143845123479462,5.151606695969139
2.0,700.0,273.0,0.5923841695876297,5.302389814407087
2.0,700.0,273.0,0.6822114506835166,5.45447750953257
2.0,700.0,273.0,0.785659859492348,5.607480619931581
2.0,700.0,273.0,0.9047948611813732,5.761027451074038
2.0,700.0,273.0,1.0419951215901386,5.914767671217733
2.0,700.0,273.0,1.2,6.211000192819659
2.0,700.0,298.0,0.001,1.3108567189181948
2.0,700.0,298.0,0.0013130324344878836,1.3868013058813906
2.0,700.0,298.0,0.0017240541740171785,1.4623188399515452
2.0,700.0,298.0,0.0022637390492987737,1.5375411845214297
2.0,700.0,298.0,0.002972362794946059,1.6126404197504502
2.0,700.0,298.0,0.003902808756829234,1.6878313760134163
2.0,700.0,298.0,0.00512451448332012,1.763387336578122
2.0,700.0,298.0,0.0067286537276022365,1.839668981915759
2.0,700.0,298.0,0.008834940584779547,1.9171639990535496
2.0,700.0,298.0,0.01160056354458889,1.9965325215159366
2.0,700.0,298.0,0.015231916192382951,2.0786520101551273
2.0,700.0,298.0,0.020000000000000004,2.1646544197207147
2.0,700.0,298.0,0.02303273739264226,2.2112216795352824
2.0,700.0,298.0,0.026525349589921046,2.25943246697022
2.0,700.0,298.0,0.030547570567634134,2.3095323003834003
2.0,700.0,298.0,0.03517970854337624,2.3617848693394143
2.0,700.0,298.0,0.04051424942146391,2.4164700341096497
2.0,700.0,298.0,0.04665770337922934,2.473881132676437
2.0,700.0,298.0,0.05373273146387932,2.5343215727626074
2.0,700.0,298.0,0.061880594659844954,2.5981007057747982
2.0,700.0,298.0,0.07126397432503748,2.665529003876854
2.0,700.0,298.0,0.08207022030922942,2.7369125907190606
2.0,700.0,298.0,0.09451509160693887,2.8125472100682893
2.0,700.0,298.0,0.10884706423120744,2.8927117534341518
2.0,700.0,298.0,0.12535229231987327,2.977661505797081
2.0,700.0,298.0,0.1443603215284684,3.067621305226478
2.0,700.0,298.0,0.1662506687841307,3.1627788447887575
2.0,700.0,298.0,0.1914603997728015,3.2632783709250317
2.0,700.0,298.0,0.22049285545286207,3.3692150487182615
2.0,700.0,298.0,0.25392770182998,3.4806302683963057
2.0,700.0,298.0,0.2924325036483547,3.5975081560278848
2.0,700.0,298.0,0.33677605308027264,3.719773521510516
2.0,700.0,298.0,0.3878437195364236,3.8472914259368696
2.0,700.0,298.0,0.44665512707340205,3.979868477272833
2.0,700.0,298.0,0.5143845123479462,4.117255870259123
2.0,700.0,298.0,0.5923841695876297,4.259154080309386
2.0,700.0,298.0,0.6822114506835166,4.405219013249067
2.0,700.0,298.0,0.785659859492348,4.555069317381462
2.0,700.0,298.0,0.9047948611813732,4.708294495896332
2.0,700.0,298.0,1.0419951215901386,4.86446342654569
2.0,700.0,298.0,1.2,5.023132905298643
2.0,700.0,323.0,0.001,0.6351465756982799
2.0,700.0,323.0,0.0013130324344878836,0.7143577859650321
2.0,700.0,323.0,0.0017240541740171785,0.7962132023666373
2.0,700.0,323.0,0.0022637390492987737,0.8800343441701576
2.0,700.0,323.0,0.002972362794946059,0.9652466881786096
2.0,700.0,323.0,0.003902808756829234,1.0514111789099854
2.0,700.0,323.0,0.00512451448332012,1.1382449201889375
2.0,700.0,323.0,0.0067286537276022365,1.2256326525605048
2.0,700.0,323.0,0.008834940584779547,1.3136308639840477
2.0,700.0,323.0,0.01160056354458889,1.402466835463359
2.0,700.0,323.0,0.015231916192382951,1.4925357829628152
2.0,700.0,323.0,0.020000000000000004,1.584400065268923
2.0,700.0,323.0,0.02303273739264226,1.6329658953670545
2.0,700.0,323.0,0.026525349589921046,1.682330135537639
2.0,700.0,323.0,0.030547570567634134,1.7326283390303823
2.0,700.0,323.0,0.03517970854337624,1.7840109474984938
2.0,700.0,323.0,0.04051424942146391,1.8366441625987193
2.0,700.0,323.0,0.04665770337922934,1.8907107685537432
2.0,700.0,323.0,0.05373273146387932,1.9464107987104442
2.0,700.0,323.0,0.061880594659844954,2.003961924883097
2.0,700.0,323.0,0.07126397432503748,2.0635994398817896
2.0,700.0,323.0,0.08207022030922942,2.125575702476878
2.0,700.0,323.0,0.09451509160693887,2.190158921392139
2.0,700.0,323.0,0.10884706423120744,2.25763117168955
2.0,700.0,323.0,0.12535229231987327,2.328285563497487
2.0,700.0,323.0,0.1443603215284684,2.402422519053343
2.0,700.0,323.0,0.1662506687841307,2.480345158144602
2.0,700.0,323.0,0.1914603997728015,2.5623538419149647
2.0,700.0,323.0,0.22049285545286207,2.648739977495181
2.0,700.0,323.0,0.25392770182998,2.7397792373901324
2.0,700.0,323.0,0.2924325036483547,2.835724394419828
2.0,700.0,323.0,0.33677605308027264,2.936798012266346
2.0,700.0,323.0,0.3878437195364236,3.0431852612397194
2.0,700.0,323.0,0.44665512707340205,3.1550271475670377
2.0,700.0,323.0,0.5143845123479462,3.2724144516297704
2.0,700.0,323.0,0.5923841695876297,3.395382665221867
2.0,700.0,323.0,0.6822114506835166,3.523908198415114
2.0,700.0,323.0,0.785659859492348,3.6579060905805254
2.0,700.0,323.0,0.9047948611813732,3.7972294051810747
2.0,700.0,323.0,1.0419951215901386,3.9416704134031244
2.0,700.0,323.0,1.2,4.090963580146593
2.0,800.0,273.0,0.001,2.6826982188224706
2.0,800.0,273.0,0.0013130324344878836,2.7158725729792317
2.0,800.0,273.0,0.0017240541740171785,2.7499671991559516
2.0,800.0,273.0,0.0022637390492987737,2.7854716049337385
2.0,800.0,273.0,0.002972362794946059,2.823002335692961
2.0,800.0,273.0,0.003902808756829234,2.863320258830622
2.0,800.0,273.0,0.00512451448332012,2.907347654943
2.0,800.0,273.0,0.0067286537276022365,2.9561855319198274
2.0,800.0,273.0,0.008834940584779547,3.011129051463214
2.0,800.0,273.0,0.01160056354458889,3.0736757154573797
2.0,800.0,273.0,0.015231916192382951,3.14551822524961
2.0,800.0,273.0,0.020000000000000004,3.2285127920796635
2.0,800.0,273.0,0.02303273739264226,3.276572251199739
2.0,800.0,273.0,0.026525349589921046,3.3284298393811333
2.0,800.0,273.0,0.030547570567634134,3.3843564506702446
2.0,800.0,273.0,0.03517970854337624,3.4446129787746416
2.0,800.0,273.0,0.04051424942146391,3.5094444436141647
2.0,800.0,273.0,0.04665770337922934,3.579073821563135
2.0,800.0,273.0,0.05373273146387932,3.653695786633825
2.0,800.0,273.0,0.061880594659844954,3.733470596498228
2.0,800.0,273.0,0.07126397432503748,3.818518373996302
2.0,800.0,273.0,0.08207022030922942,3.908914040715742
2.0,800.0,273.0,0.09451509160693887,4.004683153527642
2.0,800.0,273.0,0.10884706423120744,4.105798876395713
2.0,800.0,273.0,0.12535229231987327,4.212180286535456
2.0,800.0,273.0,0.1443603215284684,4.323692164135298
2.0,800.0,273.0,0.1662506687841307,4.440146347390696
2.0,800.0,273.0,0.1914603997728015,4.561304651055683
2.0,800.0,273.0,0.22049285545286207,4.686883252386796
2.0,800.0,273.0,0.25392770182998,4.956598133522346
2.0,800.0,273.0,0.2924325036483547,5.09354579931475
2.0,800.0,273.0,0.33677605308027264,5.233903325119881
2.0,800.0,273.0,0.3878437195364236,5.377280776342199
2.0,800.0,273.0,0.44665512707340205,5.523279765172465
2.0,800.0,273.0,0.5143845123479462,5.671500651039313
2.0,800.0,273.0,0.5923841695876297,5.821549018251982
2.0,800.0,273.0,0.6822114506835166,5.973041236107372
2.0,800.0,273.0,0.785659859492348,6.125608979451142
2.0,800.0,273.0,0.9047948611813732,6.278902660947137
2.0,800.0,273.0,1.0419951215901386,6.432593796669319
2.0,800.0,273.0,1.2,6.586376390358254
2.0,800.0,298.0,0.001,2.18340903423609
2.0,800.0,298.0,0.0013130324344878836,2.233146313201499
2.0,800.0,298.0,0.0017240541740171785,2.281582672259403
2.0,800.0,298.0,0.0022637390492987737,2.3290196587187184
2.0,800.0,298.0,0.002972362794946059,2.375831959805568
2.0,800.0,298.0,0.003902808756829234,2.422475939263633
2.0,800.0,298.0,0.00512451448332012,2.469501260592771
2.0,800.0,298.0,0.0067286537276022365,2.5175656861333393
2.0,800.0,298.0,0.008834940584779547,2.567453397450465
2.0,800.0,298.0,0.01160056354458889,2.620096897768064
2.0,800.0,298.0,0.015231916192382951,2.6766014299784766
2.0,800.0,298.0,0.020000000000000004,2.7382689806252665
2.0,800.0,298.0,0.02303273739264226,2.772762738552765
2.0,800.0,298.0,0.026525349589921046,2.8092829762666858
2.0,800.0,298.0,0.030547570567634134,2.8480802541416694
2.0,800.0,298.0,0.03517970854337624,2.8894199244476675
2.0,800.0,298.0,0.04051424942146391,2.933580564298979
2.0,800.0,298.0,0.04665770337922934,2.980851684576926
2.0,800.0,298.0,0.05373273146387932,3.031530661162904
2.0,800.0,298.0,0.061880594659844954,3.085918869681319
2.0,800.0,298.0,0.07126397432503748,3.1443170463466736
2.0,800.0,298.0,0.08207022030922942,3.2070199425194916
2.0,800.0,298.0,0.09451509160693887,3.274310385902839
2.0,800.0,298.0,0.10884706423120744,3.3464529037330375
2.0,800.0,298.0,0.12535229231987327,3.423687100108846
2.0,800.0,298.0,0.1443603215284684,3.5062210088286463
2.0,800.0,298.0,0.1662506687841307,3.5942246637002118
2.0,800.0,298.0,0.1914603997728015,3.6878241398519216
2.0,800.0,298.0,0.22049285545286207,3.7870963218858864
2.0,800.0,298.0,0.25392770182998,3.892064647107597
2.0,800.0,298.0,0.2924325036483547,4.002696052957493
2.0,800.0,298.0,0.33677605308027264,4.118899324662562
2.0,800.0,298.0,0.3878437195364236,4.240524989367783
2.0,800.0,298.0,0.44665512707340205,4.367366835237706
2.0,800.0,298.0,0.5143845123479462,4.499165049900203
2.0,800.0,298.0,0.5923841695876297,4.635610878095175
2.0,800.0,298.0,0.6822114506835166,4.776352603786095
2.0,800.0,298.0,0.785659859492348,5.049175878348285
2.0,800.0,298.0,0.9047948611813732,5.2011516549603085
2.0,800.0,298.0,1.0419951215901386,5.356306418163241
2.0,800.0,298.0,1.2,5.514207187538392
2.0,800.0,323.0,0.001,1.5162718346692856
2.0,800.0,323.0,0.0013130324344878836,1.5911323290987809
2.0,800.0,323.0,0.0017240541740171785,1.664857794285836
2.0,800.0,323.0,0.0022637390492987737,1.737375019374219
2.0,800.0,323.0,0.002972362794946059,1.8086233063937593
2.0,800.0,323.0,0.003902808756829234,1.8785747245527284
2.0,800.0,323.0,0.00512451448332012,1.9472605102801468
2.0,800.0,323.0,0.0067286537276022365,2.0148003530917165
2.0,800.0,323.0,0.008834940584779547,2.08143166680629
2.0,800.0,323.0,0.01160056354458889,2.1475369830878868
2.0,800.0,323.0,0.015231916192382951,2.2136688440653165
2.0,800.0,323.0,0.020000000000000004,2.2805724968554593
2.0,800.0,323.0,0.02303273739264226,2.3158677790925877
2.0,800.0,323.0,0.026525349589921046,2.3517821481198005
2.0,800.0,323.0,0.030547570567634134,2.388490817750188
2.0,800.0,323.0,0.03517970854337624,2.4261869426937346
2.0,800.0,323.0,0.04051424942146391,2.4650819450092536
2.0,800.0,323.0,0.04665770337922934,2.5054056057841536
2.0,800.0,323.0,0.05373273146387932,2.5474058506667205
2.0,800.0,323.0,0.061880594659844954,2.591348153824273
2.0,800.0,323.0,0.07126397432503748,2.6375144846716503
2.0,800.0,323.0,0.08207022030922942,2.686201725508772
2.0,800.0,323.0,0.09451509160693887,2.7377194962953078
2.0,800.0,323.0,0.10884706423120744,2.7923873355574185
2.0,800.0,323.0,0.12535229231987327,2.850531204236644
2.0,800.0,323.0,0.1443603215284684,2.9124793022804343
2.0,800.0,323.0,0.1662506687841307,2.9785572155942335
2.0,800.0,323.0,0.1914603997728015,3.0490824427173537
2.0,800.0,323.0,0.22049285545286207,3.124358384873583
2.0,800.0,323.0,0.25392770182998,3.204667918304525
2.0,800.0,323.0,0.2924325036483547,3.2902667025461234
2.0,800.0,323.0,0.33677605308027264,3.3813764113691027
2.0,800.0,323.0,0.3878437195364236,3.478178103480781
2.0,800.0,323.0,0.44665512707340205,3.5808059765824582
2.0,800.0,323.0,0.5143845123479462,3.6893417689938546
2.0,800.0,323.0,0.5923841695876297,3.8038100844702796
2.0,800.0,323.0,0.6822114506835166,3.924174913316174
2.0,800.0,323.0,0.785659859492348,4.050337600958685
2.0,800.0,323.0,0.9047948611813732,4.182136469037965
2.0,800.0,323.0,1.0419951215901386,4.319348221791176
2.0,800.0,323.0,1.2,4.461691174672149
