dF0_K,eps_assoc_K,T_K,p_bar,N_mmol_g
100.0,0.0,273.0,0.001,0.022131310835488274
100.0,0.0,273.0,0.0013130324344878836,0.028949372234534893
100.0,0.0,273.0,0.0017240541740171785,0.03782591856536259
100.0,0.0,273.0,0.0022637390492987737,0.04935468389092359
100.0,0.0,273.0,0.002972362794946059,0.06428324279873578
100.0,0.0,273.0,0.003902808756829234,0.08354272314760323
100.0,0.0,273.0,0.00512451448332012,0.10827778623038033
100.0,0.0,273.0,0.0067286537276022365,0.13987372775547133
100.0,0.0,273.0,0.008834940584779547,0.1799761264963608
100.0,0.0,273.0,0.01160056354458889,0.23049689215275743
100.0,0.0,273.0,0.015231916192382951,0.293599036823163
100.0,0.0,273.0,0.020000000000000004,0.3716514941650781
100.0,0.0,273.0,0.02288290047345013,0.41653175194612924
100.0,0.0,273.0,0.026181356703891212,0.4659805123174714
100.0,0.0,273.0,0.029955268985751946,0.5202975044819111
100.0,0.0,273.0,0.03427317194281946,0.5797725178811468
100.0,0.0,273.0,0.03921347912384905,0.6446796211081207
100.0,0.0,273.0,0.04486590700043761,0.7152710392317974
100.0,0.0,273.0,0.051333104227104166,0.7917708659132715
100.0,0.0,273.0,0.05873251575110334,1.1831706059082934
100.0,0.0,273.0,0.06719851562439198,1.301864542547504
100.0,0.0,273.0,0.07688484724982726,1.4288068027625374
100.0,0.0,273.0,0.08796741537671066,1.5640294498356284
100.0,0.0,273.0,0.10064748054859585,1.7074919801601733
100.0,0.0,273.0,0.11515531401485132,1.8590795062235559
100.0,0.0,273.0,0.131754379479537,2.0186030344470556
100.0,0.0,273.0,0.15074611762857124,2.185801873099177
100.0,0.0,273.0,0.1724754203226801,2.3603480702116935
100.0,0.0,273.0,0.1973368938680183,2.541852652739086
100.0,0.0,273.0,0.22578202510608278,2.7298733311089167
100.0,0.0,273.0,0.2583273804598255,2.92392325981179
100.0,0.0,273.0,0.2955639868314636,3.1234804115295605
100.0,0.0,273.0,0.33816806471002536,3.3279971298932516
100.0,0.0,273.0,0.38691330840293764,3.536909468664306
100.0,0.0,273.0,0.4426849364018869,3.7496459929478654
100.0,0.0,273.0,0.5064957670389989,3.9656357990861903
100.0,0.0,273.0,0.5795046113688597,4.18431559289246
100.0,0.0,273.0,0.6630373172929507,4.405135742145047
100.0,0.0,273.0,0.7586108470898982,4.627565283427567
100.0,0.0,273.0,0.8679608256018917,4.851095913339555
100.0,0.0,273.0,0.9930730593550847,5.075245030050398
100.0,0.0,273.0,1.1362195990043518,5.2995579146766145
100.0,0.0,273.0,1.3,5.523609155052923
100.0,0.0,298.0,0.001,0.008880251645204775
100.0,0.0,298.0,0.0013130324344878836,0.011643170199037975
100.0,0.0,298.0,0.0017240541740171785,0.015258967676562344
100.0,0.0,298.0,0.0022637390492987737,0.019986203775570265
100.0,0.0,298.0,0.002972362794946059,0.026158605416207133
100.0,0.0,298.0,0.003902808756829234,0.034204795336771496
100.0,0.0,298.0,0.00512451448332012,0.044671860095051995
100.0,0.0,298.0,0.0067286537276022365,0.05825269377960018
100.0,0.0,298.0,0.008834940584779547,0.0758165040988911
100.0,0.0,298.0,0.01160056354458889,0.09844104669514005
100.0,0.0,298.0,0.015231916192382951,0.1274440392139399
100.0,0.0,298.0,0.020000000000000004,0.1644098137010029
100.0,0.0,298.0,0.02288290047345013,0.18619195404966768
100.0,0.0,298.0,0.026181356703891212,0.21062450094655738
100.0,0.0,298.0,0.029955268985751946,0.23797549165738532
100.0,0.0,298.0,0.03427317194281946,0.26852845162337446
100.0,0.0,298.0,0.03921347912384905,0.3025808722437244
100.0,0.0,298.0,0.04486590700043761,0.3404420993606053
100.0,0.0,298.0,0.051333104227104166,0.38243057499867905
100.0,0.0,298.0,0.05873251575110334,0.42887039067916294
100.0,0.0,298.0,0.06719851562439198,0.48008713370949785
100.0,0.0,298.0,0.07688484724982726,0.5364030381975208
100.0,0.0,298.0,0.08796741537671066,0.5981314891730317
100.0,0.0,298.0,0.10064748054859585,0.6655709691933561
100.0,0.0,298.0,0.11515531401485132,1.0011335727210788
100.0,0.0,298.0,0.131754379479537,1.1078926847672252
100.0,0.0,298.0,0.15074611762857124,1.2231083017720839
100.0,0.0,298.0,0.1724754203226801,1.346975956162758
100.0,0.0,298.0,0.1973368938680183,1.4796252436005188
100.0,0.0,298.0,0.22578202510608278,1.6211134267751979
100.0,0.0,298.0,0.2583273804598255,1.7714206870305849
100.0,0.0,298.0,0.2955639868314636,1.9304473327628722
100.0,0.0,298.0,0.33816806471002536,2.098013172357023
100.0,0.0,298.0,0.38691330840293764,2.273859134141577
100.0,0.0,298.0,0.4426849364018869,2.457651078961878
100.0,0.0,298.0,0.5064957670389989,2.648985617494307
100.0,0.0,298.0,0.5795046113688597,2.8473976293291123
100.0,0.0,298.0,0.6630373172929507,3.052369096399259
100.0,0.0,298.0,0.7586108470898982,3.2633388168618165
100.0,0.0,298.0,0.8679608256018917,3.4797125583242443
100.0,0.0,298.0,0.9930730593550847,3.7008732368361206
100.0,0.0,298.0,1.1362195990043518,3.9261907615888583
100.0,0.0,298.0,1.3,4.155031254147484
100.0,0.0,323.0,0.001,0.004088457822275885
100.0,0.0,323.0,0.0013130324344878836,0.005364893274511664
100.0,0.0,323.0,0.0017240541740171785,0.007038463566567826
100.0,0.0,323.0,0.0022637390492987737,0.009231749172257976
100.0,0.0,323.0,0.002972362794946059,0.012104475699483787
100.0,0.0,323.0,0.003902808756829234,0.015864290092336118
100.0,0.0,323.0,0.00512451448332012,0.020780337246225716
100.0,0.0,323.0,0.0067286537276022365,0.0272001489967417
100.0,0.0,323.0,0.008834940584779547,0.03557030834800592
100.0,0.0,323.0,0.01160056354458889,0.04646119041738749
100.0,0.0,323.0,0.015231916192382951,0.06059574956024219
100.0,0.0,323.0,0.020000000000000004,0.0788817559609667
100.0,0.0,323.0,0.02288290047345013,0.08979377097912297
100.0,0.0,323.0,0.026181356703891212,0.10215062769998101
100.0,0.0,323.0,0.029955268985751946,0.1161267029078234
100.0,0.0,323.0,0.03427317194281946,0.13191326127044736
100.0,0.0,323.0,0.03921347912384905,0.14971913268740403
100.0,0.0,323.0,0.04486590700043761,0.16977119008104458
100.0,0.0,323.0,0.051333104227104166,0.19231456915426487
100.0,0.0,323.0,0.05873251575110334,0.21761256532771925
100.0,0.0,323.0,0.06719851562439198,0.24594613767350418
100.0,0.0,323.0,0.07688484724982726,0.2776129459595961
100.0,0.0,323.0,0.08796741537671066,0.31292584595771894
100.0,0.0,323.0,0.10064748054859585,0.35221077122504735
100.0,0.0,323.0,0.11515531401485132,0.39580393802554104
100.0,0.0,323.0,0.131754379479537,0.4440483251644436
100.0,0.0,323.0,0.15074611762857124,0.49728940311237446
100.0,0.0,323.0,0.1724754203226801,0.5558701170352123
100.0,0.0,323.0,0.1973368938680183,0.6201251654560845
100.0,0.0,323.0,0.22578202510608278,0.9352437679305999
100.0,0.0,323.0,0.2583273804598255,1.03793195980773
100.0,0.0,323.0,0.2955639868314636,1.1492592515199576
100.0,0.0,323.0,0.33816806471002536,1.2695066423439132
100.0,0.0,323.0,0.38691330840293764,1.3988947772138283
100.0,0.0,323.0,0.4426849364018869,1.5375754685899263
100.0,0.0,323.0,0.5064957670389989,1.6856244532448719
100.0,0.0,323.0,0.5795046113688597,1.8430357906510644
100.0,0.0,323.0,0.6630373172929507,2.009718245820169
100.0,0.0,323.0,0.7586108470898982,2.1854939022567006
100.0,0.0,323.0,0.8679608256018917,2.3700991279304784
100.0,0.0,323.0,0.9930730593550847,2.5631878807856343
100.0,0.0,323.0,1.1362195990043518,2.7643372046391814
100.0,0.0,323.0,1.3,2.973054645755428
100.0,100.0,273.0,0.001,0.025109527838145854
100.0,100.0,273.0,0.0013130324344878836,0.03280863125172258
100.0,100.0,273.0,0.0017240541740171785,0.04280935619274196
100.0,100.0,273.0,0.0022637390492987737,0.055762518990539967
100.0,100.0,273.0,0.002972362794946059,0.07248119385669093
100.0,100.0,273.0,0.003902808756829234,0.09396963105540891
100.0,100.0,273.0,0.00512451448332012,0.12145168303147362
100.0,100.0,273.0,0.0067286537276022365,0.15639547854990968
100.0,100.0,273.0,0.008834940584779547,0.20052944223586416
100.0,100.0,273.0,0.01160056354458889,0.25584274742334095
100.0,100.0,273.0,0.015231916192382951,0.32456136215743076
100.0,100.0,273.0,0.020000000000000004,0.409090038112331
100.0,100.0,273.0,0.02288290047345013,0.45748985251776086
100.0,100.0,273.0,0.026181356703891212,0.5106612403145264
100.0,100.0,273.0,0.029955268985751946,0.5688936081494502
100.0,100.0,273.0,0.03427317194281946,0.632461849656201
100.0,100.0,273.0,0.03921347912384905,0.7016203221920668
100.0,100.0,273.0,0.04486590700043761,0.776596666072619
100.0,100.0,273.0,0.051333104227104166,1.1565987586182795
100.0,100.0,273.0,0.05873251575110334,1.2726125330911398
100.0,100.0,273.0,0.06719851562439198,1.3967538090632978
100.0,100.0,273.0,0.07688484724982726,1.5290767222078423
100.0,100.0,273.0,0.08796741537671066,1.6695664841782516
100.0,100.0,273.0,0.10064748054859585,1.8181367698065567
100.0,100.0,273.0,0.11515531401485132,1.9746289752438149
100.0,100.0,273.0,0.131754379479537,2.138813452301189
100.0,100.0,273.0,0.15074611762857124,2.3103927132157183
100.0,100.0,273.0,0.1724754203226801,2.489006484893937
100.0,100.0,273.0,0.1973368938680183,2.674238383604333
100.0,100.0,273.0,0.22578202510608278,2.8656238909119756
100.0,100.0,273.0,0.2583273804598255,3.062659248197536
100.0,100.0,273.0,0.2955639868314636,3.264810855896092
100.0,100.0,273.0,0.33816806471002536,3.4715247660650936
100.0,100.0,273.0,0.38691330840293764,3.6822358903183314
100.0,100.0,273.0,0.4426849364018869,3.8963766032744394
100.0,100.0,273.0,0.5064957670389989,4.113384495847212
100.0,100.0,273.0,0.5795046113688597,4.332709113487653
100.0,100.0,273.0,0.6630373172929507,4.5538175930653875
100.0,100.0,273.0,0.7586108470898982,4.776199181500338
100.0,100.0,273.0,0.8679608256018917,4.999368675147435
100.0,100.0,273.0,0.9930730593550847,5.222868859645519
100.0,100.0,273.0,1.1362195990043518,5.446272056178141
100.0,100.0,273.0,1.3,5.669180894204859
100.0,100.0,298.0,0.001,0.009943960463716855
100.0,100.0,298.0,0.0013130324344878836,0.013032749248485053
100.0,100.0,298.0,0.0017240541740171785,0.01707152809701958
100.0,100.0,298.0,0.0022637390492987737,0.022346000353205966
100.0,100.0,298.0,0.002972362794946059,0.02922350269591747
100.0,100.0,298.0,0.003902808756829234,0.03817363083119045
100.0,100.0,298.0,0.00512451448332012,0.04979249374987048
100.0,100.0,298.0,0.0067286537276022365,0.06483036397727272
100.0,100.0,298.0,0.008834940584779547,0.08422194404840348
100.0,100.0,298.0,0.01160056354458889,0.10911768535211505
100.0,100.0,298.0,0.015231916192382951,0.14091351368306604
100.0,100.0,298.0,0.020000000000000004,0.18127485569854704
100.0,100.0,298.0,0.02288290047345013,0.20498337867305413
100.0,100.0,298.0,0.026181356703891212,0.23151851734865547
100.0,100.0,298.0,0.029955268985751946,0.26115683748562285
100.0,100.0,298.0,0.03427317194281946,0.29418941825732564
100.0,100.0,298.0,0.03921347912384905,0.3309199559489235
100.0,100.0,298.0,0.04486590700043761,0.37166221520595116
100.0,100.0,298.0,0.051333104227104166,0.41673677930886466
100.0,100.0,298.0,0.05873251575110334,0.46646707627886774
100.0,100.0,298.0,0.06719851562439198,0.5211746905113243
100.0,100.0,298.0,0.07688484724982726,0.5811740085528906
100.0,100.0,298.0,0.08796741537671066,0.6467662901339641
100.0,100.0,298.0,0.10064748054859585,0.7182332985518972
100.0,100.0,298.0,0.11515531401485132,1.0739948701895583
100.0,100.0,298.0,0.131754379479537,1.1859607530839573
100.0,100.0,298.0,0.15074611762857124,1.3064276170096731
100.0,100.0,298.0,0.1724754203226801,1.4355473074317944
100.0,100.0,298.0,0.1973368938680183,1.5734038452889931
100.0,100.0,298.0,0.22578202510608278,1.7200081147009434
100.0,100.0,298.0,0.2583273804598255,1.8752942417340033
100.0,100.0,298.0,0.2955639868314636,2.039117910101415
100.0,100.0,298.0,0.33816806471002536,2.211256762931999
100.0,100.0,298.0,0.38691330840293764,2.3914129263770816
100.0,100.0,298.0,0.4426849364018869,2.5792175710524634
100.0,100.0,298.0,0.5064957670389989,2.7742373125386646
100.0,100.0,298.0,0.5795046113688597,2.9759821534011346
100.0,100.0,298.0,0.6630373172929507,3.183914595478968
100.0,100.0,298.0,0.7586108470898982,3.3974595083149746
100.0,100.0,298.0,0.8679608256018917,3.6160143293937845
100.0,100.0,298.0,0.9930730593550847,3.838959192188187
100.0,100.0,298.0,1.1362195990043518,4.065666623486161
100.0,100.0,298.0,1.3,4.295510514624868
100.0,100.0,323.0,0.001,0.004524939076960347
100.0,100.0,323.0,0.0013130324344878836,0.0059367581348339265
100.0,100.0,323.0,0.0017240541740171785,0.007787205958857639
100.0,100.0,323.0,0.0022637390492987737,0.010211233968809125
100.0,100.0,323.0,0.002972362794946059,0.013384391605418083
100.0,100.0,323.0,0.003902808756829234,0.017534412087909467
100.0,100.0,323.0,0.00512451448332012,0.02295569185991573
100.0,100.0,323.0,0.0067286537276022365,0.030027126579690238
100.0,100.0,323.0,0.008834940584779547,0.03923367972324371
100.0,100.0,323.0,0.01160056354458889,0.051191857196446686
100.0,100.0,323.0,0.015231916192382951,0.06667889700052393
100.0,100.0,323.0,0.020000000000000004,0.08666491002740691
100.0,100.0,323.0,0.02288290047345013,0.09856703917665195
100.0,100.0,323.0,0.026181356703891212,0.11202490685550143
100.0,100.0,323.0,0.029955268985751946,0.12722217782898265
100.0,100.0,323.0,0.03427317194281946,0.1443596217162793
100.0,100.0,323.0,0.03921347912384905,0.16365569646110906
100.0,100.0,323.0,0.04486590700043761,0.18534691011914617
100.0,100.0,323.0,0.051333104227104166,0.20968789595597695
100.0,100.0,323.0,0.05873251575110334,0.23695112786708844
100.0,100.0,323.0,0.06719851562439198,0.26742619680977486
100.0,100.0,323.0,0.07688484724982726,0.30141856569312747
100.0,100.0,323.0,0.08796741537671066,0.33924772163622324
100.0,100.0,323.0,0.10064748054859585,0.38124465230534565
100.0,100.0,323.0,0.11515531401485132,0.42774858851621433
100.0,100.0,323.0,0.131754379479537,0.47910297916395544
100.0,100.0,323.0,0.15074611762857124,0.5356506966640295
100.0,100.0,323.0,0.1724754203226801,0.5977285102565636
100.0,100.0,323.0,0.1973368938680183,0.6656609085425107
100.0,100.0,323.0,0.22578202510608278,0.9987772440246887
100.0,100.0,323.0,0.2583273804598255,1.1063675022936426
100.0,100.0,323.0,0.2955639868314636,1.2226916945996222
100.0,100.0,323.0,0.33816806471002536,1.3479920160295817
100.0,100.0,323.0,0.38691330840293764,1.4824470908489407
100.0,100.0,323.0,0.4426849364018869,1.626164395972206
100.0,100.0,323.0,0.5064957670389989,1.7791740430168852
100.0,100.0,323.0,0.5795046113688597,1.9414242723793518
100.0,100.0,323.0,0.6630373172929507,2.112778943619891
100.0,100.0,323.0,0.7586108470898982,2.2930172112293845
100.0,100.0,323.0,0.8679608256018917,2.481835461027542
100.0,100.0,323.0,0.9930730593550847,2.6788514599773485
100.0,100.0,323.0,1.1362195990043518,2.8836105522481987
100.0,100.0,323.0,1.3,3.0955936277240554
100.0,200.0,273.0,0.001,0.03231853134871974
100.0,200.0,273.0,0.0013130324344878836,0.04207524989416095
100.0,200.0,273.0,0.0017240541740171785,0.054660572967826046
100.0,200.0,273.0,0.0022637390492987737,0.07083024287496244
100.0,200.0,273.0,0.002972362794946059,0.09151085842514202
100.0,200.0,273.0,0.003902808756829234,0.1178252452313196
100.0,200.0,273.0,0.00512451448332012,0.15111553205562572
100.0,200.0,273.0,0.0067286537276022365,0.19295958544809333
100.0,200.0,273.0,0.008834940584779547,0.24517433165500163
100.0,200.0,273.0,0.01160056354458889,0.30979784393707016
100.0,200.0,273.0,0.015231916192382951,0.38904199125430167
100.0,200.0,273.0,0.020000000000000004,0.48520977321112163
100.0,200.0,273.0,0.02288290047345013,0.5397163207356931
100.0,200.0,273.0,0.026181356703891212,0.5991819954497531
100.0,200.0,273.0,0.029955268985751946,0.6638540978199876
100.0,200.0,273.0,0.03427317194281946,0.7339593695899306
100.0,200.0,273.0,0.03921347912384905,0.8096988642452939
100.0,200.0,273.0,0.04486590700043761,1.193004692171413
100.0,200.0,273.0,0.051333104227104166,1.3085452531067094
100.0,200.0,273.0,0.05873251575110334,1.4318641019067553
100.0,200.0,273.0,0.06719851562439198,1.5630178974112008
100.0,200.0,273.0,0.07688484724982726,1.702003000370907
100.0,200.0,273.0,0.08796741537671066,1.8487523175841745
100.0,200.0,273.0,0.10064748054859585,2.003133568502212
100.0,200.0,273.0,0.11515531401485132,2.1649491737719146
100.0,200.0,273.0,0.131754379479537,2.33393789035443
100.0,200.0,273.0,0.15074611762857124,2.509778220325385
100.0,200.0,273.0,0.1724754203226801,2.692093508808705
100.0,200.0,273.0,0.1973368938680183,2.8804585331567263
100.0,200.0,273.0,0.22578202510608278,3.0744072846942516
100.0,200.0,273.0,0.2583273804598255,3.273441569322759
100.0,200.0,273.0,0.2955639868314636,3.4770400134840314
100.0,200.0,273.0,0.33816806471002536,3.6846670611217696
100.0,200.0,273.0,0.38691330840293764,3.89578158276673
100.0,200.0,273.0,0.4426849364018869,4.109844781788483
100.0,200.0,273.0,0.5064957670389989,4.3263271641088705
100.0,200.0,273.0,0.5795046113688597,4.544714424599013
100.0,200.0,273.0,0.6630373172929507,4.7645121860553745
100.0,200.0,273.0,0.7586108470898982,4.985249598264322
100.0,200.0,273.0,0.8679608256018917,5.206481861821181
100.0,200.0,273.0,0.9930730593550847,5.427791783459236
100.0,200.0,273.0,1.1362195990043518,5.648790497752128
100.0,200.0,273.0,1.3,5.869117505877051
100.0,200.0,298.0,0.001,0.012334340599388413
100.0,200.0,298.0,0.0013130324344878836,0.016145966871771247
100.0,200.0,298.0,0.0017240541740171785,0.021116850502087618
100.0,200.0,298.0,0.0022637390492987737,0.02758746377971735
100.0,200.0,298.0,0.002972362794946059,0.03599092648175229
100.0,200.0,298.0,0.003902808756829234,0.0468741862588251
100.0,200.0,298.0,0.00512451448332012,0.0609221188357235
100.0,200.0,298.0,0.0067286537276022365,0.07898412007177358
100.0,200.0,298.0,0.008834940584779547,0.10210226113536608
100.0,200.0,298.0,0.01160056354458889,0.13153923501830725
100.0,200.0,298.0,0.015231916192382951,0.1688029365028591
100.0,200.0,298.0,0.020000000000000004,0.21566250951182028
100.0,200.0,298.0,0.02288290047345013,0.24299153870630555
100.0,200.0,298.0,0.026181356703891212,0.27342707579663533
100.0,200.0,298.0,0.029955268985751946,0.3072498700172236
100.0,200.0,298.0,0.03427317194281946,0.34475157982502547
100.0,200.0,298.0,0.03921347912384905,0.3862321458061277
100.0,200.0,298.0,0.04486590700043761,0.43199653209055544
100.0,200.0,298.0,0.051333104227104166,0.4823508427222339
100.0,200.0,298.0,0.05873251575110334,0.537597849631288
100.0,200.0,298.0,0.06719851562439198,0.5980320009223984
100.0,200.0,298.0,0.07688484724982726,0.6639340102298725
100.0,200.0,298.0,0.08796741537671066,0.7355651578823201
100.0,200.0,298.0,0.10064748054859585,1.0907518897275124
100.0,200.0,298.0,0.11515531401485132,1.2017063638954908
100.0,200.0,298.0,0.131754379479537,1.3208489315476053
100.0,200.0,298.0,0.15074611762857124,1.4483284409975483
100.0,200.0,298.0,0.1724754203226801,1.5842339229789755
100.0,200.0,298.0,0.1973368938680183,1.7285893735336861
100.0,200.0,298.0,0.22578202510608278,1.881349767741487
100.0,200.0,298.0,0.2583273804598255,2.042398571696587
100.0,200.0,298.0,0.2955639868314636,2.2115469715692475
100.0,200.0,298.0,0.33816806471002536,2.3885349649533403
100.0,200.0,298.0,0.38691330840293764,2.5730343640967153
100.0,200.0,298.0,0.4426849364018869,2.7646536502775536
100.0,200.0,298.0,0.5064957670389989,2.9629445043974827
100.0,200.0,298.0,0.5795046113688597,3.1674097337754836
100.0,200.0,298.0,0.6630373172929507,3.3775122318711994
100.0,200.0,298.0,0.7586108470898982,3.592684556189115
100.0,200.0,298.0,0.8679608256018917,3.812338695055099
100.0,200.0,298.0,0.9930730593550847,4.035875615742041
100.0,200.0,298.0,1.1362195990043518,4.262694238753916
100.0,200.0,298.0,1.3,4.492199556611848
100.0,200.0,323.0,0.001,0.0054389748350848945
100.0,200.0,323.0,0.0013130324344878836,0.007132890495859849
100.0,200.0,323.0,0.0017240541740171785,0.009350919342832224
100.0,200.0,323.0,0.0022637390492987737,0.012252842866136465
100.0,200.0,323.0,0.002972362794946059,0.016045548464828988
100.0,200.0,323.0,0.003902808756829234,0.020995884362422924
100.0,200.0,323.0,0.00512451448332012,0.027446403118458494
100.0,200.0,323.0,0.0067286537276022365,0.03583430559929838
100.0,200.0,323.0,0.008834940584779547,0.04671375989360029
100.0,200.0,323.0,0.01160056354458889,0.06078154161108243
100.0,200.0,323.0,0.015231916192382951,0.07890559433829154
100.0,200.0,323.0,0.020000000000000004,0.10215557956640846
100.0,200.0,323.0,0.02288290047345013,0.11593553787618613
100.0,200.0,323.0,0.026181356703891212,0.13146338280529785
100.0,200.0,323.0,0.029955268985751946,0.14893581040428025
100.0,200.0,323.0,0.03427317194281946,0.16856637426554003
100.0,200.0,323.0,0.03921347912384905,0.19058580725072674
100.0,200.0,323.0,0.04486590700043761,0.21524205690506068
100.0,200.0,323.0,0.051333104227104166,0.24279995892039266
100.0,200.0,323.0,0.05873251575110334,0.27354046901219725
100.0,200.0,323.0,0.06719851562439198,0.30775937427965655
100.0,200.0,323.0,0.07688484724982726,0.34576541173640785
100.0,200.0,323.0,0.08796741537671066,0.3878777350279437
100.0,200.0,323.0,0.10064748054859585,0.43442269060757466
100.0,200.0,323.0,0.11515531401485132,0.4857298913803483
100.0,200.0,323.0,0.131754379479537,0.5421276079327934
100.0,200.0,323.0,0.15074611762857124,0.6039375332466291
100.0,200.0,323.0,0.1724754203226801,0.6714690140953566
100.0,200.0,323.0,0.1973368938680183,1.0008805436636279
100.0,200.0,323.0,0.22578202510608278,1.106898118574011
100.0,200.0,323.0,0.2583273804598255,1.22135844495672
100.0,200.0,323.0,0.2955639868314636,1.3444983152241734
100.0,200.0,323.0,0.33816806471002536,1.4764980594176382
100.0,200.0,323.0,0.38691330840293764,1.6174744831695593
100.0,200.0,323.0,0.4426849364018869,1.767474773185611
100.0,200.0,323.0,0.5064957670389989,1.9264716896648937
100.0,200.0,323.0,0.5795046113688597,2.094360338988793
100.0,200.0,323.0,0.6630373172929507,2.270956769439164
100.0,200.0,323.0,0.7586108470898982,2.455998557537134
100.0,200.0,323.0,0.8679608256018917,2.6491474558729466
100.0,200.0,323.0,0.9930730593550847,2.8499940616588457
100.0,200.0,323.0,1.1362195990043518,3.0580643485775627
100.0,200.0,323.0,1.3,3.2728277947773665
100.0,300.0,273.0,0.001,0.05359971635814383
100.0,300.0,273.0,0.0013130324344878836,0.06894938597158891
100.0,300.0,273.0,0.0017240541740171785,0.08834782846981615
100.0,300.0,273.0,0.0022637390492987737,0.11271826879501169
100.0,300.0,273.0,0.002972362794946059,0.14314261731407313
100.0,300.0,273.0,0.003902808756829234,0.18086901601048
100.0,300.0,273.0,0.00512451448332012,0.22730970379493023
100.0,300.0,273.0,0.0067286537276022365,0.28402584784644447
100.0,300.0,273.0,0.008834940584779547,0.3526977417902143
100.0,300.0,273.0,0.01160056354458889,0.4350809602002239
100.0,300.0,273.0,0.015231916192382951,0.5329505790838533
100.0,300.0,273.0,0.020000000000000004,0.6480357745224006
100.0,300.0,273.0,0.02288290047345013,0.7118012549057962
100.0,300.0,273.0,0.026181356703891212,0.7803506038727223
100.0,300.0,273.0,0.029955268985751946,0.8538477001667162
100.0,300.0,273.0,0.03427317194281946,1.2306329993370348
100.0,300.0,273.0,0.03921347912384905,1.3400205249600647
100.0,300.0,273.0,0.04486590700043761,1.4562881288401137
100.0,300.0,273.0,0.051333104227104166,1.5795421746058373
100.0,300.0,273.0,0.05873251575110334,1.7098484885923368
100.0,300.0,273.0,0.06719851562439198,1.847227509342969
100.0,300.0,273.0,0.07688484724982726,1.991650095344784
100.0,300.0,273.0,0.08796741537671066,2.14303429998489
100.0,300.0,273.0,0.10064748054859585,2.3012433930290657
100.0,300.0,273.0,0.11515531401485132,2.4660853490938224
100.0,300.0,273.0,0.131754379479537,2.6373139389574587
100.0,300.0,273.0,0.15074611762857124,2.81463145588692
100.0,300.0,273.0,0.1724754203226801,2.9976929962676904
100.0,300.0,273.0,0.1973368938680183,3.1861121036961886
100.0,300.0,273.0,0.22578202510608278,3.3794674909488034
100.0,300.0,273.0,0.2583273804598255,3.5773104861653104
100.0,300.0,273.0,0.2955639868314636,3.7791728161053375
100.0,300.0,273.0,0.33816806471002536,3.984574343463448
100.0,300.0,273.0,0.38691330840293764,4.193030414424455
100.0,300.0,273.0,0.4426849364018869,4.404058539362245
100.0,300.0,273.0,0.5064957670389989,4.617184212883581
100.0,300.0,273.0,0.5795046113688597,4.83194576717224
100.0,300.0,273.0,0.6630373172929507,5.047898233785682
100.0,300.0,273.0,0.7586108470898982,5.26461625555919
100.0,300.0,273.0,0.8679608256018917,5.481696137734201
100.0,300.0,273.0,0.9930730593550847,5.698757155280442
100.0,300.0,273.0,1.1362195990043518,5.915442244075986
100.0,300.0,273.0,1.3,6.131418201404704
100.0,300.0,298.0,0.001,0.018772463702954822
100.0,300.0,298.0,0.0013130324344878836,0.024471414528771978
100.0,300.0,298.0,0.0017240541740171785,0.03184074041233275
100.0,300.0,298.0,0.0022637390492987737,0.04133620175068989
100.0,300.0,298.0,0.002972362794946059,0.05352135541030443
100.0,300.0,298.0,0.003902808756829234,0.06908654304651941
100.0,300.0,298.0,0.00512451448332012,0.08886918002106432
100.0,300.0,298.0,0.0067286537276022365,0.11387441480316414
100.0,300.0,298.0,0.008834940584779547,0.1452941553352027
100.0,300.0,298.0,0.01160056354458889,0.18452096284696795
100.0,300.0,298.0,0.015231916192382951,0.23315191033167812
100.0,300.0,298.0,0.020000000000000004,0.2929769871182747
100.0,300.0,298.0,0.02288290047345013,0.32728771273234397
100.0,300.0,298.0,0.026181356703891212,0.3650577159647228
100.0,300.0,298.0,0.029955268985751946,0.4065386946794062
100.0,300.0,298.0,0.03427317194281946,0.4519844778305559
100.0,300.0,298.0,0.03921347912384905,0.5016483567443971
100.0,300.0,298.0,0.04486590700043761,0.5557801665626678
100.0,300.0,298.0,0.051333104227104166,0.6146231528096668
100.0,300.0,298.0,0.05873251575110334,0.6784106617340747
100.0,300.0,298.0,0.06719851562439198,0.747362696406395
100.0,300.0,298.0,0.07688484724982726,1.0899167410133492
100.0,300.0,298.0,0.08796741537671066,1.1945366631445578
100.0,300.0,298.0,0.10064748054859585,1.3064972465504103
100.0,300.0,298.0,0.11515531401485132,1.4259711929522747
100.0,300.0,298.0,0.131754379479537,1.5530914409254426
100.0,300.0,298.0,0.15074611762857124,1.687945628372906
100.0,300.0,298.0,0.1724754203226801,1.8305709045057426
100.0,300.0,298.0,0.1973368938680183,1.9809493964293547
100.0,300.0,298.0,0.22578202510608278,2.1390046458687118
100.0,300.0,298.0,0.2583273804598255,2.3045993108095573
100.0,300.0,298.0,0.2955639868314636,2.477534373537741
100.0,300.0,298.0,0.33816806471002536,2.65755001389316
100.0,300.0,298.0,0.38691330840293764,2.844328202031044
100.0,300.0,298.0,0.4426849364018869,3.037496949582654
100.0,300.0,298.0,0.5064957670389989,3.2366360447945914
100.0,300.0,298.0,0.5795046113688597,3.4412839990494364
100.0,300.0,298.0,0.6630373172929507,3.6509458602355642
100.0,300.0,298.0,0.7586108470898982,3.8651015101086474
100.0,300.0,298.0,0.8679608256018917,4.083214060524771
100.0,300.0,298.0,0.9930730593550847,4.304737994503725
100.0,300.0,298.0,1.1362195990043518,4.529126755370542
100.0,300.0,298.0,1.3,4.755839560812389
100.0,300.0,323.0,0.001,0.007672789824812928
100.0,300.0,323.0,0.0013130324344878836,0.010048336897703245
100.0,300.0,323.0,0.0017240541740171785,0.013149348089767273
100.0,300.0,323.0,0.0022637390492987737,0.017190781371784217
100.0,300.0,323.0,0.002972362794946059,0.022447218163769475
100.0,300.0,323.0,0.003902808756829234,0.02926713392996236
100.0,300.0,323.0,0.00512451448332012,0.03808951866183423
100.0,300.0,323.0,0.0067286537276022365,0.049462855692776635
100.0,300.0,323.0,0.008834940584779547,0.06406635795029832
100.0,300.0,323.0,0.01160056354458889,0.08273317651184114
100.0,300.0,323.0,0.015231916192382951,0.10647488867989563
100.0,300.0,323.0,0.020000000000000004,0.13650571946929976
100.0,300.0,323.0,0.02288290047345013,0.15411060092968684
100.0,300.0,323.0,0.026181356703891212,0.1737959526162654
100.0,300.0,323.0,0.029955268985751946,0.1957711876013934
100.0,300.0,323.0,0.03427317194281946,0.22025991681032817
100.0,300.0,323.0,0.03921347912384905,0.2474994764588831
100.0,300.0,323.0,0.04486590700043761,0.27774008973609265
100.0,300.0,323.0,0.051333104227104166,0.31124362317095605
100.0,300.0,323.0,0.05873251575110334,0.3482819094978201
100.0,300.0,323.0,0.06719851562439198,0.3891346224306117
100.0,300.0,323.0,0.07688484724982726,0.4340867036081491
100.0,300.0,323.0,0.08796741537671066,0.483425357193947
100.0,300.0,323.0,0.10064748054859585,0.5374366425254864
100.0,300.0,323.0,0.11515531401485132,0.5964017093676295
100.0,300.0,323.0,0.131754379479537,0.6605927334495745
100.0,300.0,323.0,0.15074611762857124,0.972462057860656
100.0,300.0,323.0,0.1724754203226801,1.071651924093945
100.0,300.0,323.0,0.1973368938680183,1.1784840457115038
100.0,300.0,323.0,0.22578202510608278,1.293202326665355
100.0,300.0,323.0,0.2583273804598255,1.4160126952793117
100.0,300.0,323.0,0.2955639868314636,1.5470768822850496
100.0,300.0,323.0,0.33816806471002536,1.6865063434088732
100.0,300.0,323.0,0.38691330840293764,1.83435658896707
100.0,300.0,323.0,0.4426849364018869,1.9906222208853779
100.0,300.0,323.0,0.5064957670389989,2.15523299251126
100.0,300.0,323.0,0.5795046113688597,2.328051191634089
100.0,300.0,323.0,0.6630373172929507,2.508870599263601
100.0,300.0,323.0,0.7586108470898982,2.6974171978646955
100.0,300.0,323.0,0.8679608256018917,2.8933516998519235
100.0,300.0,323.0,0.9930730593550847,3.096273851255459
100.0,300.0,323.0,1.1362195990043518,3.305728349956333
100.0,300.0,323.0,1.3,3.521212116194591
100.0,400.0,273.0,0.001,0.13110813562670354
100.0,400.0,273.0,0.0013130324344878836,0.1632038113850238
100.0,400.0,273.0,0.0017240541740171785,0.2017659294720079
100.0,400.0,273.0,0.0022637390492987737,0.24764420042862517
100.0,400.0,273.0,0.002972362794946059,0.30167615349190885
100.0,400.0,273.0,0.003902808756829234,0.3646688749095959
100.0,400.0,273.0,0.00512451448332012,0.43739586536038433
100.0,400.0,273.0,0.0067286537276022365,0.5206135977010593
100.0,400.0,273.0,0.008834940584779547,0.6150969011340324
100.0,400.0,273.0,0.01160056354458889,0.7216853962868146
100.0,400.0,273.0,0.015231916192382951,0.8413267323188246
100.0,400.0,273.0,0.020000000000000004,0.9750988508250544
100.0,400.0,273.0,0.02288290047345013,1.34892653707098
100.0,400.0,273.0,0.026181356703891212,1.4459393988113045
100.0,400.0,273.0,0.029955268985751946,1.5482079624026062
100.0,400.0,273.0,0.03427317194281946,1.6559264010501509
100.0,400.0,273.0,0.03921347912384905,1.7692772583544139
100.0,400.0,273.0,0.04486590700043761,1.888425533509051
100.0,400.0,273.0,0.051333104227104166,2.0135124160036786
100.0,400.0,273.0,0.05873251575110334,2.144648924721457
100.0,400.0,273.0,0.06719851562439198,2.2819097512712485
100.0,400.0,273.0,0.07688484724982726,2.4253276351741677
100.0,400.0,273.0,0.08796741537671066,2.57488860331019
100.0,400.0,273.0,0.10064748054859585,2.7305283837357996
100.0,400.0,273.0,0.11515531401485132,2.8921302530990816
100.0,400.0,273.0,0.131754379479537,3.0595244991743593
100.0,400.0,273.0,0.15074611762857124,3.2324895809316874
100.0,400.0,273.0,0.1724754203226801,3.4107549569232525
100.0,400.0,273.0,0.1973368938680183,3.5940054400556307
100.0,400.0,273.0,0.22578202510608278,3.7818868354864286
100.0,400.0,273.0,0.2583273804598255,3.9740125399354844
100.0,400.0,273.0,0.2955639868314636,4.169970733685436
100.0,400.0,273.0,0.33816806471002536,4.36933178505066
100.0,400.0,273.0,0.38691330840293764,4.571655510084924
100.0,400.0,273.0,0.4426849364018869,4.776497982004248
100.0,400.0,273.0,0.5064957670389989,4.983417656023705
100.0,400.0,273.0,0.5795046113688597,5.191980655315805
100.0,400.0,273.0,0.6630373172929507,5.401765142333199
100.0,400.0,273.0,0.7586108470898982,5.6123647686470335
100.0,400.0,273.0,0.8679608256018917,5.823391250654972
100.0,400.0,273.0,0.9930730593550847,6.034476156190569
100.0,400.0,273.0,1.1362195990043518,6.245272009167727
100.0,400.0,273.0,1.3,6.45545282869613
100.0,400.0,298.0,0.001,0.04052715777174814
100.0,400.0,298.0,0.0013130324344878836,0.0520992571225668
100.0,400.0,298.0,0.0017240541740171785,0.06669203381018927
100.0,400.0,298.0,0.0022637390492987737,0.0849728147824886
100.0,400.0,298.0,0.002972362794946059,0.10771399077539559
100.0,400.0,298.0,0.003902808756829234,0.13579560209891556
100.0,400.0,298.0,0.00512451448332012,0.17020148533721022
100.0,400.0,298.0,0.0067286537276022365,0.21200714474380555
100.0,400.0,298.0,0.008834940584779547,0.26235954902779374
100.0,400.0,298.0,0.01160056354458889,0.3224520213833565
100.0,400.0,298.0,0.015231916192382951,0.39349995916590075
100.0,400.0,298.0,0.020000000000000004,0.4767238000706335
100.0,400.0,298.0,0.02288290047345013,0.5227469339581782
100.0,400.0,298.0,0.026181356703891212,0.5721927223529664
100.0,400.0,298.0,0.029955268985751946,0.6252094890196247
100.0,400.0,298.0,0.03427317194281946,0.6819465157850819
100.0,400.0,298.0,0.03921347912384905,0.74255426720538
100.0,400.0,298.0,0.04486590700043761,0.807184381664229
100.0,400.0,298.0,0.051333104227104166,1.1389241551042655
100.0,400.0,298.0,0.05873251575110334,1.233010900278177
100.0,400.0,298.0,0.06719851562439198,1.3328511359966846
100.0,400.0,298.0,0.07688484724982726,1.4386466495515566
100.0,400.0,298.0,0.08796741537671066,1.5505896567549484
100.0,400.0,298.0,0.10064748054859585,1.6688578959886833
100.0,400.0,298.0,0.11515531401485132,1.7936091314299647
100.0,400.0,298.0,0.131754379479537,1.9249752403741573
100.0,400.0,298.0,0.15074611762857124,2.063056116181851
100.0,400.0,298.0,0.1724754203226801,2.2079136681279787
100.0,400.0,298.0,0.1973368938680183,2.359566235284556
100.0,400.0,298.0,0.22578202510608278,2.517983746475942
100.0,400.0,298.0,0.2583273804598255,2.6830839466303824
100.0,400.0,298.0,0.2955639868314636,2.8547299685770287
100.0,400.0,298.0,0.33816806471002536,3.032729459335732
100.0,400.0,298.0,0.38691330840293764,3.2168353762402706
100.0,400.0,298.0,0.4426849364018869,3.4067484596808177
100.0,400.0,298.0,0.5064957670389989,3.602121277395163
100.0,400.0,298.0,0.5795046113688597,3.802563632553828
100.0,400.0,298.0,0.6630373172929507,4.007649045725017
100.0,400.0,298.0,0.7586108470898982,4.21692196750985
100.0,400.0,298.0,0.8679608256018917,4.429905358221468
100.0,400.0,298.0,0.9930730593550847,4.646108282715285
100.0,400.0,298.0,1.1362195990043518,4.865033207437922
100.0,400.0,298.0,1.3,5.086182745153743
100.0,400.0,323.0,0.001,0.014363758914722621
100.0,400.0,323.0,0.0013130324344878836,0.018720221969074236
100.0,400.0,323.0,0.0017240541740171785,0.02435010006598081
100.0,400.0,323.0,0.0022637390492987737,0.03159800789941455
100.0,400.0,323.0,0.002972362794946059,0.040887992650387915
100.0,400.0,323.0,0.003902808756829234,0.05273633153117328
100.0,400.0,323.0,0.00512451448332012,0.06776484276569306
100.0,400.0,323.0,0.0067286537276022365,0.08671426157857652
100.0,400.0,323.0,0.008834940584779547,0.11045669898979182
100.0,400.0,323.0,0.01160056354458889,0.14000531268823094
100.0,400.0,323.0,0.015231916192382951,0.17651841072518923
100.0,400.0,323.0,0.020000000000000004,0.22129497058446349
100.0,400.0,323.0,0.02288290047345013,0.24692110028146505
100.0,400.0,323.0,0.026181356703891212,0.2750961991551665
100.0,400.0,323.0,0.029955268985751946,0.3060073934205855
100.0,400.0,323.0,0.03427317194281946,0.3398459371430561
100.0,400.0,323.0,0.03921347912384905,0.37680617618989476
100.0,400.0,323.0,0.04486590700043761,0.4170845161761711
100.0,400.0,323.0,0.051333104227104166,0.46087842377238775
100.0,400.0,323.0,0.05873251575110334,0.508385478662191
100.0,400.0,323.0,0.06719851562439198,0.5598024772704248
100.0,400.0,323.0,0.07688484724982726,0.6153245703509408
100.0,400.0,323.0,0.08796741537671066,0.6751443963331886
100.0,400.0,323.0,0.10064748054859585,0.7394511531624205
100.0,400.0,323.0,0.11515531401485132,1.05836039709927
100.0,400.0,323.0,0.131754379479537,1.1537830438674188
100.0,400.0,323.0,0.15074611762857124,1.2556161798754792
100.0,400.0,323.0,0.1724754203226801,1.36407968120812
100.0,400.0,323.0,0.1973368938680183,1.4793788709247977
100.0,400.0,323.0,0.22578202510608278,1.6016997624654004
100.0,400.0,323.0,0.2583273804598255,1.7312037392349666
100.0,400.0,323.0,0.2955639868314636,1.8680218317924298
100.0,400.0,323.0,0.33816806471002536,2.012248811019087
100.0,400.0,323.0,0.38691330840293764,2.1639373647678575
100.0,400.0,323.0,0.4426849364018869,2.323092661324051
100.0,400.0,323.0,0.5064957670389989,2.4896676198794374
100.0,400.0,323.0,0.5795046113688597,2.663559201136717
100.0,400.0,323.0,0.6630373172929507,2.8446059969553836
100.0,400.0,323.0,0.7586108470898982,3.0325873364506304
100.0,400.0,323.0,0.8679608256018917,3.2272240407562003
100.0,400.0,323.0,0.9930730593550847,3.4281808571555183
100.0,400.0,323.0,1.1362195990043518,3.6350704958360662
100.0,400.0,323.0,1.3,3.847459090857531
100.0,500.0,273.0,0.001,0.4293136705794122
100.0,500.0,273.0,0.0013130324344878836,0.49751819491781557
100.0,500.0,273.0,0.0017240541740171785,0.5712223899983957
100.0,500.0,273.0,0.0022637390492987737,0.6501465628615732
100.0,500.0,273.0,0.002972362794946059,0.7341009555854878
100.0,500.0,273.0,0.003902808756829234,0.8230616047635391
100.0,500.0,273.0,0.00512451448332012,0.9172348591667423
100.0,500.0,273.0,0.0067286537276022365,1.0171062441560825
100.0,500.0,273.0,0.008834940584779547,1.123471447365787
100.0,500.0,273.0,0.01160056354458889,1.5435239729669858
100.0,500.0,273.0,0.015231916192382951,1.6960415739698615
100.0,500.0,273.0,0.020000000000000004,1.8621655739554621
100.0,500.0,273.0,0.02288290047345013,1.950058427357781
100.0,500.0,273.0,0.026181356703891212,2.042157212600661
100.0,500.0,273.0,0.029955268985751946,2.1387598712578986
100.0,500.0,273.0,0.03427317194281946,2.2401570547600973
100.0,500.0,273.0,0.03921347912384905,2.346625189354766
100.0,500.0,273.0,0.04486590700043761,2.4584191936463395
100.0,500.0,273.0,0.051333104227104166,2.575765075943693
100.0,500.0,273.0,0.05873251575110334,2.698852681060351
100.0,500.0,273.0,0.06719851562439198,2.8278288889609353
100.0,500.0,273.0,0.07688484724982726,2.9627915852888007
100.0,500.0,273.0,0.08796741537671066,3.103784720856868
100.0,500.0,273.0,0.10064748054859585,3.250794749081427
100.0,500.0,273.0,0.11515531401485132,3.403748674724245
100.0,500.0,273.0,0.131754379479537,3.562513865248813
100.0,500.0,273.0,0.15074611762857124,3.7268996728865016
100.0,500.0,273.0,0.1724754203226801,3.8966608006322856
100.0,500.0,273.0,0.1973368938680183,4.071502231439822
100.0,500.0,273.0,0.22578202510608278,4.2510854405334815
100.0,500.0,273.0,0.2583273804598255,4.435035538200788
100.0,500.0,273.0,0.2955639868314636,4.622948952974424
100.0,500.0,273.0,0.33816806471002536,4.814401265525671
100.0,500.0,273.0,0.38691330840293764,5.008954838721032
100.0,500.0,273.0,0.4426849364018869,5.206165951040953
100.0,500.0,273.0,0.5064957670389989,5.405591217882028
100.0,500.0,273.0,0.5795046113688597,5.606793166618977
100.0,500.0,273.0,0.6630373172929507,5.809344906841871
100.0,500.0,273.0,0.7586108470898982,6.012833900170673
100.0,500.0,273.0,0.8679608256018917,6.216864881281232
100.0,500.0,273.0,0.9930730593550847,6.421062013128083
100.0,500.0,273.0,1.1362195990043518,6.625070376768611
100.0,500.0,273.0,1.3,6.828556902571581
100.0,500.0,298.0,0.001,0.13175665259194
100.0,500.0,298.0,0.0013130324344878836,0.16313726341044585
100.0,500.0,298.0,0.0017240541740171785,0.20042982920694186
100.0,500.0,298.0,0.0022637390492987737,0.24422905036121256
100.0,500.0,298.0,0.002972362794946059,0.29503930392718564
100.0,500.0,298.0,0.003902808756829234,0.3532471619809518
100.0,500.0,298.0,0.00512451448332012,0.4191137183460216
100.0,500.0,298.0,0.0067286537276022365,0.49279376334758634
100.0,500.0,298.0,0.008834940584779547,0.574383840444711
100.0,500.0,298.0,0.01160056354458889,0.6639948002678076
100.0,500.0,298.0,0.015231916192382951,0.7618383291276135
100.0,500.0,298.0,0.020000000000000004,0.8683130201956625
100.0,500.0,298.0,0.02288290047345013,0.9243383099434435
100.0,500.0,298.0,0.026181356703891212,1.2417584827080954
100.0,500.0,298.0,0.029955268985751946,1.3178404994355557
100.0,500.0,298.0,0.03427317194281946,1.397280945968494
100.0,500.0,298.0,0.03921347912384905,1.4802901387665588
100.0,500.0,298.0,0.04486590700043761,1.5670983948101878
100.0,500.0,298.0,0.051333104227104166,1.6579536146630178
100.0,500.0,298.0,0.05873251575110334,1.753117909803104
100.0,500.0,298.0,0.06719851562439198,1.8528632476444646
100.0,500.0,298.0,0.07688484724982726,1.9574661278203573
100.0,500.0,298.0,0.08796741537671066,2.06720135270038
100.0,500.0,298.0,0.10064748054859585,2.182335012209837
100.0,500.0,298.0,0.11515531401485132,2.303116864757305
100.0,500.0,298.0,0.131754379479537,2.4297723578597137
100.0,500.0,298.0,0.15074611762857124,2.562494587994259
100.0,500.0,298.0,0.1724754203226801,2.7014365426555753
100.0,500.0,298.0,0.1973368938680183,2.84670399192944
100.0,500.0,298.0,0.22578202510608278,2.998349396446537
100.0,500.0,298.0,0.2583273804598255,3.156367169629501
100.0,500.0,298.0,0.2955639868314636,3.320690573792873
100.0,500.0,298.0,0.33816806471002536,3.4911904444315938
100.0,500.0,298.0,0.38691330840293764,3.6676758310862727
100.0,500.0,298.0,0.4426849364018869,3.849896525881464
100.0,500.0,298.0,0.5064957670389989,4.037547333807818
100.0,500.0,298.0,0.5795046113688597,4.23027383435532
100.0,500.0,298.0,0.6630373172929507,4.42767930330419
100.0,500.0,298.0,0.7586108470898982,4.629332414397979
100.0,500.0,298.0,0.8679608256018917,4.8347753268743325
100.0,500.0,298.0,0.9930730593550847,5.043531785026132
100.0,500.0,298.0,1.1362195990043518,5.255114904189598
100.0,500.0,298.0,1.3,5.4690343847561165
100.0,500.0,323.0,0.001,0.03993008196132016
100.0,500.0,323.0,0.0013130324344878836,0.051205566815340255
100.0,500.0,323.0,0.0017240541740171785,0.06535389432077338
100.0,500.0,323.0,0.0022637390492987737,0.08297356666571563
100.0,500.0,323.0,0.002972362794946059,0.1047399824197835
100.0,500.0,323.0,0.003902808756829234,0.13139858158614312
100.0,500.0,323.0,0.00512451448332012,0.16374965992735185
100.0,500.0,323.0,0.0067286537276022365,0.20262365362207693
100.0,500.0,323.0,0.008834940584779547,0.24884848906383242
100.0,500.0,323.0,0.01160056354458889,0.3032143876710801
100.0,500.0,323.0,0.015231916192382951,0.3664448585741578
100.0,500.0,323.0,0.020000000000000004,0.4391839100314218
100.0,500.0,323.0,0.02288290047345013,0.4788414258258258
100.0,500.0,323.0,0.026181356703891212,0.5210307309930965
100.0,500.0,323.0,0.029955268985751946,0.5658174953974249
100.0,500.0,323.0,0.03427317194281946,0.6132693301657833
100.0,500.0,323.0,0.03921347912384905,0.6634580408564937
100.0,500.0,323.0,0.04486590700043761,0.716461948148796
100.0,500.0,323.0,0.051333104227104166,0.7723681337584486
100.0,500.0,323.0,0.05873251575110334,0.8312744618998364
100.0,500.0,323.0,0.06719851562439198,1.1407213409476207
100.0,500.0,323.0,0.07688484724982726,1.2228937260498753
100.0,500.0,323.0,0.08796741537671066,1.309334117131863
100.0,500.0,323.0,0.10064748054859585,1.4002474329478762
100.0,500.0,323.0,0.11515531401485132,1.4958539934730253
100.0,500.0,323.0,0.131754379479537,1.5963872396109957
100.0,500.0,323.0,0.15074611762857124,1.7020904112691522
100.0,500.0,323.0,0.1724754203226801,1.8132121489276212
100.0,500.0,323.0,0.1973368938680183,1.9300010369604388
100.0,500.0,323.0,0.22578202510608278,2.052699171269432
100.0,500.0,323.0,0.2583273804598255,2.181534905482735
100.0,500.0,323.0,0.2955639868314636,2.3167150036770936
100.0,500.0,323.0,0.33816806471002536,2.4584164966556328
100.0,500.0,323.0,0.38691330840293764,2.6067785958157956
100.0,500.0,323.0,0.4426849364018869,2.7618950560726163
100.0,500.0,323.0,0.5064957670389989,2.9238073905340722
100.0,500.0,323.0,0.5795046113688597,3.092499320004641
100.0,500.0,323.0,0.6630373172929507,3.2678927883094104
100.0,500.0,323.0,0.7586108470898982,3.4498457920995294
100.0,500.0,323.0,0.8679608256018917,3.6381521674911816
100.0,500.0,323.0,0.9930730593550847,3.8325433554233226
100.0,500.0,323.0,1.1362195990043518,4.032692045106743
100.0,500.0,323.0,1.3,4.238217482983174
200.0,0.0,273.0,0.001,0.022131310835488274
200.0,0.0,273.0,0.0013130324344878836,0.028949372234534893
200.0,0.0,273.0,0.0017240541740171785,0.03782591856536259
200.0,0.0,273.0,0.0022637390492987737,0.04935468389092359
200.0,0.0,273.0,0.002972362794946059,0.06428324279873578
200.0,0.0,273.0,0.003902808756829234,0.08354272314760323
200.0,0.0,273.0,0.00512451448332012,0.10827778623038033
200.0,0.0,273.0,0.0067286537276022365,0.13987372775547133
200.0,0.0,273.0,0.008834940584779547,0.1799761264963608
200.0,0.0,273.0,0.01160056354458889,0.23049689215275743
200.0,0.0,273.0,0.015231916192382951,0.293599036823163
200.0,0.0,273.0,0.020000000000000004,0.3716514941650781
200.0,0.0,273.0,0.02288290047345013,0.41653175194612924
200.0,0.0,273.0,0.026181356703891212,0.4659805123174714
200.0,0.0,273.0,0.029955268985751946,0.5202975044819111
200.0,0.0,273.0,0.03427317194281946,0.5797725178811468
200.0,0.0,273.0,0.03921347912384905,0.6446796211081207
200.0,0.0,273.0,0.04486590700043761,0.7152710392317974
200.0,0.0,273.0,0.051333104227104166,0.7917708659132715
200.0,0.0,273.0,0.05873251575110334,0.8743688185353836
200.0,0.0,273.0,0.06719851562439198,0.9632142682454662
200.0,0.0,273.0,0.07688484724982726,1.0584107904466555
200.0,0.0,273.0,0.08796741537671066,1.160011483467393
200.0,0.0,273.0,0.10064748054859585,1.268015292692403
200.0,0.0,273.0,0.11515531401485132,1.3823645531267053
200.0,0.0,273.0,0.131754379479537,1.5029439239817663
200.0,0.0,273.0,0.15074611762857124,1.6295808337000945
200.0,0.0,273.0,0.1724754203226801,2.3603480702116935
200.0,0.0,273.0,0.1973368938680183,2.541852652739086
200.0,0.0,273.0,0.22578202510608278,2.7298733311089167
200.0,0.0,273.0,0.2583273804598255,2.92392325981179
200.0,0.0,273.0,0.2955639868314636,3.1234804115295605
200.0,0.0,273.0,0.33816806471002536,3.3279971298932516
200.0,0.0,273.0,0.38691330840293764,3.536909468664306
200.0,0.0,273.0,0.4426849364018869,3.7496459929478654
200.0,0.0,273.0,0.5064957670389989,3.9656357990861903
200.0,0.0,273.0,0.5795046113688597,4.18431559289246
200.0,0.0,273.0,0.6630373172929507,4.405135742145047
200.0,0.0,273.0,0.7586108470898982,4.627565283427567
200.0,0.0,273.0,0.8679608256018917,4.851095913339555
200.0,0.0,273.0,0.9930730593550847,5.075245030050398
200.0,0.0,273.0,1.1362195990043518,5.2995579146766145
200.0,0.0,273.0,1.3,5.523609155052923
200.0,0.0,298.0,0.001,0.008880251645204775
200.0,0.0,298.0,0.0013130324344878836,0.011643170199037975
200.0,0.0,298.0,0.0017240541740171785,0.015258967676562344
200.0,0.0,298.0,0.0022637390492987737,0.019986203775570265
200.0,0.0,298.0,0.002972362794946059,0.026158605416207133
200.0,0.0,298.0,0.003902808756829234,0.034204795336771496
200.0,0.0,298.0,0.00512451448332012,0.044671860095051995
200.0,0.0,298.0,0.0067286537276022365,0.05825269377960018
200.0,0.0,298.0,0.008834940584779547,0.0758165040988911
200.0,0.0,298.0,0.01160056354458889,0.09844104669514005
200.0,0.0,298.0,0.015231916192382951,0.1274440392139399
200.0,0.0,298.0,0.020000000000000004,0.1644098137010029
200.0,0.0,298.0,0.02288290047345013,0.18619195404966768
200.0,0.0,298.0,0.026181356703891212,0.21062450094655738
200.0,0.0,298.0,0.029955268985751946,0.23797549165738532
200.0,0.0,298.0,0.03427317194281946,0.26852845162337446
200.0,0.0,298.0,0.03921347912384905,0.3025808722437244
200.0,0.0,298.0,0.04486590700043761,0.3404420993606053
200.0,0.0,298.0,0.051333104227104166,0.38243057499867905
200.0,0.0,298.0,0.05873251575110334,0.42887039067916294
200.0,0.0,298.0,0.06719851562439198,0.48008713370949785
200.0,0.0,298.0,0.07688484724982726,0.5364030381975208
200.0,0.0,298.0,0.08796741537671066,0.5981314891730317
200.0,0.0,298.0,0.10064748054859585,0.6655709691933561
200.0,0.0,298.0,0.11515531401485132,0.7389985794804307
200.0,0.0,298.0,0.131754379479537,0.8186633088988983
200.0,0.0,298.0,0.15074611762857124,0.9047792608593099
200.0,0.0,298.0,0.1724754203226801,0.9975190777803871
200.0,0.0,298.0,0.1973368938680183,1.0970078228100886
200.0,0.0,298.0,0.22578202510608278,1.2033175872115283
200.0,0.0,298.0,0.2583273804598255,1.3164630874325831
200.0,0.0,298.0,0.2955639868314636,1.43639849660912
200.0,0.0,298.0,0.33816806471002536,2.098013172357023
200.0,0.0,298.0,0.38691330840293764,2.273859134141577
200.0,0.0,298.0,0.4426849364018869,2.457651078961878
200.0,0.0,298.0,0.5064957670389989,2.648985617494307
200.0,0.0,298.0,0.5795046113688597,2.8473976293291123
200.0,0.0,298.0,0.6630373172929507,3.052369096399259
200.0,0.0,298.0,0.7586108470898982,3.2633388168618165
200.0,0.0,298.0,0.8679608256018917,3.4797125583242443
200.0,0.0,298.0,0.9930730593550847,3.7008732368361206
200.0,0.0,298.0,1.1362195990043518,3.9261907615888583
200.0,0.0,298.0,1.3,4.155031254147484
200.0,0.0,323.0,0.001,0.004088457822275885
200.0,0.0,323.0,0.0013130324344878836,0.005364893274511664
200.0,0.0,323.0,0.0017240541740171785,0.007038463566567826
200.0,0.0,323.0,0.0022637390492987737,0.009231749172257976
200.0,0.0,323.0,0.002972362794946059,0.012104475699483787
200.0,0.0,323.0,0.003902808756829234,0.015864290092336118
200.0,0.0,323.0,0.00512451448332012,0.020780337246225716
200.0,0.0,323.0,0.0067286537276022365,0.0272001489967417
200.0,0.0,323.0,0.008834940584779547,0.03557030834800592
200.0,0.0,323.0,0.01160056354458889,0.04646119041738749
200.0,0.0,323.0,0.015231916192382951,0.06059574956024219
200.0,0.0,323.0,0.020000000000000004,0.0788817559609667
200.0,0.0,323.0,0.02288290047345013,0.08979377097912297
200.0,0.0,323.0,0.026181356703891212,0.10215062769998101
200.0,0.0,323.0,0.029955268985751946,0.1161267029078234
200.0,0.0,323.0,0.03427317194281946,0.13191326127044736
200.0,0.0,323.0,0.03921347912384905,0.14971913268740403
200.0,0.0,323.0,0.04486590700043761,0.16977119008104458
200.0,0.0,323.0,0.051333104227104166,0.19231456915426487
200.0,0.0,323.0,0.05873251575110334,0.21761256532771925
200.0,0.0,323.0,0.06719851562439198,0.24594613767350418
200.0,0.0,323.0,0.07688484724982726,0.2776129459595961
200.0,0.0,323.0,0.08796741537671066,0.31292584595771894
200.0,0.0,323.0,0.10064748054859585,0.35221077122504735
200.0,0.0,323.0,0.11515531401485132,0.39580393802554104
200.0,0.0,323.0,0.131754379479537,0.4440483251644436
200.0,0.0,323.0,0.15074611762857124,0.49728940311237446
200.0,0.0,323.0,0.1724754203226801,0.5558701170352123
200.0,0.0,323.0,0.1973368938680183,0.6201251654560845
200.0,0.0,323.0,0.22578202510608278,0.6903746585328682
200.0,0.0,323.0,0.2583273804598255,0.7669172848032613
200.0,0.0,323.0,0.2955639868314636,0.8500231596929515
200.0,0.0,323.0,0.33816806471002536,0.9399265699438665
200.0,0.0,323.0,0.38691330840293764,1.036818862443991
200.0,0.0,323.0,0.4426849364018869,1.1408417511214655
200.0,0.0,323.0,0.5064957670389989,1.2520813292823334
200.0,0.0,323.0,0.5795046113688597,1.3705630747944073
200.0,0.0,323.0,0.6630373172929507,2.009718245820169
200.0,0.0,323.0,0.7586108470898982,2.1854939022567006
200.0,0.0,323.0,0.8679608256018917,2.3700991279304784
200.0,0.0,323.0,0.9930730593550847,2.5631878807856343
200.0,0.0,323.0,1.1362195990043518,2.7643372046391814
200.0,0.0,323.0,1.3,2.973054645755428
200.0,100.0,273.0,0.001,0.025109527838145854
200.0,100.0,273.0,0.0013130324344878836,0.03280863125172258
200.0,100.0,273.0,0.0017240541740171785,0.04280935619274196
200.0,100.0,273.0,0.0022637390492987737,0.055762518990539967
200.0,100.0,273.0,0.002972362794946059,0.07248119385669093
200.0,100.0,273.0,0.003902808756829234,0.09396963105540891
200.0,100.0,273.0,0.00512451448332012,0.12145168303147362
200.0,100.0,273.0,0.0067286537276022365,0.15639547854990968
200.0,100.0,273.0,0.008834940584779547,0.20052944223586416
200.0,100.0,273.0,0.01160056354458889,0.25584274742334095
200.0,100.0,273.0,0.015231916192382951,0.32456136215743076
200.0,100.0,273.0,0.020000000000000004,0.409090038112331
200.0,100.0,273.0,0.02288290047345013,0.45748985251776086
200.0,100.0,273.0,0.026181356703891212,0.5106612403145264
200.0,100.0,273.0,0.029955268985751946,0.5688936081494502
200.0,100.0,273.0,0.03427317194281946,0.632461849656201
200.0,100.0,273.0,0.03921347912384905,0.7016203221920668
200.0,100.0,273.0,0.04486590700043761,0.776596666072619
200.0,100.0,273.0,0.051333104227104166,0.8575856730347641
200.0,100.0,273.0,0.05873251575110334,0.9447434294167936
200.0,100.0,273.0,0.06719851562439198,1.0381819679746314
200.0,100.0,273.0,0.07688484724982726,1.1379646597447006
200.0,100.0,273.0,0.08796741537671066,1.2441025636093772
200.0,100.0,273.0,0.10064748054859585,1.3565519259227907
200.0,100.0,273.0,0.11515531401485132,1.4752129853292077
200.0,100.0,273.0,0.131754379479537,1.599930188526684
200.0,100.0,273.0,0.15074611762857124,2.3103927132157183
200.0,100.0,273.0,0.1724754203226801,2.489006484893937
200.0,100.0,273.0,0.1973368938680183,2.674238383604333
200.0,100.0,273.0,0.22578202510608278,2.8656238909119756
200.0,100.0,273.0,0.2583273804598255,3.062659248197536
200.0,100.0,273.0,0.2955639868314636,3.264810855896092
200.0,100.0,273.0,0.33816806471002536,3.4715247660650936
200.0,100.0,273.0,0.38691330840293764,3.6822358903183314
200.0,100.0,273.0,0.4426849364018869,3.8963766032744394
200.0,100.0,273.0,0.5064957670389989,4.113384495847212
200.0,100.0,273.0,0.5795046113688597,4.332709113487653
200.0,100.0,273.0,0.6630373172929507,4.5538175930653875
200.0,100.0,273.0,0.7586108470898982,4.776199181500338
200.0,100.0,273.0,0.8679608256018917,4.999368675147435
200.0,100.0,273.0,0.9930730593550847,5.222868859645519
200.0,100.0,273.0,1.1362195990043518,5.446272056178141
200.0,100.0,273.0,1.3,5.669180894204859
200.0,100.0,298.0,0.001,0.009943960463716855
200.0,100.0,298.0,0.0013130324344878836,0.013032749248485053
200.0,100.0,298.0,0.0017240541740171785,0.01707152809701958
200.0,100.0,298.0,0.0022637390492987737,0.022346000353205966
200.0,100.0,298.0,0.002972362794946059,0.02922350269591747
200.0,100.0,298.0,0.003902808756829234,0.03817363083119045
200.0,100.0,298.0,0.00512451448332012,0.04979249374987048
200.0,100.0,298.0,0.0067286537276022365,0.06483036397727272
200.0,100.0,298.0,0.008834940584779547,0.08422194404840348
200.0,100.0,298.0,0.01160056354458889,0.10911768535211505
200.0,100.0,298.0,0.015231916192382951,0.14091351368306604
200.0,100.0,298.0,0.020000000000000004,0.18127485569854704
200.0,100.0,298.0,0.02288290047345013,0.20498337867305413
200.0,100.0,298.0,0.026181356703891212,0.23151851734865547
200.0,100.0,298.0,0.029955268985751946,0.26115683748562285
200.0,100.0,298.0,0.03427317194281946,0.29418941825732564
200.0,100.0,298.0,0.03921347912384905,0.3309199559489235
200.0,100.0,298.0,0.04486590700043761,0.37166221520595116
200.0,100.0,298.0,0.051333104227104166,0.41673677930886466
200.0,100.0,298.0,0.05873251575110334,0.46646707627886774
200.0,100.0,298.0,0.06719851562439198,0.5211746905113243
200.0,100.0,298.0,0.07688484724982726,0.5811740085528906
200.0,100.0,298.0,0.08796741537671066,0.6467662901339641
200.0,100.0,298.0,0.10064748054859585,0.7182332985518972
200.0,100.0,298.0,0.11515531401485132,0.7958306646717294
200.0,100.0,298.0,0.131754379479537,0.879781193105267
200.0,100.0,298.0,0.15074611762857124,0.970268345069352
200.0,100.0,298.0,0.1724754203226801,1.0674301482669657
200.0,100.0,298.0,0.1973368938680183,1.1713537887700844
200.0,100.0,298.0,0.22578202510608278,1.2820711325476846
200.0,100.0,298.0,0.2583273804598255,1.3995554042486087
200.0,100.0,298.0,0.2955639868314636,1.5237192173014547
200.0,100.0,298.0,0.33816806471002536,2.211256762931999
200.0,100.0,298.0,0.38691330840293764,2.3914129263770816
200.0,100.0,298.0,0.4426849364018869,2.5792175710524634
200.0,100.0,298.0,0.5064957670389989,2.7742373125386646
200.0,100.0,298.0,0.5795046113688597,2.9759821534011346
200.0,100.0,298.0,0.6630373172929507,3.183914595478968
200.0,100.0,298.0,0.7586108470898982,3.3974595083149746
200.0,100.0,298.0,0.8679608256018917,3.6160143293937845
200.0,100.0,298.0,0.9930730593550847,3.838959192188187
200.0,100.0,298.0,1.1362195990043518,4.065666623486161
200.0,100.0,298.0,1.3,4.295510514624868
200.0,100.0,323.0,0.001,0.004524939076960347
200.0,100.0,323.0,0.0013130324344878836,0.0059367581348339265
200.0,100.0,323.0,0.0017240541740171785,0.007787205958857639
200.0,100.0,323.0,0.0022637390492987737,0.010211233968809125
200.0,100.0,323.0,0.002972362794946059,0.013384391605418083
200.0,100.0,323.0,0.003902808756829234,0.017534412087909467
200.0,100.0,323.0,0.00512451448332012,0.02295569185991573
200.0,100.0,323.0,0.0067286537276022365,0.030027126579690238
200.0,100.0,323.0,0.008834940584779547,0.03923367972324371
200.0,100.0,323.0,0.01160056354458889,0.051191857196446686
200.0,100.0,323.0,0.015231916192382951,0.06667889700052393
200.0,100.0,323.0,0.020000000000000004,0.08666491002740691
200.0,100.0,323.0,0.02288290047345013,0.09856703917665195
200.0,100.0,323.0,0.026181356703891212,0.11202490685550143
200.0,100.0,323.0,0.029955268985751946,0.12722217782898265
200.0,100.0,323.0,0.03427317194281946,0.1443596217162793
200.0,100.0,323.0,0.03921347912384905,0.16365569646110906
200.0,100.0,323.0,0.04486590700043761,0.18534691011914617
200.0,100.0,323.0,0.051333104227104166,0.20968789595597695
200.0,100.0,323.0,0.05873251575110334,0.23695112786708844
200.0,100.0,323.0,0.06719851562439198,0.26742619680977486
200.0,100.0,323.0,0.07688484724982726,0.30141856569312747
200.0,100.0,323.0,0.08796741537671066,0.33924772163622324
200.0,100.0,323.0,0.10064748054859585,0.38124465230534565
200.0,100.0,323.0,0.11515531401485132,0.42774858851621433
200.0,100.0,323.0,0.131754379479537,0.47910297916395544
200.0,100.0,323.0,0.15074611762857124,0.5356506966640295
200.0,100.0,323.0,0.1724754203226801,0.5977285102565636
200.0,100.0,323.0,0.1973368938680183,0.6656609085425107
200.0,100.0,323.0,0.22578202510608278,0.7397533985035728
200.0,100.0,323.0,0.2583273804598255,0.8202854526407852
200.0,100.0,323.0,0.2955639868314636,0.9075033154433999
200.0,100.0,323.0,0.33816806471002536,1.0016129123108233
200.0,100.0,323.0,0.38691330840293764,1.1027731260821239
200.0,100.0,323.0,0.4426849364018869,1.2110897168690558
200.0,100.0,323.0,0.5064957670389989,1.3266101586943595
200.0,100.0,323.0,0.5795046113688597,1.9414242723793518
200.0,100.0,323.0,0.6630373172929507,2.112778943619891
200.0,100.0,323.0,0.7586108470898982,2.2930172112293845
200.0,100.0,323.0,0.8679608256018917,2.481835461027542
200.0,100.0,323.0,0.9930730593550847,2.6788514599773485
200.0,100.0,323.0,1.1362195990043518,2.8836105522481987
200.0,100.0,323.0,1.3,3.0955936277240554
200.0,200.0,273.0,0.001,0.03231853134871974
200.0,200.0,273.0,0.0013130324344878836,0.04207524989416095
200.0,200.0,273.0,0.0017240541740171785,0.054660572967826046
200.0,200.0,273.0,0.0022637390492987737,0.07083024287496244
200.0,200.0,273.0,0.002972362794946059,0.09151085842514202
200.0,200.0,273.0,0.003902808756829234,0.1178252452313196
200.0,200.0,273.0,0.00512451448332012,0.15111553205562572
200.0,200.0,273.0,0.0067286537276022365,0.19295958544809333
200.0,200.0,273.0,0.008834940584779547,0.24517433165500163
200.0,200.0,273.0,0.01160056354458889,0.30979784393707016
200.0,200.0,273.0,0.015231916192382951,0.38904199125430167
200.0,200.0,273.0,0.020000000000000004,0.48520977321112163
200.0,200.0,273.0,0.02288290047345013,0.5397163207356931
200.0,200.0,273.0,0.026181356703891212,0.5991819954497531
200.0,200.0,273.0,0.029955268985751946,0.6638540978199876
200.0,200.0,273.0,0.03427317194281946,0.7339593695899306
200.0,200.0,273.0,0.03921347912384905,0.8096988642452939
200.0,200.0,273.0,0.04486590700043761,0.891242963907197
200.0,200.0,273.0,0.051333104227104166,0.9787267062654262
200.0,200.0,273.0,0.05873251575110334,1.0722455832053526
200.0,200.0,273.0,0.06719851562439198,1.171851963444058
200.0,200.0,273.0,0.07688484724982726,1.2775522756560695
200.0,200.0,273.0,0.08796741537671066,1.389305067631813
200.0,200.0,273.0,0.10064748054859585,1.5070200324149303
200.0,200.0,273.0,0.11515531401485132,1.6305580650683917
200.0,200.0,273.0,0.131754379479537,2.33393789035443
200.0,200.0,273.0,0.15074611762857124,2.509778220325385
200.0,200.0,273.0,0.1724754203226801,2.692093508808705
200.0,200.0,273.0,0.1973368938680183,2.8804585331567263
200.0,200.0,273.0,0.22578202510608278,3.0744072846942516
200.0,200.0,273.0,0.2583273804598255,3.273441569322759
200.0,200.0,273.0,0.2955639868314636,3.4770400134840314
200.0,200.0,273.0,0.33816806471002536,3.6846670611217696
200.0,200.0,273.0,0.38691330840293764,3.89578158276673
200.0,200.0,273.0,0.4426849364018869,4.109844781788483
200.0,200.0,273.0,0.5064957670389989,4.3263271641088705
200.0,200.0,273.0,0.5795046113688597,4.544714424599013
200.0,200.0,273.0,0.6630373172929507,4.7645121860553745
200.0,200.0,273.0,0.7586108470898982,4.985249598264322
200.0,200.0,273.0,0.8679608256018917,5.206481861821181
200.0,200.0,273.0,0.9930730593550847,5.427791783459236
200.0,200.0,273.0,1.1362195990043518,5.648790497752128
200.0,200.0,273.0,1.3,5.869117505877051
200.0,200.0,298.0,0.001,0.012334340599388413
200.0,200.0,298.0,0.0013130324344878836,0.016145966871771247
200.0,200.0,298.0,0.0017240541740171785,0.021116850502087618
200.0,200.0,298.0,0.0022637390492987737,0.02758746377971735
200.0,200.0,298.0,0.002972362794946059,0.03599092648175229
200.0,200.0,298.0,0.003902808756829234,0.0468741862588251
200.0,200.0,298.0,0.00512451448332012,0.0609221188357235
200.0,200.0,298.0,0.0067286537276022365,0.07898412007177358
200.0,200.0,298.0,0.008834940584779547,0.10210226113536608
200.0,200.0,298.0,0.01160056354458889,0.13153923501830725
200.0,200.0,298.0,0.015231916192382951,0.1688029365028591
200.0,200.0,298.0,0.020000000000000004,0.21566250951182028
200.0,200.0,298.0,0.02288290047345013,0.24299153870630555
200.0,200.0,298.0,0.026181356703891212,0.27342707579663533
200.0,200.0,298.0,0.029955268985751946,0.3072498700172236
200.0,200.0,298.0,0.03427317194281946,0.34475157982502547
200.0,200.0,298.0,0.03921347912384905,0.3862321458061277
200.0,200.0,298.0,0.04486590700043761,0.43199653209055544
200.0,200.0,298.0,0.051333104227104166,0.4823508427222339
200.0,200.0,298.0,0.05873251575110334,0.537597849631288
200.0,200.0,298.0,0.06719851562439198,0.5980320009223984
200.0,200.0,298.0,0.07688484724982726,0.6639340102298725
200.0,200.0,298.0,0.08796741537671066,0.7355651578823201
200.0,200.0,298.0,0.10064748054859585,0.813161460555965
200.0,200.0,298.0,0.11515531401485132,0.8969278861177469
200.0,200.0,298.0,0.131754379479537,0.9870328029455577
200.0,200.0,298.0,0.15074611762857124,1.083602857170879
200.0,200.0,298.0,0.1724754203226801,1.1867184667032649
200.0,200.0,298.0,0.1973368938680183,1.2964101079521333
200.0,200.0,298.0,0.22578202510608278,1.4126555507888519
200.0,200.0,298.0,0.2583273804598255,1.5353781706341523
200.0,200.0,298.0,0.2955639868314636,2.2115469715692475
200.0,200.0,298.0,0.33816806471002536,2.3885349649533403
200.0,200.0,298.0,0.38691330840293764,2.5730343640967153
200.0,200.0,298.0,0.4426849364018869,2.7646536502775536
200.0,200.0,298.0,0.5064957670389989,2.9629445043974827
200.0,200.0,298.0,0.5795046113688597,3.1674097337754836
200.0,200.0,298.0,0.6630373172929507,3.3775122318711994
200.0,200.0,298.0,0.7586108470898982,3.592684556189115
200.0,200.0,298.0,0.8679608256018917,3.812338695055099
200.0,200.0,298.0,0.9930730593550847,4.035875615742041
200.0,200.0,298.0,1.1362195990043518,4.262694238753916
200.0,200.0,298.0,1.3,4.492199556611848
200.0,200.0,323.0,0.001,0.0054389748350848945
200.0,200.0,323.0,0.0013130324344878836,0.007132890495859849
200.0,200.0,323.0,0.0017240541740171785,0.009350919342832224
200.0,200.0,323.0,0.0022637390492987737,0.012252842866136465
200.0,200.0,323.0,0.002972362794946059,0.016045548464828988
200.0,200.0,323.0,0.003902808756829234,0.020995884362422924
200.0,200.0,323.0,0.00512451448332012,0.027446403118458494
200.0,200.0,323.0,0.0067286537276022365,0.03583430559929838
200.0,200.0,323.0,0.008834940584779547,0.04671375989360029
200.0,200.0,323.0,0.01160056354458889,0.06078154161108243
200.0,200.0,323.0,0.015231916192382951,0.07890559433829154
200.0,200.0,323.0,0.020000000000000004,0.10215557956640846
200.0,200.0,323.0,0.02288290047345013,0.11593553787618613
200.0,200.0,323.0,0.026181356703891212,0.13146338280529785
200.0,200.0,323.0,0.029955268985751946,0.14893581040428025
200.0,200.0,323.0,0.03427317194281946,0.16856637426554003
200.0,200.0,323.0,0.03921347912384905,0.19058580725072674
200.0,200.0,323.0,0.04486590700043761,0.21524205690506068
200.0,200.0,323.0,0.051333104227104166,0.24279995892039266
200.0,200.0,323.0,0.05873251575110334,0.27354046901219725
200.0,200.0,323.0,0.06719851562439198,0.30775937427965655
200.0,200.0,323.0,0.07688484724982726,0.34576541173640785
200.0,200.0,323.0,0.08796741537671066,0.3878777350279437
200.0,200.0,323.0,0.10064748054859585,0.43442269060757466
200.0,200.0,323.0,0.11515531401485132,0.4857298913803483
200.0,200.0,323.0,0.131754379479537,0.5421276079327934
200.0,200.0,323.0,0.15074611762857124,0.6039375332466291
200.0,200.0,323.0,0.1724754203226801,0.6714690140953566
200.0,200.0,323.0,0.1973368938680183,0.7450128787193432
200.0,200.0,323.0,0.22578202510608278,0.8248350233758928
200.0,200.0,323.0,0.2583273804598255,0.9111699476275805
200.0,200.0,323.0,0.2955639868314636,1.0042144477985255
200.0,200.0,323.0,0.33816806471002536,1.1041216884877831
200.0,200.0,323.0,0.38691330840293764,1.2109958726517394
200.0,200.0,323.0,0.4426849364018869,1.3248877215009724
200.0,200.0,323.0,0.5064957670389989,1.9264716896648937
200.0,200.0,323.0,0.5795046113688597,2.094360338988793
200.0,200.0,323.0,0.6630373172929507,2.270956769439164
200.0,200.0,323.0,0.7586108470898982,2.455998557537134
200.0,200.0,323.0,0.8679608256018917,2.6491474558729466
200.0,200.0,323.0,0.9930730593550847,2.8499940616588457
200.0,200.0,323.0,1.1362195990043518,3.0580643485775627
200.0,200.0,323.0,1.3,3.2728277947773665
200.0,300.0,273.0,0.001,0.05359971635814383
200.0,300.0,273.0,0.0013130324344878836,0.06894938597158891
200.0,300.0,273.0,0.0017240541740171785,0.08834782846981615
200.0,300.0,273.0,0.0022637390492987737,0.11271826879501169
200.0,300.0,273.0,0.002972362794946059,0.14314261731407313
200.0,300.0,273.0,0.003902808756829234,0.18086901601048
200.0,300.0,273.0,0.00512451448332012,0.22730970379493023
200.0,300.0,273.0,0.0067286537276022365,0.28402584784644447
200.0,300.0,273.0,0.008834940584779547,0.3526977417902143
200.0,300.0,273.0,0.01160056354458889,0.4350809602002239
200.0,300.0,273.0,0.015231916192382951,0.5329505790838533
200.0,300.0,273.0,0.020000000000000004,0.6480357745224006
200.0,300.0,273.0,0.02288290047345013,0.7118012549057962
200.0,300.0,273.0,0.026181356703891212,0.7803506038727223
200.0,300.0,273.0,0.029955268985751946,0.8538477001667162
200.0,300.0,273.0,0.03427317194281946,0.9324391928422968
200.0,300.0,273.0,0.03921347912384905,1.016251702733974
200.0,300.0,273.0,0.04486590700043761,1.1053889476860104
200.0,300.0,273.0,0.051333104227104166,1.199928835111646
200.0,300.0,273.0,0.05873251575110334,1.2999205874570032
200.0,300.0,273.0,0.06719851562439198,1.405381990664892
200.0,300.0,273.0,0.07688484724982726,1.5162968803684251
200.0,300.0,273.0,0.08796741537671066,1.632613002027107
200.0,300.0,273.0,0.10064748054859585,1.7542403956498382
200.0,300.0,273.0,0.11515531401485132,2.4660853490938224
200.0,300.0,273.0,0.131754379479537,2.6373139389574587
200.0,300.0,273.0,0.15074611762857124,2.81463145588692
200.0,300.0,273.0,0.1724754203226801,2.9976929962676904
200.0,300.0,273.0,0.1973368938680183,3.1861121036961886
200.0,300.0,273.0,0.22578202510608278,3.3794674909488034
200.0,300.0,273.0,0.2583273804598255,3.5773104861653104
200.0,300.0,273.0,0.2955639868314636,3.7791728161053375
200.0,300.0,273.0,0.33816806471002536,3.984574343463448
200.0,300.0,273.0,0.38691330840293764,4.193030414424455
200.0,300.0,273.0,0.4426849364018869,4.404058539362245
200.0,300.0,273.0,0.5064957670389989,4.617184212883581
200.0,300.0,273.0,0.5795046113688597,4.83194576717224
200.0,300.0,273.0,0.6630373172929507,5.047898233785682
200.0,300.0,273.0,0.7586108470898982,5.26461625555919
200.0,300.0,273.0,0.8679608256018917,5.481696137734201
200.0,300.0,273.0,0.9930730593550847,5.698757155280442
200.0,300.0,273.0,1.1362195990043518,5.915442244075986
200.0,300.0,273.0,1.3,6.131418201404704
200.0,300.0,298.0,0.001,0.018772463702954822
200.0,300.0,298.0,0.0013130324344878836,0.024471414528771978
200.0,300.0,298.0,0.0017240541740171785,0.03184074041233275
200.0,300.0,298.0,0.0022637390492987737,0.04133620175068989
200.0,300.0,298.0,0.002972362794946059,0.05352135541030443
200.0,300.0,298.0,0.003902808756829234,0.06908654304651941
200.0,300.0,298.0,0.00512451448332012,0.08886918002106432
200.0,300.0,298.0,0.0067286537276022365,0.11387441480316414
200.0,300.0,298.0,0.008834940584779547,0.1452941553352027
200.0,300.0,298.0,0.01160056354458889,0.18452096284696795
200.0,300.0,298.0,0.015231916192382951,0.23315191033167812
200.0,300.0,298.0,0.020000000000000004,0.2929769871182747
200.0,300.0,298.0,0.02288290047345013,0.32728771273234397
200.0,300.0,298.0,0.026181356703891212,0.3650577159647228
200.0,300.0,298.0,0.029955268985751946,0.4065386946794062
200.0,300.0,298.0,0.03427317194281946,0.4519844778305559
200.0,300.0,298.0,0.03921347912384905,0.5016483567443971
200.0,300.0,298.0,0.04486590700043761,0.5557801665626678
200.0,300.0,298.0,0.051333104227104166,0.6146231528096668
200.0,300.0,298.0,0.05873251575110334,0.6784106617340747
200.0,300.0,298.0,0.06719851562439198,0.747362696406395
200.0,300.0,298.0,0.07688484724982726,0.8216823837084926
200.0,300.0,298.0,0.08796741537671066,0.9015524004360234
200.0,300.0,298.0,0.10064748054859585,0.9871314099390196
200.0,300.0,298.0,0.11515531401485132,1.0785505645045554
200.0,300.0,298.0,0.131754379479537,1.175910133808882
200.0,300.0,298.0,0.15074611762857124,1.2792763271604717
200.0,300.0,298.0,0.1724754203226801,1.3886783876084412
200.0,300.0,298.0,0.1973368938680183,1.5041060492151752
200.0,300.0,298.0,0.22578202510608278,1.6255074635161495
200.0,300.0,298.0,0.2583273804598255,2.3045993108095573
200.0,300.0,298.0,0.2955639868314636,2.477534373537741
200.0,300.0,298.0,0.33816806471002536,2.65755001389316
200.0,300.0,298.0,0.38691330840293764,2.844328202031044
200.0,300.0,298.0,0.4426849364018869,3.037496949582654
200.0,300.0,298.0,0.5064957670389989,3.2366360447945914
200.0,300.0,298.0,0.5795046113688597,3.4412839990494364
200.0,300.0,298.0,0.6630373172929507,3.6509458602355642
200.0,300.0,298.0,0.7586108470898982,3.8651015101086474
200.0,300.0,298.0,0.8679608256018917,4.083214060524771
200.0,300.0,298.0,0.9930730593550847,4.304737994503725
200.0,300.0,298.0,1.1362195990043518,4.529126755370542
200.0,300.0,298.0,1.3,4.755839560812389
200.0,300.0,323.0,0.001,0.007672789824812928
200.0,300.0,323.0,0.0013130324344878836,0.010048336897703245
200.0,300.0,323.0,0.0017240541740171785,0.013149348089767273
200.0,300.0,323.0,0.0022637390492987737,0.017190781371784217
200.0,300.0,323.0,0.002972362794946059,0.022447218163769475
200.0,300.0,323.0,0.003902808756829234,0.02926713392996236
200.0,300.0,323.0,0.00512451448332012,0.03808951866183423
200.0,300.0,323.0,0.0067286537276022365,0.049462855692776635
200.0,300.0,323.0,0.008834940584779547,0.06406635795029832
200.0,300.0,323.0,0.01160056354458889,0.08273317651184114
200.0,300.0,323.0,0.015231916192382951,0.10647488867989563
200.0,300.0,323.0,0.020000000000000004,0.13650571946929976
200.0,300.0,323.0,0.02288290047345013,0.15411060092968684
200.0,300.0,323.0,0.026181356703891212,0.1737959526162654
200.0,300.0,323.0,0.029955268985751946,0.1957711876013934
200.0,300.0,323.0,0.03427317194281946,0.22025991681032817
200.0,300.0,323.0,0.03921347912384905,0.2474994764588831
200.0,300.0,323.0,0.04486590700043761,0.27774008973609265
200.0,300.0,323.0,0.051333104227104166,0.31124362317095605
200.0,300.0,323.0,0.05873251575110334,0.3482819094978201
200.0,300.0,323.0,0.06719851562439198,0.3891346224306117
200.0,300.0,323.0,0.07688484724982726,0.4340867036081491
200.0,300.0,323.0,0.08796741537671066,0.483425357193947
200.0,300.0,323.0,0.10064748054859585,0.5374366425254864
200.0,300.0,323.0,0.11515531401485132,0.5964017093676295
200.0,300.0,323.0,0.131754379479537,0.6605927334495745
200.0,300.0,323.0,0.15074611762857124,0.7302686217945457
200.0,300.0,323.0,0.1724754203226801,0.8056705675374407
200.0,300.0,323.0,0.1973368938680183,0.8870175420250682
200.0,300.0,323.0,0.22578202510608278,0.9745018176115563
200.0,300.0,323.0,0.2583273804598255,1.0682846176019263
200.0,300.0,323.0,0.2955639868314636,1.1684919907025104
200.0,300.0,323.0,0.33816806471002536,1.2752110071565566
200.0,300.0,323.0,0.38691330840293764,1.3884863738970816
200.0,300.0,323.0,0.4426849364018869,1.9906222208853779
200.0,300.0,323.0,0.5064957670389989,2.15523299251126
200.0,300.0,323.0,0.5795046113688597,2.328051191634089
200.0,300.0,323.0,0.6630373172929507,2.508870599263601
200.0,300.0,323.0,0.7586108470898982,2.6974171978646955
200.0,300.0,323.0,0.8679608256018917,2.8933516998519235
200.0,300.0,323.0,0.9930730593550847,3.096273851255459
200.0,300.0,323.0,1.1362195990043518,3.305728349956333
200.0,300.0,323.0,1.3,3.521212116194591
200.0,400.0,273.0,0.001,0.13110813562670354
200.0,400.0,273.0,0.0013130324344878836,0.1632038113850238
200.0,400.0,273.0,0.0017240541740171785,0.2017659294720079
200.0,400.0,273.0,0.0022637390492987737,0.24764420042862517
200.0,400.0,273.0,0.002972362794946059,0.30167615349190885
200.0,400.0,273.0,0.003902808756829234,0.3646688749095959
200.0,400.0,273.0,0.00512451448332012,0.43739586536038433
200.0,400.0,273.0,0.0067286537276022365,0.5206135977010593
200.0,400.0,273.0,0.008834940584779547,0.6150969011340324
200.0,400.0,273.0,0.01160056354458889,0.7216853962868146
200.0,400.0,273.0,0.015231916192382951,0.8413267323188246
200.0,400.0,273.0,0.020000000000000004,0.9750988508250544
200.0,400.0,273.0,0.02288290047345013,1.0468264795764644
200.0,400.0,273.0,0.026181356703891212,1.12245086266911
200.0,400.0,273.0,0.029955268985751946,1.2021239667235357
200.0,400.0,273.0,0.03427317194281946,1.2859949735612537
200.0,400.0,273.0,0.03921347912384905,1.374206277332644
200.0,400.0,273.0,0.04486590700043761,1.4668891107916626
200.0,400.0,273.0,0.051333104227104166,1.5641589612731466
200.0,400.0,273.0,0.05873251575110334,1.6661109507279985
200.0,400.0,273.0,0.06719851562439198,1.7728153601768881
200.0,400.0,273.0,0.07688484724982726,1.8843134779845092
200.0,400.0,273.0,0.08796741537671066,2.57488860331019
200.0,400.0,273.0,0.10064748054859585,2.7305283837357996
200.0,400.0,273.0,0.11515531401485132,2.8921302530990816
200.0,400.0,273.0,0.131754379479537,3.0595244991743593
200.0,400.0,273.0,0.15074611762857124,3.2324895809316874
200.0,400.0,273.0,0.1724754203226801,3.4107549569232525
200.0,400.0,273.0,0.1973368938680183,3.5940054400556307
200.0,400.0,273.0,0.22578202510608278,3.7818868354864286
200.0,400.0,273.0,0.2583273804598255,3.9740125399354844
200.0,400.0,273.0,0.2955639868314636,4.169970733685436
200.0,400.0,273.0,0.33816806471002536,4.36933178505066
200.0,400.0,273.0,0.38691330840293764,4.571655510084924
200.0,400.0,273.0,0.4426849364018869,4.776497982004248
200.0,400.0,273.0,0.5064957670389989,4.983417656023705
200.0,400.0,273.0,0.5795046113688597,5.191980655315805
200.0,400.0,273.0,0.6630373172929507,5.401765142333199
200.0,400.0,273.0,0.7586108470898982,5.6123647686470335
200.0,400.0,273.0,0.8679608256018917,5.823391250654972
200.0,400.0,273.0,0.9930730593550847,6.034476156190569
200.0,400.0,273.0,1.1362195990043518,6.245272009167727
200.0,400.0,273.0,1.3,6.45545282869613
200.0,400.0,298.0,0.001,0.04052715777174814
200.0,400.0,298.0,0.0013130324344878836,0.0520992571225668
200.0,400.0,298.0,0.0017240541740171785,0.06669203381018927
200.0,400.0,298.0,0.0022637390492987737,0.0849728147824886
200.0,400.0,298.0,0.002972362794946059,0.10771399077539559
200.0,400.0,298.0,0.003902808756829234,0.13579560209891556
200.0,400.0,298.0,0.00512451448332012,0.17020148533721022
200.0,400.0,298.0,0.0067286537276022365,0.21200714474380555
200.0,400.0,298.0,0.008834940584779547,0.26235954902779374
200.0,400.0,298.0,0.01160056354458889,0.3224520213833565
200.0,400.0,298.0,0.015231916192382951,0.39349995916590075
200.0,400.0,298.0,0.020000000000000004,0.4767238000706335
200.0,400.0,298.0,0.02288290047345013,0.5227469339581782
200.0,400.0,298.0,0.026181356703891212,0.5721927223529664
200.0,400.0,298.0,0.029955268985751946,0.6252094890196247
200.0,400.0,298.0,0.03427317194281946,0.6819465157850819
200.0,400.0,298.0,0.03921347912384905,0.74255426720538
200.0,400.0,298.0,0.04486590700043761,0.807184381664229
200.0,400.0,298.0,0.051333104227104166,0.8759893074030547
200.0,400.0,298.0,0.05873251575110334,0.9491214719690267
200.0,400.0,298.0,0.06719851562439198,1.02673189625242
200.0,400.0,298.0,0.07688484724982726,1.10896819849876
200.0,400.0,298.0,0.08796741537671066,1.1959719765670385
200.0,400.0,298.0,0.10064748054859585,1.287875604146289
200.0,400.0,298.0,0.11515531401485132,1.3847985239896254
200.0,400.0,298.0,0.131754379479537,1.4868431641170101
200.0,400.0,298.0,0.15074611762857124,1.5940906379865898
200.0,400.0,298.0,0.1724754203226801,1.706596414774305
200.0,400.0,298.0,0.1973368938680183,2.359566235284556
200.0,400.0,298.0,0.22578202510608278,2.517983746475942
200.0,400.0,298.0,0.2583273804598255,2.6830839466303824
200.0,400.0,298.0,0.2955639868314636,2.8547299685770287
200.0,400.0,298.0,0.33816806471002536,3.032729459335732
200.0,400.0,298.0,0.38691330840293764,3.2168353762402706
200.0,400.0,298.0,0.4426849364018869,3.4067484596808177
200.0,400.0,298.0,0.5064957670389989,3.602121277395163
200.0,400.0,298.0,0.5795046113688597,3.802563632553828
200.0,400.0,298.0,0.6630373172929507,4.007649045725017
200.0,400.0,298.0,0.7586108470898982,4.21692196750985
200.0,400.0,298.0,0.8679608256018917,4.429905358221468
200.0,400.0,298.0,0.9930730593550847,4.646108282715285
200.0,400.0,298.0,1.1362195990043518,4.865033207437922
200.0,400.0,298.0,1.3,5.086182745153743
200.0,400.0,323.0,0.001,0.014363758914722621
200.0,400.0,323.0,0.0013130324344878836,0.018720221969074236
200.0,400.0,323.0,0.0017240541740171785,0.02435010006598081
200.0,400.0,323.0,0.0022637390492987737,0.03159800789941455
200.0,400.0,323.0,0.002972362794946059,0.040887992650387915
200.0,400.0,323.0,0.003902808756829234,0.05273633153117328
200.0,400.0,323.0,0.00512451448332012,0.06776484276569306
200.0,400.0,323.0,0.0067286537276022365,0.08671426157857652
200.0,400.0,323.0,0.008834940584779547,0.11045669898979182
200.0,400.0,323.0,0.01160056354458889,0.14000531268823094
200.0,400.0,323.0,0.015231916192382951,0.17651841072518923
200.0,400.0,323.0,0.020000000000000004,0.22129497058446349
200.0,400.0,323.0,0.02288290047345013,0.24692110028146505
200.0,400.0,323.0,0.026181356703891212,0.2750961991551665
200.0,400.0,323.0,0.029955268985751946,0.3060073934205855
200.0,400.0,323.0,0.03427317194281946,0.3398459371430561
200.0,400.0,323.0,0.03921347912384905,0.37680617618989476
200.0,400.0,323.0,0.04486590700043761,0.4170845161761711
200.0,400.0,323.0,0.051333104227104166,0.46087842377238775
200.0,400.0,323.0,0.05873251575110334,0.508385478662191
200.0,400.0,323.0,0.06719851562439198,0.5598024772704248
200.0,400.0,323.0,0.07688484724982726,0.6153245703509408
200.0,400.0,323.0,0.08796741537671066,0.6751443963331886
200.0,400.0,323.0,0.10064748054859585,0.7394511531624205
200.0,400.0,323.0,0.11515531401485132,0.8084295358255679
200.0,400.0,323.0,0.131754379479537,0.8822584576141791
200.0,400.0,323.0,0.15074611762857124,0.9611094729973777
200.0,400.0,323.0,0.1724754203226801,1.0451448305677693
200.0,400.0,323.0,0.1973368938680183,1.1345151064153816
200.0,400.0,323.0,0.22578202510608278,1.229356400420017
200.0,400.0,323.0,0.2583273804598255,1.3297871177023348
200.0,400.0,323.0,0.2955639868314636,1.4359044010393842
200.0,400.0,323.0,0.33816806471002536,1.5477803231240181
200.0,400.0,323.0,0.38691330840293764,2.1639373647678575
200.0,400.0,323.0,0.4426849364018869,2.323092661324051
200.0,400.0,323.0,0.5064957670389989,2.4896676198794374
200.0,400.0,323.0,0.5795046113688597,2.663559201136717
200.0,400.0,323.0,0.6630373172929507,2.8446059969553836
200.0,400.0,323.0,0.7586108470898982,3.0325873364506304
200.0,400.0,323.0,0.8679608256018917,3.2272240407562003
200.0,400.0,323.0,0.9930730593550847,3.4281808571555183
200.0,400.0,323.0,1.1362195990043518,3.6350704958360662
200.0,400.0,323.0,1.3,3.847459090857531
200.0,500.0,273.0,0.001,0.4293136705794122
200.0,500.0,273.0,0.0013130324344878836,0.49751819491781557
200.0,500.0,273.0,0.0017240541740171785,0.5712223899983957
200.0,500.0,273.0,0.0022637390492987737,0.6501465628615732
200.0,500.0,273.0,0.002972362794946059,0.7341009555854878
200.0,500.0,273.0,0.003902808756829234,0.8230616047635391
200.0,500.0,273.0,0.00512451448332012,0.9172348591667423
200.0,500.0,273.0,0.0067286537276022365,1.0171062441560825
200.0,500.0,273.0,0.008834940584779547,1.123471447365787
200.0,500.0,273.0,0.01160056354458889,1.2374469766398377
200.0,500.0,273.0,0.015231916192382951,1.3604560670254098
200.0,500.0,273.0,0.020000000000000004,1.4941833693039082
200.0,500.0,273.0,0.02288290047345013,1.5648330472537624
200.0,500.0,273.0,0.026181356703891212,1.6387911853655739
200.0,500.0,273.0,0.029955268985751946,1.7162902898250922
200.0,500.0,273.0,0.03427317194281946,1.7975567836666713
200.0,500.0,273.0,0.03921347912384905,1.8828055798458914
200.0,500.0,273.0,0.04486590700043761,1.9722344290276494
200.0,500.0,273.0,0.051333104227104166,2.066018219785849
200.0,500.0,273.0,0.05873251575110334,2.164303428926973
200.0,500.0,273.0,0.06719851562439198,2.2672029302575853
200.0,500.0,273.0,0.07688484724982726,2.9627915852888007
200.0,500.0,273.0,0.08796741537671066,3.103784720856868
200.0,500.0,273.0,0.10064748054859585,3.250794749081427
200.0,500.0,273.0,0.11515531401485132,3.403748674724245
200.0,500.0,273.0,0.131754379479537,3.562513865248813
200.0,500.0,273.0,0.15074611762857124,3.7268996728865016
200.0,500.0,273.0,0.1724754203226801,3.8966608006322856
200.0,500.0,273.0,0.1973368938680183,4.071502231439822
200.0,500.0,273.0,0.22578202510608278,4.2510854405334815
200.0,500.0,273.0,0.2583273804598255,4.435035538200788
200.0,500.0,273.0,0.2955639868314636,4.622948952974424
200.0,500.0,273.0,0.33816806471002536,4.814401265525671
200.0,500.0,273.0,0.38691330840293764,5.008954838721032
200.0,500.0,273.0,0.4426849364018869,5.206165951040953
200.0,500.0,273.0,0.5064957670389989,5.405591217882028
200.0,500.0,273.0,0.5795046113688597,5.606793166618977
200.0,500.0,273.0,0.6630373172929507,5.809344906841871
200.0,500.0,273.0,0.7586108470898982,6.012833900170673
200.0,500.0,273.0,0.8679608256018917,6.216864881281232
200.0,500.0,273.0,0.9930730593550847,6.421062013128083
200.0,500.0,273.0,1.1362195990043518,6.625070376768611
200.0,500.0,273.0,1.3,6.828556902571581
200.0,500.0,298.0,0.001,0.13175665259194
200.0,500.0,298.0,0.0013130324344878836,0.16313726341044585
200.0,500.0,298.0,0.0017240541740171785,0.20042982920694186
200.0,500.0,298.0,0.0022637390492987737,0.24422905036121256
200.0,500.0,298.0,0.002972362794946059,0.29503930392718564
200.0,500.0,298.0,0.003902808756829234,0.3532471619809518
200.0,500.0,298.0,0.00512451448332012,0.4191137183460216
200.0,500.0,298.0,0.0067286537276022365,0.49279376334758634
200.0,500.0,298.0,0.008834940584779547,0.574383840444711
200.0,500.0,298.0,0.01160056354458889,0.6639948002678076
200.0,500.0,298.0,0.015231916192382951,0.7618383291276135
200.0,500.0,298.0,0.020000000000000004,0.8683130201956625
200.0,500.0,298.0,0.02288290047345013,0.9243383099434435
200.0,500.0,298.0,0.026181356703891212,0.9827354461470003
200.0,500.0,298.0,0.029955268985751946,1.043629126384981
200.0,500.0,298.0,0.03427317194281946,1.1071626444269749
200.0,500.0,298.0,0.03921347912384905,1.173497135484021
200.0,500.0,298.0,0.04486590700043761,1.2428101507301361
200.0,500.0,298.0,0.051333104227104166,1.3152935400623988
200.0,500.0,298.0,0.05873251575110334,1.3911506340136601
200.0,500.0,298.0,0.06719851562439198,1.4705927316998177
200.0,500.0,298.0,0.07688484724982726,1.5538349225536132
200.0,500.0,298.0,0.08796741537671066,1.6410912954681067
200.0,500.0,298.0,0.10064748054859585,1.732569619096563
200.0,500.0,298.0,0.11515531401485132,1.8284656098999468
200.0,500.0,298.0,0.131754379479537,1.928956937954924
200.0,500.0,298.0,0.15074611762857124,2.562494587994259
200.0,500.0,298.0,0.1724754203226801,2.7014365426555753
200.0,500.0,298.0,0.1973368938680183,2.84670399192944
200.0,500.0,298.0,0.22578202510608278,2.998349396446537
200.0,500.0,298.0,0.2583273804598255,3.156367169629501
200.0,500.0,298.0,0.2955639868314636,3.320690573792873
200.0,500.0,298.0,0.33816806471002536,3.4911904444315938
200.0,500.0,298.0,0.38691330840293764,3.6676758310862727
200.0,500.0,298.0,0.4426849364018869,3.849896525881464
200.0,500.0,298.0,0.5064957670389989,4.037547333807818
200.0,500.0,298.0,0.5795046113688597,4.23027383435532
200.0,500.0,298.0,0.6630373172929507,4.42767930330419
200.0,500.0,298.0,0.7586108470898982,4.629332414397979
200.0,500.0,298.0,0.8679608256018917,4.8347753268743325
200.0,500.0,298.0,0.9930730593550847,5.043531785026132
200.0,500.0,298.0,1.1362195990043518,5.255114904189598
200.0,500.0,298.0,1.3,5.4690343847561165
200.0,500.0,323.0,0.001,0.03993008196132016
200.0,500.0,323.0,0.0013130324344878836,0.051205566815340255
200.0,500.0,323.0,0.0017240541740171785,0.06535389432077338
200.0,500.0,323.0,0.0022637390492987737,0.08297356666571563
200.0,500.0,323.0,0.002972362794946059,0.1047399824197835
200.0,500.0,323.0,0.003902808756829234,0.13139858158614312
200.0,500.0,323.0,0.00512451448332012,0.16374965992735185
200.0,500.0,323.0,0.0067286537276022365,0.20262365362207693
200.0,500.0,323.0,0.008834940584779547,0.24884848906383242
200.0,500.0,323.0,0.01160056354458889,0.3032143876710801
200.0,500.0,323.0,0.015231916192382951,0.3664448585741578
200.0,500.0,323.0,0.020000000000000004,0.4391839100314218
200.0,500.0,323.0,0.02288290047345013,0.4788414258258258
200.0,500.0,323.0,0.026181356703891212,0.5210307309930965
200.0,500.0,323.0,0.029955268985751946,0.5658174953974249
200.0,500.0,323.0,0.03427317194281946,0.6132693301657833
200.0,500.0,323.0,0.03921347912384905,0.6634580408564937
200.0,500.0,323.0,0.04486590700043761,0.716461948148796
200.0,500.0,323.0,0.051333104227104166,0.7723681337584486
200.0,500.0,323.0,0.05873251575110334,0.8312744618998364
200.0,500.0,323.0,0.06719851562439198,0.8932912286715918
200.0,500.0,323.0,0.07688484724982726,0.9585423027238911
200.0,500.0,323.0,0.08796741537671066,1.0271656390482504
200.0,500.0,323.0,0.10064748054859585,1.099313071787277
200.0,500.0,323.0,0.11515531401485132,1.175149319629016
200.0,500.0,323.0,0.131754379479537,1.2548501670094363
200.0,500.0,323.0,0.15074611762857124,1.3385998149077551
200.0,500.0,323.0,0.1724754203226801,1.4265874258934452
200.0,500.0,323.0,0.1973368938680183,1.519002919002669
200.0,500.0,323.0,0.22578202510608278,1.6160321008182503
200.0,500.0,323.0,0.2583273804598255,1.7178512495636458
200.0,500.0,323.0,0.2955639868314636,2.3167150036770936
200.0,500.0,323.0,0.33816806471002536,2.4584164966556328
200.0,500.0,323.0,0.38691330840293764,2.6067785958157956
200.0,500.0,323.0,0.4426849364018869,2.7618950560726163
200.0,500.0,323.0,0.5064957670389989,2.9238073905340722
200.0,500.0,323.0,0.5795046113688597,3.092499320004641
200.0,500.0,323.0,0.6630373172929507,3.2678927883094104
200.0,500.0,323.0,0.7586108470898982,3.4498457920995294
200.0,500.0,323.0,0.8679608256018917,3.6381521674911816
200.0,500.0,323.0,0.9930730593550847,3.8325433554233226
200.0,500.0,323.0,1.1362195990043518,4.032692045106743
200.0,500.0,323.0,1.3,4.238217482983174
500.0,0.0,273.0,0.001,0.022131310835488274
500.0,0.0,273.0,0.0013130324344878836,0.028949372234534893
500.0,0.0,273.0,0.0017240541740171785,0.03782591856536259
500.0,0.0,273.0,0.0022637390492987737,0.04935468389092359
500.0,0.0,273.0,0.002972362794946059,0.06428324279873578
500.0,0.0,273.0,0.003902808756829234,0.08354272314760323
500.0,0.0,273.0,0.00512451448332012,0.10827778623038033
500.0,0.0,273.0,0.0067286537276022365,0.13987372775547133
500.0,0.0,273.0,0.008834940584779547,0.1799761264963608
500.0,0.0,273.0,0.01160056354458889,0.23049689215275743
500.0,0.0,273.0,0.015231916192382951,0.293599036823163
500.0,0.0,273.0,0.020000000000000004,0.3716514941650781
500.0,0.0,273.0,0.02288290047345013,0.41653175194612924
500.0,0.0,273.0,0.026181356703891212,0.4659805123174714
500.0,0.0,273.0,0.029955268985751946,0.5202975044819111
500.0,0.0,273.0,0.03427317194281946,0.5797725178811468
500.0,0.0,273.0,0.03921347912384905,0.6446796211081207
500.0,0.0,273.0,0.04486590700043761,0.7152710392317974
500.0,0.0,273.0,0.051333104227104166,0.7917708659132715
500.0,0.0,273.0,0.05873251575110334,0.8743688185353836
500.0,0.0,273.0,0.06719851562439198,0.9632142682454662
500.0,0.0,273.0,0.07688484724982726,1.0584107904466555
500.0,0.0,273.0,0.08796741537671066,1.160011483467393
500.0,0.0,273.0,0.10064748054859585,1.268015292692403
500.0,0.0,273.0,0.11515531401485132,1.3823645531267053
500.0,0.0,273.0,0.131754379479537,1.5029439239817663
500.0,0.0,273.0,0.15074611762857124,1.6295808337000945
500.0,0.0,273.0,0.1724754203226801,1.7620474834945852
500.0,0.0,273.0,0.1973368938680183,1.9000643749269517
500.0,0.0,273.0,0.22578202510608278,2.0433052382596295
500.0,0.0,273.0,0.2583273804598255,2.1914031522036783
500.0,0.0,273.0,0.2955639868314636,2.343957572994483
500.0,0.0,273.0,0.33816806471002536,2.5005419419597588
500.0,0.0,273.0,0.38691330840293764,2.6607115236347907
500.0,0.0,273.0,0.4426849364018869,2.8240111437764024
500.0,0.0,273.0,0.5064957670389989,2.989982544953069
500.0,0.0,273.0,0.5795046113688597,3.158171147651661
500.0,0.0,273.0,0.6630373172929507,3.328132084166247
500.0,0.0,273.0,0.7586108470898982,3.4994354472004257
500.0,0.0,273.0,0.8679608256018917,3.671670753664053
500.0,0.0,273.0,0.9930730593550847,3.8444506598070167
500.0,0.0,273.0,1.1362195990043518,4.017413975638473
500.0,0.0,273.0,1.3,4.19022801896346
500.0,0.0,298.0,0.001,0.008880251645204775
500.0,0.0,298.0,0.0013130324344878836,0.011643170199037975
500.0,0.0,298.0,0.0017240541740171785,0.015258967676562344
500.0,0.0,298.0,0.0022637390492987737,0.019986203775570265
500.0,0.0,298.0,0.002972362794946059,0.026158605416207133
500.0,0.0,298.0,0.003902808756829234,0.034204795336771496
500.0,0.0,298.0,0.00512451448332012,0.044671860095051995
500.0,0.0,298.0,0.0067286537276022365,0.05825269377960018
500.0,0.0,298.0,0.008834940584779547,0.0758165040988911
500.0,0.0,298.0,0.01160056354458889,0.09844104669514005
500.0,0.0,298.0,0.015231916192382951,0.1274440392139399
500.0,0.0,298.0,0.020000000000000004,0.1644098137010029
500.0,0.0,298.0,0.02288290047345013,0.18619195404966768
500.0,0.0,298.0,0.026181356703891212,0.21062450094655738
500.0,0.0,298.0,0.029955268985751946,0.23797549165738532
500.0,0.0,298.0,0.03427317194281946,0.26852845162337446
500.0,0.0,298.0,0.03921347912384905,0.3025808722437244
500.0,0.0,298.0,0.04486590700043761,0.3404420993606053
500.0,0.0,298.0,0.051333104227104166,0.38243057499867905
500.0,0.0,298.0,0.05873251575110334,0.42887039067916294
500.0,0.0,298.0,0.06719851562439198,0.48008713370949785
500.0,0.0,298.0,0.07688484724982726,0.5364030381975208
500.0,0.0,298.0,0.08796741537671066,0.5981314891730317
500.0,0.0,298.0,0.10064748054859585,0.6655709691933561
500.0,0.0,298.0,0.11515531401485132,0.7389985794804307
500.0,0.0,298.0,0.131754379479537,0.8186633088988983
500.0,0.0,298.0,0.15074611762857124,0.9047792608593099
500.0,0.0,298.0,0.1724754203226801,0.9975190777803871
500.0,0.0,298.0,0.1973368938680183,1.0970078228100886
500.0,0.0,298.0,0.22578202510608278,1.2033175872115283
500.0,0.0,298.0,0.2583273804598255,1.3164630874325831
500.0,0.0,298.0,0.2955639868314636,1.43639849660912
500.0,0.0,298.0,0.33816806471002536,1.5630157193448269
500.0,0.0,298.0,0.38691330840293764,1.696144264869527
500.0,0.0,298.0,0.4426849364018869,1.8355528024040069
500.0,0.0,298.0,0.5064957670389989,1.9809523966167186
500.0,0.0,298.0,0.5795046113688597,2.132001326589763
500.0,0.0,298.0,0.6630373172929507,2.2883112980190816
500.0,0.0,298.0,0.7586108470898982,2.4494547766785284
500.0,0.0,298.0,0.8679608256018917,2.614973112404263
500.0,0.0,298.0,0.9930730593550847,2.784385095000925
500.0,0.0,298.0,1.1362195990043518,2.9571955893945114
500.0,0.0,298.0,1.3,3.1329039337889903
500.0,0.0,323.0,0.001,0.004088457822275885
500.0,0.0,323.0,0.0013130324344878836,0.005364893274511664
500.0,0.0,323.0,0.0017240541740171785,0.007038463566567826
500.0,0.0,323.0,0.0022637390492987737,0.009231749172257976
500.0,0.0,323.0,0.002972362794946059,0.012104475699483787
500.0,0.0,323.0,0.003902808756829234,0.015864290092336118
500.0,0.0,323.0,0.00512451448332012,0.020780337246225716
500.0,0.0,323.0,0.0067286537276022365,0.0272001489967417
500.0,0.0,323.0,0.008834940584779547,0.03557030834800592
500.0,0.0,323.0,0.01160056354458889,0.04646119041738749
500.0,0.0,323.0,0.015231916192382951,0.06059574956024219
500.0,0.0,323.0,0.020000000000000004,0.0788817559609667
500.0,0.0,323.0,0.02288290047345013,0.08979377097912297
500.0,0.0,323.0,0.026181356703891212,0.10215062769998101
500.0,0.0,323.0,0.029955268985751946,0.1161267029078234
500.0,0.0,323.0,0.03427317194281946,0.13191326127044736
500.0,0.0,323.0,0.03921347912384905,0.14971913268740403
500.0,0.0,323.0,0.04486590700043761,0.16977119008104458
500.0,0.0,323.0,0.051333104227104166,0.19231456915426487
500.0,0.0,323.0,0.05873251575110334,0.21761256532771925
500.0,0.0,323.0,0.06719851562439198,0.24594613767350418
500.0,0.0,323.0,0.07688484724982726,0.2776129459595961
500.0,0.0,323.0,0.08796741537671066,0.31292584595771894
500.0,0.0,323.0,0.10064748054859585,0.35221077122504735
500.0,0.0,323.0,0.11515531401485132,0.39580393802554104
500.0,0.0,323.0,0.131754379479537,0.4440483251644436
500.0,0.0,323.0,0.15074611762857124,0.49728940311237446
500.0,0.0,323.0,0.1724754203226801,0.5558701170352123
500.0,0.0,323.0,0.1973368938680183,0.6201251654560845
500.0,0.0,323.0,0.22578202510608278,0.6903746585328682
500.0,0.0,323.0,0.2583273804598255,0.7669172848032613
500.0,0.0,323.0,0.2955639868314636,0.8500231596929515
500.0,0.0,323.0,0.33816806471002536,0.9399265699438665
500.0,0.0,323.0,0.38691330840293764,1.036818862443991
500.0,0.0,323.0,0.4426849364018869,1.1408417511214655
500.0,0.0,323.0,0.5064957670389989,1.2520813292823334
500.0,0.0,323.0,0.5795046113688597,1.3705630747944073
500.0,0.0,323.0,0.6630373172929507,1.496248119582102
500.0,0.0,323.0,0.7586108470898982,1.6290310208523608
500.0,0.0,323.0,0.8679608256018917,1.7687392178875125
500.0,0.0,323.0,0.9930730593550847,1.9151342853699111
500.0,0.0,323.0,1.1362195990043518,2.0679150050305464
500.0,0.0,323.0,1.3,2.226722178296671
500.0,100.0,273.0,0.001,0.025109527838145854
500.0,100.0,273.0,0.0013130324344878836,0.03280863125172258
500.0,100.0,273.0,0.0017240541740171785,0.04280935619274196
500.0,100.0,273.0,0.0022637390492987737,0.055762518990539967
500.0,100.0,273.0,0.002972362794946059,0.07248119385669093
500.0,100.0,273.0,0.003902808756829234,0.09396963105540891
500.0,100.0,273.0,0.00512451448332012,0.12145168303147362
500.0,100.0,273.0,0.0067286537276022365,0.15639547854990968
500.0,100.0,273.0,0.008834940584779547,0.20052944223586416
500.0,100.0,273.0,0.01160056354458889,0.25584274742334095
500.0,100.0,273.0,0.015231916192382951,0.32456136215743076
500.0,100.0,273.0,0.020000000000000004,0.409090038112331
500.0,100.0,273.0,0.02288290047345013,0.45748985251776086
500.0,100.0,273.0,0.026181356703891212,0.5106612403145264
500.0,100.0,273.0,0.029955268985751946,0.5688936081494502
500.0,100.0,273.0,0.03427317194281946,0.632461849656201
500.0,100.0,273.0,0.03921347912384905,0.7016203221920668
500.0,100.0,273.0,0.04486590700043761,0.776596666072619
500.0,100.0,273.0,0.051333104227104166,0.8575856730347641
500.0,100.0,273.0,0.05873251575110334,0.9447434294167936
500.0,100.0,273.0,0.06719851562439198,1.0381819679746314
500.0,100.0,273.0,0.07688484724982726,1.1379646597447006
500.0,100.0,273.0,0.08796741537671066,1.2441025636093772
500.0,100.0,273.0,0.10064748054859585,1.3565519259227907
500.0,100.0,273.0,0.11515531401485132,1.4752129853292077
500.0,100.0,273.0,0.131754379479537,1.599930188526684
500.0,100.0,273.0,0.15074611762857124,1.730493861710393
500.0,100.0,273.0,0.1724754203226801,1.866643311795355
500.0,100.0,273.0,0.1973368938680183,2.008071255439723
500.0,100.0,273.0,0.22578202510608278,2.154429398861221
500.0,100.0,273.0,0.2583273804598255,2.30533492571171
500.0,100.0,273.0,0.2955639868314636,2.4603776025166604
500.0,100.0,273.0,0.33816806471002536,2.6191271886124663
500.0,100.0,273.0,0.38691330840293764,2.7811408439822607
500.0,100.0,273.0,0.4426849364018869,2.9459702630578737
500.0,100.0,273.0,0.5064957670389989,3.1131683195895294
500.0,100.0,273.0,0.5795046113688597,3.2822950772153727
500.0,100.0,273.0,0.6630373172929507,3.452923090491959
500.0,100.0,273.0,0.7586108470898982,3.624641980511393
500.0,100.0,273.0,0.8679608256018917,3.797062309455842
500.0,100.0,273.0,0.9930730593550847,3.969818795857622
500.0,100.0,273.0,1.1362195990043518,4.14257290855531
500.0,100.0,273.0,1.3,4.315014858570801
500.0,100.0,298.0,0.001,0.009943960463716855
500.0,100.0,298.0,0.0013130324344878836,0.013032749248485053
500.0,100.0,298.0,0.0017240541740171785,0.01707152809701958
500.0,100.0,298.0,0.0022637390492987737,0.022346000353205966
500.0,100.0,298.0,0.002972362794946059,0.02922350269591747
500.0,100.0,298.0,0.003902808756829234,0.03817363083119045
500.0,100.0,298.0,0.00512451448332012,0.04979249374987048
500.0,100.0,298.0,0.0067286537276022365,0.06483036397727272
500.0,100.0,298.0,0.008834940584779547,0.08422194404840348
500.0,100.0,298.0,0.01160056354458889,0.10911768535211505
500.0,100.0,298.0,0.015231916192382951,0.14091351368306604
500.0,100.0,298.0,0.020000000000000004,0.18127485569854704
500.0,100.0,298.0,0.02288290047345013,0.20498337867305413
500.0,100.0,298.0,0.026181356703891212,0.23151851734865547
500.0,100.0,298.0,0.029955268985751946,0.26115683748562285
500.0,100.0,298.0,0.03427317194281946,0.29418941825732564
500.0,100.0,298.0,0.03921347912384905,0.3309199559489235
500.0,100.0,298.0,0.04486590700043761,0.37166221520595116
500.0,100.0,298.0,0.051333104227104166,0.41673677930886466
500.0,100.0,298.0,0.05873251575110334,0.46646707627886774
500.0,100.0,298.0,0.06719851562439198,0.5211746905113243
500.0,100.0,298.0,0.07688484724982726,0.5811740085528906
500.0,100.0,298.0,0.08796741537671066,0.6467662901339641
500.0,100.0,298.0,0.10064748054859585,0.7182332985518972
500.0,100.0,298.0,0.11515531401485132,0.7958306646717294
500.0,100.0,298.0,0.131754379479537,0.879781193105267
500.0,100.0,298.0,0.15074611762857124,0.970268345069352
500.0,100.0,298.0,0.1724754203226801,1.0674301482669657
500.0,100.0,298.0,0.1973368938680183,1.1713537887700844
500.0,100.0,298.0,0.22578202510608278,1.2820711325476846
500.0,100.0,298.0,0.2583273804598255,1.3995554042486087
500.0,100.0,298.0,0.2955639868314636,1.5237192173014547
500.0,100.0,298.0,0.33816806471002536,1.6544141016643266
500.0,100.0,298.0,0.38691330840293764,1.7914316137606077
500.0,100.0,298.0,0.4426849364018869,1.9345060390402153
500.0,100.0,298.0,0.5064957670389989,2.0833186153909273
500.0,100.0,298.0,0.5795046113688597,2.2375031221221495
500.0,100.0,298.0,0.6630373172929507,2.3966526033250113
500.0,100.0,298.0,0.7586108470898982,2.5603269354927893
500.0,100.0,298.0,0.8679608256018917,2.728060915246151
500.0,100.0,298.0,0.9930730593550847,2.8993725381340876
500.0,100.0,298.0,1.1362195990043518,3.073771163099944
500.0,100.0,298.0,1.3,3.2507653035334574
500.0,100.0,323.0,0.001,0.004524939076960347
500.0,100.0,323.0,0.0013130324344878836,0.0059367581348339265
500.0,100.0,323.0,0.0017240541740171785,0.007787205958857639
500.0,100.0,323.0,0.0022637390492987737,0.010211233968809125
500.0,100.0,323.0,0.002972362794946059,0.013384391605418083
500.0,100.0,323.0,0.003902808756829234,0.017534412087909467
500.0,100.0,323.0,0.00512451448332012,0.02295569185991573
500.0,100.0,323.0,0.0067286537276022365,0.030027126579690238
500.0,100.0,323.0,0.008834940584779547,0.03923367972324371
500.0,100.0,323.0,0.01160056354458889,0.051191857196446686
500.0,100.0,323.0,0.015231916192382951,0.06667889700052393
500.0,100.0,323.0,0.020000000000000004,0.08666491002740691
500.0,100.0,323.0,0.02288290047345013,0.09856703917665195
500.0,100.0,323.0,0.026181356703891212,0.11202490685550143
500.0,100.0,323.0,0.029955268985751946,0.12722217782898265
500.0,100.0,323.0,0.03427317194281946,0.1443596217162793
500.0,100.0,323.0,0.03921347912384905,0.16365569646110906
500.0,100.0,323.0,0.04486590700043761,0.18534691011914617
500.0,100.0,323.0,0.051333104227104166,0.20968789595597695
500.0,100.0,323.0,0.05873251575110334,0.23695112786708844
500.0,100.0,323.0,0.06719851562439198,0.26742619680977486
500.0,100.0,323.0,0.07688484724982726,0.30141856569312747
500.0,100.0,323.0,0.08796741537671066,0.33924772163622324
500.0,100.0,323.0,0.10064748054859585,0.38124465230534565
500.0,100.0,323.0,0.11515531401485132,0.42774858851621433
500.0,100.0,323.0,0.131754379479537,0.47910297916395544
500.0,100.0,323.0,0.15074611762857124,0.5356506966640295
500.0,100.0,323.0,0.1724754203226801,0.5977285102565636
500.0,100.0,323.0,0.1973368938680183,0.6656609085425107
500.0,100.0,323.0,0.22578202510608278,0.7397533985035728
500.0,100.0,323.0,0.2583273804598255,0.8202854526407852
500.0,100.0,323.0,0.2955639868314636,0.9075033154433999
500.0,100.0,323.0,0.33816806471002536,1.0016129123108233
500.0,100.0,323.0,0.38691330840293764,1.1027731260821239
500.0,100.0,323.0,0.4426849364018869,1.2110897168690558
500.0,100.0,323.0,0.5064957670389989,1.3266101586943595
500.0,100.0,323.0,0.5795046113688597,1.449319650350416
500.0,100.0,323.0,0.6630373172929507,1.5791385267452238
500.0,100.0,323.0,0.7586108470898982,1.7159212498720477
500.0,100.0,323.0,0.8679608256018917,1.8594570954136127
500.0,100.0,323.0,0.9930730593550847,2.009472573657748
500.0,100.0,323.0,1.1362195990043518,2.1656355361973563
500.0,100.0,323.0,1.3,2.327560829887756
500.0,200.0,273.0,0.001,0.03231853134871974
500.0,200.0,273.0,0.0013130324344878836,0.04207524989416095
500.0,200.0,273.0,0.0017240541740171785,0.054660572967826046
500.0,200.0,273.0,0.0022637390492987737,0.07083024287496244
500.0,200.0,273.0,0.002972362794946059,0.09151085842514202
500.0,200.0,273.0,0.003902808756829234,0.1178252452313196
500.0,200.0,273.0,0.00512451448332012,0.15111553205562572
500.0,200.0,273.0,0.0067286537276022365,0.19295958544809333
500.0,200.0,273.0,0.008834940584779547,0.24517433165500163
500.0,200.0,273.0,0.01160056354458889,0.30979784393707016
500.0,200.0,273.0,0.015231916192382951,0.38904199125430167
500.0,200.0,273.0,0.020000000000000004,0.48520977321112163
500.0,200.0,273.0,0.02288290047345013,0.5397163207356931
500.0,200.0,273.0,0.026181356703891212,0.5991819954497531
500.0,200.0,273.0,0.029955268985751946,0.6638540978199876
500.0,200.0,273.0,0.03427317194281946,0.7339593695899306
500.0,200.0,273.0,0.03921347912384905,0.8096988642452939
500.0,200.0,273.0,0.04486590700043761,0.891242963907197
500.0,200.0,273.0,0.051333104227104166,0.9787267062654262
500.0,200.0,273.0,0.05873251575110334,1.0722455832053526
500.0,200.0,273.0,0.06719851562439198,1.171851963444058
500.0,200.0,273.0,0.07688484724982726,1.2775522756560695
500.0,200.0,273.0,0.08796741537671066,1.389305067631813
500.0,200.0,273.0,0.10064748054859585,1.5070200324149303
500.0,200.0,273.0,0.11515531401485132,1.6305580650683917
500.0,200.0,273.0,0.131754379479537,1.7597323838534433
500.0,200.0,273.0,0.15074611762857124,1.8943107165316775
500.0,200.0,273.0,0.1724754203226801,2.034018515381296
500.0,200.0,273.0,0.1973368938680183,2.178543123250785
500.0,200.0,273.0,0.22578202510608278,2.327538769129296
500.0,200.0,273.0,0.2583273804598255,2.4806322290257805
500.0,200.0,273.0,0.2955639868314636,2.637428951981344
500.0,200.0,273.0,0.33816806471002536,2.797519427969776
500.0,200.0,273.0,0.38691330840293764,2.960485569277635
500.0,200.0,273.0,0.4426849364018869,3.125906891776769
500.0,200.0,273.0,0.5064957670389989,3.2933663153987895
500.0,200.0,273.0,0.5795046113688597,3.462455448285593
500.0,200.0,273.0,0.6630373172929507,3.6327792681214643
500.0,200.0,273.0,0.7586108470898982,3.803960158198419
500.0,200.0,273.0,0.8679608256018917,3.975641287850072
500.0,200.0,273.0,0.9930730593550847,4.147489343700731
500.0,200.0,273.0,1.1362195990043518,4.31919662079933
500.0,200.0,273.0,1.3,4.490482476077865
500.0,200.0,298.0,0.001,0.012334340599388413
500.0,200.0,298.0,0.0013130324344878836,0.016145966871771247
500.0,200.0,298.0,0.0017240541740171785,0.021116850502087618
500.0,200.0,298.0,0.0022637390492987737,0.02758746377971735
500.0,200.0,298.0,0.002972362794946059,0.03599092648175229
500.0,200.0,298.0,0.003902808756829234,0.0468741862588251
500.0,200.0,298.0,0.00512451448332012,0.0609221188357235
500.0,200.0,298.0,0.0067286537276022365,0.07898412007177358
500.0,200.0,298.0,0.008834940584779547,0.10210226113536608
500.0,200.0,298.0,0.01160056354458889,0.13153923501830725
500.0,200.0,298.0,0.015231916192382951,0.1688029365028591
500.0,200.0,298.0,0.020000000000000004,0.21566250951182028
500.0,200.0,298.0,0.02288290047345013,0.24299153870630555
500.0,200.0,298.0,0.026181356703891212,0.27342707579663533
500.0,200.0,298.0,0.029955268985751946,0.3072498700172236
500.0,200.0,298.0,0.03427317194281946,0.34475157982502547
500.0,200.0,298.0,0.03921347912384905,0.3862321458061277
500.0,200.0,298.0,0.04486590700043761,0.43199653209055544
500.0,200.0,298.0,0.051333104227104166,0.4823508427222339
500.0,200.0,298.0,0.05873251575110334,0.537597849631288
500.0,200.0,298.0,0.06719851562439198,0.5980320009223984
500.0,200.0,298.0,0.07688484724982726,0.6639340102298725
500.0,200.0,298.0,0.08796741537671066,0.7355651578823201
500.0,200.0,298.0,0.10064748054859585,0.813161460555965
500.0,200.0,298.0,0.11515531401485132,0.8969278861177469
500.0,200.0,298.0,0.131754379479537,0.9870328029455577
500.0,200.0,298.0,0.15074611762857124,1.083602857170879
500.0,200.0,298.0,0.1724754203226801,1.1867184667032649
500.0,200.0,298.0,0.1973368938680183,1.2964101079521333
500.0,200.0,298.0,0.22578202510608278,1.4126555507888519
500.0,200.0,298.0,0.2583273804598255,1.5353781706341523
500.0,200.0,298.0,0.2955639868314636,1.6644464345710182
500.0,200.0,298.0,0.33816806471002536,1.7996746215667139
500.0,200.0,298.0,0.38691330840293764,1.9408247953084363
500.0,200.0,298.0,0.4426849364018869,2.0876100018993
500.0,200.0,298.0,0.5064957670389989,2.239698614567149
500.0,200.0,298.0,0.5795046113688597,2.3967196959404737
500.0,200.0,298.0,0.6630373172929507,2.5582691994812237
500.0,200.0,298.0,0.7586108470898982,2.723916790856984
500.0,200.0,298.0,0.8679608256018917,2.89321304310653
500.0,200.0,298.0,0.9930730593550847,3.0656967506855533
500.0,200.0,298.0,1.1362195990043518,3.2409021182135493
500.0,200.0,298.0,1.3,3.418365607620356
500.0,200.0,323.0,0.001,0.0054389748350848945
500.0,200.0,323.0,0.0013130324344878836,0.007132890495859849
500.0,200.0,323.0,0.0017240541740171785,0.009350919342832224
500.0,200.0,323.0,0.0022637390492987737,0.012252842866136465
500.0,200.0,323.0,0.002972362794946059,0.016045548464828988
500.0,200.0,323.0,0.003902808756829234,0.020995884362422924
500.0,200.0,323.0,0.00512451448332012,0.027446403118458494
500.0,200.0,323.0,0.0067286537276022365,0.03583430559929838
500.0,200.0,323.0,0.008834940584779547,0.04671375989360029
500.0,200.0,323.0,0.01160056354458889,0.06078154161108243
500.0,200.0,323.0,0.015231916192382951,0.07890559433829154
500.0,200.0,323.0,0.020000000000000004,0.10215557956640846
500.0,200.0,323.0,0.02288290047345013,0.11593553787618613
500.0,200.0,323.0,0.026181356703891212,0.13146338280529785
500.0,200.0,323.0,0.029955268985751946,0.14893581040428025
500.0,200.0,323.0,0.03427317194281946,0.16856637426554003
500.0,200.0,323.0,0.03921347912384905,0.19058580725072674
500.0,200.0,323.0,0.04486590700043761,0.21524205690506068
500.0,200.0,323.0,0.051333104227104166,0.24279995892039266
500.0,200.0,323.0,0.05873251575110334,0.27354046901219725
500.0,200.0,323.0,0.06719851562439198,0.30775937427965655
500.0,200.0,323.0,0.07688484724982726,0.34576541173640785
500.0,200.0,323.0,0.08796741537671066,0.3878777350279437
500.0,200.0,323.0,0.10064748054859585,0.43442269060757466
500.0,200.0,323.0,0.11515531401485132,0.4857298913803483
500.0,200.0,323.0,0.131754379479537,0.5421276079327934
500.0,200.0,323.0,0.15074611762857124,0.6039375332466291
500.0,200.0,323.0,0.1724754203226801,0.6714690140953566
500.0,200.0,323.0,0.1973368938680183,0.7450128787193432
500.0,200.0,323.0,0.22578202510608278,0.8248350233758928
500.0,200.0,323.0,0.2583273804598255,0.9111699476275805
500.0,200.0,323.0,0.2955639868314636,1.0042144477985255
500.0,200.0,323.0,0.33816806471002536,1.1041216884877831
500.0,200.0,323.0,0.38691330840293764,1.2109958726517394
500.0,200.0,323.0,0.4426849364018869,1.3248877215009724
500.0,200.0,323.0,0.5064957670389989,1.4457909567877503
500.0,200.0,323.0,0.5795046113688597,1.573639950759074
500.0,200.0,323.0,0.6630373172929507,1.7083086738933642
500.0,200.0,323.0,0.7586108470898982,1.8496110281468476
500.0,200.0,323.0,0.8679608256018917,1.9973026043625302
500.0,200.0,323.0,0.9930730593550847,2.1510838476142666
500.0,200.0,323.0,1.1362195990043518,2.310604555335099
500.0,200.0,323.0,1.3,2.475469573257139
500.0,300.0,273.0,0.001,0.05359971635814383
500.0,300.0,273.0,0.0013130324344878836,0.06894938597158891
500.0,300.0,273.0,0.0017240541740171785,0.08834782846981615
500.0,300.0,273.0,0.0022637390492987737,0.11271826879501169
500.0,300.0,273.0,0.002972362794946059,0.14314261731407313
500.0,300.0,273.0,0.003902808756829234,0.18086901601048
500.0,300.0,273.0,0.00512451448332012,0.22730970379493023
500.0,300.0,273.0,0.0067286537276022365,0.28402584784644447
500.0,300.0,273.0,0.008834940584779547,0.3526977417902143
500.0,300.0,273.0,0.01160056354458889,0.4350809602002239
500.0,300.0,273.0,0.015231916192382951,0.5329505790838533
500.0,300.0,273.0,0.020000000000000004,0.6480357745224006
500.0,300.0,273.0,0.02288290047345013,0.7118012549057962
500.0,300.0,273.0,0.026181356703891212,0.7803506038727223
500.0,300.0,273.0,0.029955268985751946,0.8538477001667162
500.0,300.0,273.0,0.03427317194281946,0.9324391928422968
500.0,300.0,273.0,0.03921347912384905,1.016251702733974
500.0,300.0,273.0,0.04486590700043761,1.1053889476860104
500.0,300.0,273.0,0.051333104227104166,1.199928835111646
500.0,300.0,273.0,0.05873251575110334,1.2999205874570032
500.0,300.0,273.0,0.06719851562439198,1.405381990664892
500.0,300.0,273.0,0.07688484724982726,1.5162968803684251
500.0,300.0,273.0,0.08796741537671066,1.632613002027107
500.0,300.0,273.0,0.10064748054859585,1.7542403956498382
500.0,300.0,273.0,0.11515531401485132,1.881050459027911
500.0,300.0,273.0,0.131754379479537,2.0128758318488598
500.0,300.0,273.0,0.15074611762857124,2.1495112142231703
500.0,300.0,273.0,0.1724754203226801,2.290715186662987
500.0,300.0,273.0,0.1973368938680183,2.436213036863569
500.0,300.0,273.0,0.22578202510608278,2.585700527370226
500.0,300.0,273.0,0.2583273804598255,2.7388484657920986
500.0,300.0,273.0,0.2955639868314636,2.895307875721398
500.0,300.0,273.0,0.33816806471002536,3.0547155217785513
500.0,300.0,273.0,0.38691330840293764,3.2166995236717404
500.0,300.0,273.0,0.4426849364018869,3.38088480497977
500.0,300.0,273.0,0.5064957670389989,3.546898160385824
500.0,300.0,273.0,0.5795046113688597,3.714372783106961
500.0,300.0,273.0,0.6630373172929507,3.8829521615559957
500.0,300.0,273.0,0.7586108470898982,4.052293318997656
500.0,300.0,273.0,0.8679608256018917,4.222069421818193
500.0,300.0,273.0,0.9930730593550847,4.391971814460441
500.0,300.0,273.0,1.1362195990043518,4.561711550465243
500.0,300.0,273.0,1.3,4.731020482629067
500.0,300.0,298.0,0.001,0.018772463702954822
500.0,300.0,298.0,0.0013130324344878836,0.024471414528771978
500.0,300.0,298.0,0.0017240541740171785,0.03184074041233275
500.0,300.0,298.0,0.0022637390492987737,0.04133620175068989
500.0,300.0,298.0,0.002972362794946059,0.05352135541030443
500.0,300.0,298.0,0.003902808756829234,0.06908654304651941
500.0,300.0,298.0,0.00512451448332012,0.08886918002106432
500.0,300.0,298.0,0.0067286537276022365,0.11387441480316414
500.0,300.0,298.0,0.008834940584779547,0.1452941553352027
500.0,300.0,298.0,0.01160056354458889,0.18452096284696795
500.0,300.0,298.0,0.015231916192382951,0.23315191033167812
500.0,300.0,298.0,0.020000000000000004,0.2929769871182747
500.0,300.0,298.0,0.02288290047345013,0.32728771273234397
500.0,300.0,298.0,0.026181356703891212,0.3650577159647228
500.0,300.0,298.0,0.029955268985751946,0.4065386946794062
500.0,300.0,298.0,0.03427317194281946,0.4519844778305559
500.0,300.0,298.0,0.03921347912384905,0.5016483567443971
500.0,300.0,298.0,0.04486590700043761,0.5557801665626678
500.0,300.0,298.0,0.051333104227104166,0.6146231528096668
500.0,300.0,298.0,0.05873251575110334,0.6784106617340747
500.0,300.0,298.0,0.06719851562439198,0.747362696406395
500.0,300.0,298.0,0.07688484724982726,0.8216823837084926
500.0,300.0,298.0,0.08796741537671066,0.9015524004360234
500.0,300.0,298.0,0.10064748054859585,0.9871314099390196
500.0,300.0,298.0,0.11515531401485132,1.0785505645045554
500.0,300.0,298.0,0.131754379479537,1.175910133808882
500.0,300.0,298.0,0.15074611762857124,1.2792763271604717
500.0,300.0,298.0,0.1724754203226801,1.3886783876084412
500.0,300.0,298.0,0.1973368938680183,1.5041060492151752
500.0,300.0,298.0,0.22578202510608278,1.6255074635161495
500.0,300.0,298.0,0.2583273804598255,1.7527877144960913
500.0,300.0,298.0,0.2955639868314636,1.8858080490085125
500.0,300.0,298.0,0.33816806471002536,2.024385946494117
500.0,300.0,298.0,0.38691330840293764,2.168296133649489
500.0,300.0,298.0,0.4426849364018869,2.3172726137975346
500.0,300.0,298.0,0.5064957670389989,2.4710117277049175
500.0,300.0,298.0,0.5795046113688597,2.6291761968889134
500.0,300.0,298.0,0.6630373172929507,2.7914000300175466
500.0,300.0,298.0,0.7586108470898982,2.9572941080284476
500.0,300.0,298.0,0.8679608256018917,3.126452214365781
500.0,300.0,298.0,0.9930730593550847,3.2984572512275308
500.0,300.0,298.0,1.1362195990043518,3.4728873845683808
500.0,300.0,298.0,1.3,3.649321888174796
500.0,300.0,323.0,0.001,0.007672789824812928
500.0,300.0,323.0,0.0013130324344878836,0.010048336897703245
500.0,300.0,323.0,0.0017240541740171785,0.013149348089767273
500.0,300.0,323.0,0.0022637390492987737,0.017190781371784217
500.0,300.0,323.0,0.002972362794946059,0.022447218163769475
500.0,300.0,323.0,0.003902808756829234,0.02926713392996236
500.0,300.0,323.0,0.00512451448332012,0.03808951866183423
500.0,300.0,323.0,0.0067286537276022365,0.049462855692776635
500.0,300.0,323.0,0.008834940584779547,0.06406635795029832
500.0,300.0,323.0,0.01160056354458889,0.08273317651184114
500.0,300.0,323.0,0.015231916192382951,0.10647488867989563
500.0,300.0,323.0,0.020000000000000004,0.13650571946929976
500.0,300.0,323.0,0.02288290047345013,0.15411060092968684
500.0,300.0,323.0,0.026181356703891212,0.1737959526162654
500.0,300.0,323.0,0.029955268985751946,0.1957711876013934
500.0,300.0,323.0,0.03427317194281946,0.22025991681032817
500.0,300.0,323.0,0.03921347912384905,0.2474994764588831
500.0,300.0,323.0,0.04486590700043761,0.27774008973609265
500.0,300.0,323.0,0.051333104227104166,0.31124362317095605
500.0,300.0,323.0,0.05873251575110334,0.3482819094978201
500.0,300.0,323.0,0.06719851562439198,0.3891346224306117
500.0,300.0,323.0,0.07688484724982726,0.4340867036081491
500.0,300.0,323.0,0.08796741537671066,0.483425357193947
500.0,300.0,323.0,0.10064748054859585,0.5374366425254864
500.0,300.0,323.0,0.11515531401485132,0.5964017093676295
500.0,300.0,323.0,0.131754379479537,0.6605927334495745
500.0,300.0,323.0,0.15074611762857124,0.7302686217945457
500.0,300.0,323.0,0.1724754203226801,0.8056705675374407
500.0,300.0,323.0,0.1973368938680183,0.8870175420250682
500.0,300.0,323.0,0.22578202510608278,0.9745018176115563
500.0,300.0,323.0,0.2583273804598255,1.0682846176019263
500.0,300.0,323.0,0.2955639868314636,1.1684919907025104
500.0,300.0,323.0,0.33816806471002536,1.2752110071565566
500.0,300.0,323.0,0.38691330840293764,1.3884863738970816
500.0,300.0,323.0,0.4426849364018869,1.5083175677718403
500.0,300.0,323.0,0.5064957670389989,1.6346565894974814
500.0,300.0,323.0,0.5795046113688597,1.7674064452177884
500.0,300.0,323.0,0.6630373172929507,1.9064204643018674
500.0,300.0,323.0,0.7586108470898982,2.0515025568620886
500.0,300.0,323.0,0.8679608256018917,2.202408497661127
500.0,300.0,323.0,0.9930730593550847,2.358848291158491
500.0,300.0,323.0,1.1362195990043518,2.520489624786259
500.0,300.0,323.0,1.3,2.6869623572822245
500.0,400.0,273.0,0.001,0.13110813562670354
500.0,400.0,273.0,0.0013130324344878836,0.1632038113850238
500.0,400.0,273.0,0.0017240541740171785,0.2017659294720079
500.0,400.0,273.0,0.0022637390492987737,0.24764420042862517
500.0,400.0,273.0,0.002972362794946059,0.30167615349190885
500.0,400.0,273.0,0.003902808756829234,0.3646688749095959
500.0,400.0,273.0,0.00512451448332012,0.43739586536038433
500.0,400.0,273.0,0.0067286537276022365,0.5206135977010593
500.0,400.0,273.0,0.008834940584779547,0.6150969011340324
500.0,400.0,273.0,0.01160056354458889,0.7216853962868146
500.0,400.0,273.0,0.015231916192382951,0.8413267323188246
500.0,400.0,273.0,0.020000000000000004,0.9750988508250544
500.0,400.0,273.0,0.02288290047345013,1.0468264795764644
500.0,400.0,273.0,0.026181356703891212,1.12245086266911
500.0,400.0,273.0,0.029955268985751946,1.2021239667235357
500.0,400.0,273.0,0.03427317194281946,1.2859949735612537
500.0,400.0,273.0,0.03921347912384905,1.374206277332644
500.0,400.0,273.0,0.04486590700043761,1.4668891107916626
500.0,400.0,273.0,0.051333104227104166,1.5641589612731466
500.0,400.0,273.0,0.05873251575110334,1.6661109507279985
500.0,400.0,273.0,0.06719851562439198,1.7728153601768881
500.0,400.0,273.0,0.07688484724982726,1.8843134779845092
500.0,400.0,273.0,0.08796741537671066,2.0006139442774713
500.0,400.0,273.0,0.10064748054859585,2.1216897510823207
500.0,400.0,273.0,0.11515531401485132,2.2474760391433133
500.0,400.0,273.0,0.131754379479537,2.3778688070563585
500.0,400.0,273.0,0.15074611762857124,2.5127246152541503
500.0,400.0,273.0,0.1724754203226801,2.6518613259270882
500.0,400.0,273.0,0.1973368938680183,2.795059870972363
500.0,400.0,273.0,0.22578202510608278,2.9420669864031526
500.0,400.0,273.0,0.2583273804598255,3.092598798406295
500.0,400.0,273.0,0.2955639868314636,3.246345100076709
500.0,400.0,273.0,0.33816806471002536,3.402974125652878
500.0,400.0,273.0,0.38691330840293764,3.5621376161148643
500.0,400.0,273.0,0.4426849364018869,3.723475978325345
500.0,400.0,273.0,0.5064957670389989,3.88662336735409
500.0,400.0,273.0,0.5795046113688597,4.051212562081167
500.0,400.0,273.0,0.6630373172929507,4.216879548804316
500.0,400.0,273.0,0.7586108470898982,4.383267767038357
500.0,400.0,273.0,0.8679608256018917,4.550031998481263
500.0,400.0,273.0,0.9930730593550847,4.716841890442745
500.0,400.0,273.0,1.1362195990043518,4.883385099675958
500.0,400.0,273.0,1.3,5.049370026489563
500.0,400.0,298.0,0.001,0.04052715777174814
500.0,400.0,298.0,0.0013130324344878836,0.0520992571225668
500.0,400.0,298.0,0.0017240541740171785,0.06669203381018927
500.0,400.0,298.0,0.0022637390492987737,0.0849728147824886
500.0,400.0,298.0,0.002972362794946059,0.10771399077539559
500.0,400.0,298.0,0.003902808756829234,0.13579560209891556
500.0,400.0,298.0,0.00512451448332012,0.17020148533721022
500.0,400.0,298.0,0.0067286537276022365,0.21200714474380555
500.0,400.0,298.0,0.008834940584779547,0.26235954902779374
500.0,400.0,298.0,0.01160056354458889,0.3224520213833565
500.0,400.0,298.0,0.015231916192382951,0.39349995916590075
500.0,400.0,298.0,0.020000000000000004,0.4767238000706335
500.0,400.0,298.0,0.02288290047345013,0.5227469339581782
500.0,400.0,298.0,0.026181356703891212,0.5721927223529664
500.0,400.0,298.0,0.029955268985751946,0.6252094890196247
500.0,400.0,298.0,0.03427317194281946,0.6819465157850819
500.0,400.0,298.0,0.03921347912384905,0.74255426720538
500.0,400.0,298.0,0.04486590700043761,0.807184381664229
500.0,400.0,298.0,0.051333104227104166,0.8759893074030547
500.0,400.0,298.0,0.05873251575110334,0.9491214719690267
500.0,400.0,298.0,0.06719851562439198,1.02673189625242
500.0,400.0,298.0,0.07688484724982726,1.10896819849876
500.0,400.0,298.0,0.08796741537671066,1.1959719765670385
500.0,400.0,298.0,0.10064748054859585,1.287875604146289
500.0,400.0,298.0,0.11515531401485132,1.3847985239896254
500.0,400.0,298.0,0.131754379479537,1.4868431641170101
500.0,400.0,298.0,0.15074611762857124,1.5940906379865898
500.0,400.0,298.0,0.1724754203226801,1.706596414774305
500.0,400.0,298.0,0.1973368938680183,1.824386160332056
500.0,400.0,298.0,0.22578202510608278,1.9474519531703487
500.0,400.0,298.0,0.2583273804598255,2.0757490732675015
500.0,400.0,298.0,0.2955639868314636,2.209193544783185
500.0,400.0,298.0,0.33816806471002536,2.347660586646289
500.0,400.0,298.0,0.38691330840293764,2.490984087260755
500.0,400.0,298.0,0.4426849364018869,2.6389571716548264
500.0,400.0,298.0,0.5064957670389989,2.7913338731935187
500.0,400.0,298.0,0.5795046113688597,2.9478318614121948
500.0,400.0,298.0,0.6630373172929507,3.108136118494973
500.0,400.0,298.0,0.7586108470898982,3.27190340638851
500.0,400.0,298.0,0.8679608256018917,3.438767331059111
500.0,400.0,298.0,0.9930730593550847,3.608343794367744
500.0,400.0,298.0,1.1362195990043518,3.7802366283442197
500.0,400.0,298.0,1.3,3.954043228201829
500.0,400.0,323.0,0.001,0.014363758914722621
500.0,400.0,323.0,0.0013130324344878836,0.018720221969074236
500.0,400.0,323.0,0.0017240541740171785,0.02435010006598081
500.0,400.0,323.0,0.0022637390492987737,0.03159800789941455
500.0,400.0,323.0,0.002972362794946059,0.040887992650387915
500.0,400.0,323.0,0.003902808756829234,0.05273633153117328
500.0,400.0,323.0,0.00512451448332012,0.06776484276569306
500.0,400.0,323.0,0.0067286537276022365,0.08671426157857652
500.0,400.0,323.0,0.008834940584779547,0.11045669898979182
500.0,400.0,323.0,0.01160056354458889,0.14000531268823094
500.0,400.0,323.0,0.015231916192382951,0.17651841072518923
500.0,400.0,323.0,0.020000000000000004,0.22129497058446349
500.0,400.0,323.0,0.02288290047345013,0.24692110028146505
500.0,400.0,323.0,0.026181356703891212,0.2750961991551665
500.0,400.0,323.0,0.029955268985751946,0.3060073934205855
500.0,400.0,323.0,0.03427317194281946,0.3398459371430561
500.0,400.0,323.0,0.03921347912384905,0.37680617618989476
500.0,400.0,323.0,0.04486590700043761,0.4170845161761711
500.0,400.0,323.0,0.051333104227104166,0.46087842377238775
500.0,400.0,323.0,0.05873251575110334,0.508385478662191
500.0,400.0,323.0,0.06719851562439198,0.5598024772704248
500.0,400.0,323.0,0.07688484724982726,0.6153245703509408
500.0,400.0,323.0,0.08796741537671066,0.6751443963331886
500.0,400.0,323.0,0.10064748054859585,0.7394511531624205
500.0,400.0,323.0,0.11515531401485132,0.8084295358255679
500.0,400.0,323.0,0.131754379479537,0.8822584576141791
500.0,400.0,323.0,0.15074611762857124,0.9611094729973777
500.0,400.0,323.0,0.1724754203226801,1.0451448305677693
500.0,400.0,323.0,0.1973368938680183,1.1345151064153816
500.0,400.0,323.0,0.22578202510608278,1.229356400420017
500.0,400.0,323.0,0.2583273804598255,1.3297871177023348
500.0,400.0,323.0,0.2955639868314636,1.4359044010393842
500.0,400.0,323.0,0.33816806471002536,1.5477803231240181
500.0,400.0,323.0,0.38691330840293764,1.6654579860204362
500.0,400.0,323.0,0.4426849364018869,1.7889477056421768
500.0,400.0,323.0,0.5064957670389989,1.9182234790454515
500.0,400.0,323.0,0.5795046113688597,2.053219940037288
500.0,400.0,323.0,0.6630373172929507,2.1938300027932875
500.0,400.0,323.0,0.7586108470898982,2.3399033729989935
500.0,400.0,323.0,0.8679608256018917,2.4912460712138778
500.0,400.0,323.0,0.9930730593550847,2.647621064610807
500.0,400.0,323.0,1.1362195990043518,2.8087500436837907
500.0,400.0,323.0,1.3,2.974316314834899
500.0,500.0,273.0,0.001,0.4293136705794122
500.0,500.0,273.0,0.0013130324344878836,0.49751819491781557
500.0,500.0,273.0,0.0017240541740171785,0.5712223899983957
500.0,500.0,273.0,0.0022637390492987737,0.6501465628615732
500.0,500.0,273.0,0.002972362794946059,0.7341009555854878
500.0,500.0,273.0,0.003902808756829234,0.8230616047635391
500.0,500.0,273.0,0.00512451448332012,0.9172348591667423
500.0,500.0,273.0,0.0067286537276022365,1.0171062441560825
500.0,500.0,273.0,0.008834940584779547,1.123471447365787
500.0,500.0,273.0,0.01160056354458889,1.2374469766398377
500.0,500.0,273.0,0.015231916192382951,1.3604560670254098
500.0,500.0,273.0,0.020000000000000004,1.4941833693039082
500.0,500.0,273.0,0.02288290047345013,1.5648330472537624
500.0,500.0,273.0,0.026181356703891212,1.6387911853655739
500.0,500.0,273.0,0.029955268985751946,1.7162902898250922
500.0,500.0,273.0,0.03427317194281946,1.7975567836666713
500.0,500.0,273.0,0.03921347912384905,1.8828055798458914
500.0,500.0,273.0,0.04486590700043761,1.9722344290276494
500.0,500.0,273.0,0.051333104227104166,2.066018219785849
500.0,500.0,273.0,0.05873251575110334,2.164303428926973
500.0,500.0,273.0,0.06719851562439198,2.2672029302575853
500.0,500.0,273.0,0.07688484724982726,2.374791370943399
500.0,500.0,273.0,0.08796741537671066,2.487101315802053
500.0,500.0,273.0,0.10064748054859585,2.6041203416104066
500.0,500.0,273.0,0.11515531401485132,2.725789235633285
500.0,500.0,273.0,0.131754379479537,2.8520014145911503
500.0,500.0,273.0,0.15074611762857124,2.982603631773628
500.0,500.0,273.0,0.1724754203226801,3.1173979814786184
500.0,500.0,273.0,0.1973368938680183,3.2561451437233937
500.0,500.0,273.0,0.22578202510608278,3.3985687429327727
500.0,500.0,273.0,0.2583273804598255,3.54436062904138
500.0,500.0,273.0,0.2955639868314636,3.6931868364516265
500.0,500.0,273.0,0.33816806471002536,3.8446939434831844
500.0,500.0,273.0,0.38691330840293764,3.998515547868778
500.0,500.0,273.0,0.4426849364018869,4.154278593966012
500.0,500.0,273.0,0.5064957670389989,4.3116093312906925
500.0,500.0,273.0,0.5795046113688597,4.470138743955601
500.0,500.0,273.0,0.6630373172929507,4.629507356053906
500.0,500.0,273.0,0.7586108470898982,4.789369377965505
500.0,500.0,273.0,0.8679608256018917,4.949396204030613
500.0,500.0,273.0,0.9930730593550847,5.109279298009833
500.0,500.0,273.0,1.1362195990043518,5.268732509011819
500.0,500.0,273.0,1.3,5.4274938513274265
500.0,500.0,298.0,0.001,0.13175665259194
500.0,500.0,298.0,0.0013130324344878836,0.16313726341044585
500.0,500.0,298.0,0.0017240541740171785,0.20042982920694186
500.0,500.0,298.0,0.0022637390492987737,0.24422905036121256
500.0,500.0,298.0,0.002972362794946059,0.29503930392718564
500.0,500.0,298.0,0.003902808756829234,0.3532471619809518
500.0,500.0,298.0,0.00512451448332012,0.4191137183460216
500.0,500.0,298.0,0.0067286537276022365,0.49279376334758634
500.0,500.0,298.0,0.008834940584779547,0.574383840444711
500.0,500.0,298.0,0.01160056354458889,0.6639948002678076
500.0,500.0,298.0,0.015231916192382951,0.7618383291276135
500.0,500.0,298.0,0.020000000000000004,0.8683130201956625
500.0,500.0,298.0,0.02288290047345013,0.9243383099434435
500.0,500.0,298.0,0.026181356703891212,0.9827354461470003
500.0,500.0,298.0,0.029955268985751946,1.043629126384981
500.0,500.0,298.0,0.03427317194281946,1.1071626444269749
500.0,500.0,298.0,0.03921347912384905,1.173497135484021
500.0,500.0,298.0,0.04486590700043761,1.2428101507301361
500.0,500.0,298.0,0.051333104227104166,1.3152935400623988
500.0,500.0,298.0,0.05873251575110334,1.3911506340136601
500.0,500.0,298.0,0.06719851562439198,1.4705927316998177
500.0,500.0,298.0,0.07688484724982726,1.5538349225536132
500.0,500.0,298.0,0.08796741537671066,1.6410912954681067
500.0,500.0,298.0,0.10064748054859585,1.732569619096563
500.0,500.0,298.0,0.11515531401485132,1.8284656098999468
500.0,500.0,298.0,0.131754379479537,1.928956937954924
500.0,500.0,298.0,0.15074611762857124,2.0341971520102393
500.0,500.0,298.0,0.1724754203226801,2.1443097321411195
500.0,500.0,298.0,0.1973368938680183,2.2593824979792747
500.0,500.0,298.0,0.22578202510608278,2.379462610423555
500.0,500.0,298.0,0.2583273804598255,2.5045524026985886
500.0,500.0,298.0,0.2955639868314636,2.6346062606288676
500.0,500.0,298.0,0.33816806471002536,2.769528740503885
500.0,500.0,298.0,0.38691330840293764,2.909174065284486
500.0,500.0,298.0,0.4426849364018869,3.0533470770162814
500.0,500.0,298.0,0.5064957670389989,3.2018056482269697
500.0,500.0,298.0,0.5795046113688597,3.354264473411209
500.0,500.0,298.0,0.6630373172929507,3.510400081409072
500.0,500.0,298.0,0.7586108470898982,3.669856839820175
500.0,500.0,298.0,0.8679608256018917,3.832253672363571
500.0,500.0,298.0,0.9930730593550847,3.997191185583812
500.0,500.0,298.0,1.1362195990043518,4.164258904605936
500.0,500.0,298.0,1.3,4.333042345927974
500.0,500.0,323.0,0.001,0.03993008196132016
500.0,500.0,323.0,0.0013130324344878836,0.051205566815340255
500.0,500.0,323.0,0.0017240541740171785,0.06535389432077338
500.0,500.0,323.0,0.0022637390492987737,0.08297356666571563
500.0,500.0,323.0,0.002972362794946059,0.1047399824197835
500.0,500.0,323.0,0.003902808756829234,0.13139858158614312
500.0,500.0,323.0,0.00512451448332012,0.16374965992735185
500.0,500.0,323.0,0.0067286537276022365,0.20262365362207693
500.0,500.0,323.0,0.008834940584779547,0.24884848906383242
500.0,500.0,323.0,0.01160056354458889,0.3032143876710801
500.0,500.0,323.0,0.015231916192382951,0.3664448585741578
500.0,500.0,323.0,0.020000000000000004,0.4391839100314218
500.0,500.0,323.0,0.02288290047345013,0.4788414258258258
500.0,500.0,323.0,0.026181356703891212,0.5210307309930965
500.0,500.0,323.0,0.029955268985751946,0.5658174953974249
500.0,500.0,323.0,0.03427317194281946,0.6132693301657833
500.0,500.0,323.0,0.03921347912384905,0.6634580408564937
500.0,500.0,323.0,0.04486590700043761,0.716461948148796
500.0,500.0,323.0,0.051333104227104166,0.7723681337584486
500.0,500.0,323.0,0.05873251575110334,0.8312744618998364
500.0,500.0,323.0,0.06719851562439198,0.8932912286715918
500.0,500.0,323.0,0.07688484724982726,0.9585423027238911
500.0,500.0,323.0,0.08796741537671066,1.0271656390482504
500.0,500.0,323.0,0.10064748054859585,1.099313071787277
500.0,500.0,323.0,0.11515531401485132,1.175149319629016
500.0,500.0,323.0,0.131754379479537,1.2548501670094363
500.0,500.0,323.0,0.15074611762857124,1.3385998149077551
500.0,500.0,323.0,0.1724754203226801,1.4265874258934452
500.0,500.0,323.0,0.1973368938680183,1.519002919002669
500.0,500.0,323.0,0.22578202510608278,1.6160321008182503
500.0,500.0,323.0,0.2583273804598255,1.7178512495636458
500.0,500.0,323.0,0.2955639868314636,1.824621298698646
500.0,500.0,323.0,0.33816806471002536,1.9364817948100528
500.0,500.0,323.0,0.38691330840293764,2.0535448306147766
500.0,500.0,323.0,0.4426849364018869,2.175889176267686
500.0,500.0,323.0,0.5064957670389989,2.3035548488614426
500.0,500.0,323.0,0.5795046113688597,2.4365383682058943
500.0,500.0,323.0,0.6630373172929507,2.5747889432203097
500.0,500.0,323.0,0.7586108470898982,2.718205813993933
500.0,500.0,323.0,0.8679608256018917,2.8666369370299116
500.0,500.0,323.0,0.9930730593550847,3.0198791446226148
500.0,500.0,323.0,1.1362195990043518,3.1776798359378104
500.0,500.0,323.0,1.3,3.339740172764346
1000.0,0.0,273.0,0.001,0.022131310835488274
1000.0,0.0,273.0,0.0013130324344878836,0.028949372234534893
1000.0,0.0,273.0,0.0017240541740171785,0.03782591856536259
1000.0,0.0,273.0,0.0022637390492987737,0.04935468389092359
1000.0,0.0,273.0,0.002972362794946059,0.06428324279873578
1000.0,0.0,273.0,0.003902808756829234,0.08354272314760323
1000.0,0.0,273.0,0.00512451448332012,0.10827778623038033
1000.0,0.0,273.0,0.0067286537276022365,0.13987372775547133
1000.0,0.0,273.0,0.008834940584779547,0.1799761264963608
1000.0,0.0,273.0,0.01160056354458889,0.23049689215275743
1000.0,0.0,273.0,0.015231916192382951,0.293599036823163
1000.0,0.0,273.0,0.020000000000000004,0.3716514941650781
1000.0,0.0,273.0,0.02288290047345013,0.41653175194612924
1000.0,0.0,273.0,0.026181356703891212,0.4659805123174714
1000.0,0.0,273.0,0.029955268985751946,0.5202975044819111
1000.0,0.0,273.0,0.03427317194281946,0.5797725178811468
1000.0,0.0,273.0,0.03921347912384905,0.6446796211081207
1000.0,0.0,273.0,0.04486590700043761,0.7152710392317974
1000.0,0.0,273.0,0.051333104227104166,0.7917708659132715
1000.0,0.0,273.0,0.05873251575110334,0.8743688185353836
1000.0,0.0,273.0,0.06719851562439198,0.9632142682454662
1000.0,0.0,273.0,0.07688484724982726,1.0584107904466555
1000.0,0.0,273.0,0.08796741537671066,1.160011483467393
1000.0,0.0,273.0,0.10064748054859585,1.268015292692403
1000.0,0.0,273.0,0.11515531401485132,1.3823645531267053
1000.0,0.0,273.0,0.131754379479537,1.5029439239817663
1000.0,0.0,273.0,0.15074611762857124,1.6295808337000945
1000.0,0.0,273.0,0.1724754203226801,1.7620474834945852
1000.0,0.0,273.0,0.1973368938680183,1.9000643749269517
1000.0,0.0,273.0,0.22578202510608278,2.0433052382596295
1000.0,0.0,273.0,0.2583273804598255,2.1914031522036783
1000.0,0.0,273.0,0.2955639868314636,2.343957572994483
1000.0,0.0,273.0,0.33816806471002536,2.5005419419597588
1000.0,0.0,273.0,0.38691330840293764,2.6607115236347907
1000.0,0.0,273.0,0.4426849364018869,2.8240111437764024
1000.0,0.0,273.0,0.5064957670389989,2.989982544953069
1000.0,0.0,273.0,0.5795046113688597,3.158171147651661
1000.0,0.0,273.0,0.6630373172929507,3.328132084166247
1000.0,0.0,273.0,0.7586108470898982,3.4994354472004257
1000.0,0.0,273.0,0.8679608256018917,3.671670753664053
1000.0,0.0,273.0,0.9930730593550847,3.8444506598070167
1000.0,0.0,273.0,1.1362195990043518,4.017413975638473
1000.0,0.0,273.0,1.3,4.19022801896346
1000.0,0.0,298.0,0.001,0.008880251645204775
1000.0,0.0,298.0,0.0013130324344878836,0.011643170199037975
1000.0,0.0,298.0,0.0017240541740171785,0.015258967676562344
1000.0,0.0,298.0,0.0022637390492987737,0.019986203775570265
1000.0,0.0,298.0,0.002972362794946059,0.026158605416207133
1000.0,0.0,298.0,0.003902808756829234,0.034204795336771496
1000.0,0.0,298.0,0.00512451448332012,0.044671860095051995
1000.0,0.0,298.0,0.0067286537276022365,0.05825269377960018
1000.0,0.0,298.0,0.008834940584779547,0.0758165040988911
1000.0,0.0,298.0,0.01160056354458889,0.09844104669514005
1000.0,0.0,298.0,0.015231916192382951,0.1274440392139399
1000.0,0.0,298.0,0.020000000000000004,0.1644098137010029
1000.0,0.0,298.0,0.02288290047345013,0.18619195404966768
1000.0,0.0,298.0,0.026181356703891212,0.21062450094655738
1000.0,0.0,298.0,0.029955268985751946,0.23797549165738532
1000.0,0.0,298.0,0.03427317194281946,0.26852845162337446
1000.0,0.0,298.0,0.03921347912384905,0.3025808722437244
1000.0,0.0,298.0,0.04486590700043761,0.3404420993606053
1000.0,0.0,298.0,0.051333104227104166,0.38243057499867905
1000.0,0.0,298.0,0.05873251575110334,0.42887039067916294
1000.0,0.0,298.0,0.06719851562439198,0.48008713370949785
1000.0,0.0,298.0,0.07688484724982726,0.5364030381975208
1000.0,0.0,298.0,0.08796741537671066,0.5981314891730317
1000.0,0.0,298.0,0.10064748054859585,0.6655709691933561
1000.0,0.0,298.0,0.11515531401485132,0.7389985794804307
1000.0,0.0,298.0,0.131754379479537,0.8186633088988983
1000.0,0.0,298.0,0.15074611762857124,0.9047792608593099
1000.0,0.0,298.0,0.1724754203226801,0.9975190777803871
1000.0,0.0,298.0,0.1973368938680183,1.0970078228100886
1000.0,0.0,298.0,0.22578202510608278,1.2033175872115283
1000.0,0.0,298.0,0.2583273804598255,1.3164630874325831
1000.0,0.0,298.0,0.2955639868314636,1.43639849660912
1000.0,0.0,298.0,0.33816806471002536,1.5630157193448269
1000.0,0.0,298.0,0.38691330840293764,1.696144264869527
1000.0,0.0,298.0,0.4426849364018869,1.8355528024040069
1000.0,0.0,298.0,0.5064957670389989,1.9809523966167186
1000.0,0.0,298.0,0.5795046113688597,2.132001326589763
1000.0,0.0,298.0,0.6630373172929507,2.2883112980190816
1000.0,0.0,298.0,0.7586108470898982,2.4494547766785284
1000.0,0.0,298.0,0.8679608256018917,2.614973112404263
1000.0,0.0,298.0,0.9930730593550847,2.784385095000925
1000.0,0.0,298.0,1.1362195990043518,2.9571955893945114
1000.0,0.0,298.0,1.3,3.1329039337889903
1000.0,0.0,323.0,0.001,0.004088457822275885
1000.0,0.0,323.0,0.0013130324344878836,0.005364893274511664
1000.0,0.0,323.0,0.0017240541740171785,0.007038463566567826
1000.0,0.0,323.0,0.0022637390492987737,0.009231749172257976
1000.0,0.0,323.0,0.002972362794946059,0.012104475699483787
1000.0,0.0,323.0,0.003902808756829234,0.015864290092336118
1000.0,0.0,323.0,0.00512451448332012,0.020780337246225716
1000.0,0.0,323.0,0.0067286537276022365,0.0272001489967417
1000.0,0.0,323.0,0.008834940584779547,0.03557030834800592
1000.0,0.0,323.0,0.01160056354458889,0.04646119041738749
1000.0,0.0,323.0,0.015231916192382951,0.06059574956024219
1000.0,0.0,323.0,0.020000000000000004,0.0788817559609667
1000.0,0.0,323.0,0.02288290047345013,0.08979377097912297
1000.0,0.0,323.0,0.026181356703891212,0.10215062769998101
1000.0,0.0,323.0,0.029955268985751946,0.1161267029078234
1000.0,0.0,323.0,0.03427317194281946,0.13191326127044736
1000.0,0.0,323.0,0.03921347912384905,0.14971913268740403
1000.0,0.0,323.0,0.04486590700043761,0.16977119008104458
1000.0,0.0,323.0,0.051333104227104166,0.19231456915426487
1000.0,0.0,323.0,0.05873251575110334,0.21761256532771925
1000.0,0.0,323.0,0.06719851562439198,0.24594613767350418
1000.0,0.0,323.0,0.07688484724982726,0.2776129459595961
1000.0,0.0,323.0,0.08796741537671066,0.31292584595771894
1000.0,0.0,323.0,0.10064748054859585,0.35221077122504735
1000.0,0.0,323.0,0.11515531401485132,0.39580393802554104
1000.0,0.0,323.0,0.131754379479537,0.4440483251644436
1000.0,0.0,323.0,0.15074611762857124,0.49728940311237446
1000.0,0.0,323.0,0.1724754203226801,0.5558701170352123
1000.0,0.0,323.0,0.1973368938680183,0.6201251654560845
1000.0,0.0,323.0,0.22578202510608278,0.6903746585328682
1000.0,0.0,323.0,0.2583273804598255,0.7669172848032613
1000.0,0.0,323.0,0.2955639868314636,0.8500231596929515
1000.0,0.0,323.0,0.33816806471002536,0.9399265699438665
1000.0,0.0,323.0,0.38691330840293764,1.036818862443991
1000.0,0.0,323.0,0.4426849364018869,1.1408417511214655
1000.0,0.0,323.0,0.5064957670389989,1.2520813292823334
1000.0,0.0,323.0,0.5795046113688597,1.3705630747944073
1000.0,0.0,323.0,0.6630373172929507,1.496248119582102
1000.0,0.0,323.0,0.7586108470898982,1.6290310208523608
1000.0,0.0,323.0,0.8679608256018917,1.7687392178875125
1000.0,0.0,323.0,0.9930730593550847,1.9151342853699111
1000.0,0.0,323.0,1.1362195990043518,2.0679150050305464
1000.0,0.0,323.0,1.3,2.226722178296671
1000.0,100.0,273.0,0.001,0.025109527838145854
1000.0,100.0,273.0,0.0013130324344878836,0.03280863125172258
1000.0,100.0,273.0,0.0017240541740171785,0.04280935619274196
1000.0,100.0,273.0,0.0022637390492987737,0.055762518990539967
1000.0,100.0,273.0,0.002972362794946059,0.07248119385669093
1000.0,100.0,273.0,0.003902808756829234,0.09396963105540891
1000.0,100.0,273.0,0.00512451448332012,0.12145168303147362
1000.0,100.0,273.0,0.0067286537276022365,0.15639547854990968
1000.0,100.0,273.0,0.008834940584779547,0.20052944223586416
1000.0,100.0,273.0,0.01160056354458889,0.25584274742334095
1000.0,100.0,273.0,0.015231916192382951,0.32456136215743076
1000.0,100.0,273.0,0.020000000000000004,0.409090038112331
1000.0,100.0,273.0,0.02288290047345013,0.45748985251776086
1000.0,100.0,273.0,0.026181356703891212,0.5106612403145264
1000.0,100.0,273.0,0.029955268985751946,0.5688936081494502
1000.0,100.0,273.0,0.03427317194281946,0.632461849656201
1000.0,100.0,273.0,0.03921347912384905,0.7016203221920668
1000.0,100.0,273.0,0.04486590700043761,0.776596666072619
1000.0,100.0,273.0,0.051333104227104166,0.8575856730347641
1000.0,100.0,273.0,0.05873251575110334,0.9447434294167936
1000.0,100.0,273.0,0.06719851562439198,1.0381819679746314
1000.0,100.0,273.0,0.07688484724982726,1.1379646597447006
1000.0,100.0,273.0,0.08796741537671066,1.2441025636093772
1000.0,100.0,273.0,0.10064748054859585,1.3565519259227907
1000.0,100.0,273.0,0.11515531401485132,1.4752129853292077
1000.0,100.0,273.0,0.131754379479537,1.599930188526684
1000.0,100.0,273.0,0.15074611762857124,1.730493861710393
1000.0,100.0,273.0,0.1724754203226801,1.866643311795355
1000.0,100.0,273.0,0.1973368938680183,2.008071255439723
1000.0,100.0,273.0,0.22578202510608278,2.154429398861221
1000.0,100.0,273.0,0.2583273804598255,2.30533492571171
1000.0,100.0,273.0,0.2955639868314636,2.4603776025166604
1000.0,100.0,273.0,0.33816806471002536,2.6191271886124663
1000.0,100.0,273.0,0.38691330840293764,2.7811408439822607
1000.0,100.0,273.0,0.4426849364018869,2.9459702630578737
1000.0,100.0,273.0,0.5064957670389989,3.1131683195895294
1000.0,100.0,273.0,0.5795046113688597,3.2822950772153727
1000.0,100.0,273.0,0.6630373172929507,3.452923090491959
1000.0,100.0,273.0,0.7586108470898982,3.624641980511393
1000.0,100.0,273.0,0.8679608256018917,3.797062309455842
1000.0,100.0,273.0,0.9930730593550847,3.969818795857622
1000.0,100.0,273.0,1.1362195990043518,4.14257290855531
1000.0,100.0,273.0,1.3,4.315014858570801
1000.0,100.0,298.0,0.001,0.009943960463716855
1000.0,100.0,298.0,0.0013130324344878836,0.013032749248485053
1000.0,100.0,298.0,0.0017240541740171785,0.01707152809701958
1000.0,100.0,298.0,0.0022637390492987737,0.022346000353205966
1000.0,100.0,298.0,0.002972362794946059,0.02922350269591747
1000.0,100.0,298.0,0.003902808756829234,0.03817363083119045
1000.0,100.0,298.0,0.00512451448332012,0.04979249374987048
1000.0,100.0,298.0,0.0067286537276022365,0.06483036397727272
1000.0,100.0,298.0,0.008834940584779547,0.08422194404840348
1000.0,100.0,298.0,0.01160056354458889,0.10911768535211505
1000.0,100.0,298.0,0.015231916192382951,0.14091351368306604
1000.0,100.0,298.0,0.020000000000000004,0.18127485569854704
1000.0,100.0,298.0,0.02288290047345013,0.20498337867305413
1000.0,100.0,298.0,0.026181356703891212,0.23151851734865547
1000.0,100.0,298.0,0.029955268985751946,0.26115683748562285
1000.0,100.0,298.0,0.03427317194281946,0.29418941825732564
1000.0,100.0,298.0,0.03921347912384905,0.3309199559489235
1000.0,100.0,298.0,0.04486590700043761,0.37166221520595116
1000.0,100.0,298.0,0.051333104227104166,0.41673677930886466
1000.0,100.0,298.0,0.05873251575110334,0.46646707627886774
1000.0,100.0,298.0,0.06719851562439198,0.5211746905113243
1000.0,100.0,298.0,0.07688484724982726,0.5811740085528906
1000.0,100.0,298.0,0.08796741537671066,0.6467662901339641
1000.0,100.0,298.0,0.10064748054859585,0.7182332985518972
1000.0,100.0,298.0,0.11515531401485132,0.7958306646717294
1000.0,100.0,298.0,0.131754379479537,0.879781193105267
1000.0,100.0,298.0,0.15074611762857124,0.970268345069352
1000.0,100.0,298.0,0.1724754203226801,1.0674301482669657
1000.0,100.0,298.0,0.1973368938680183,1.1713537887700844
1000.0,100.0,298.0,0.22578202510608278,1.2820711325476846
1000.0,100.0,298.0,0.2583273804598255,1.3995554042486087
1000.0,100.0,298.0,0.2955639868314636,1.5237192173014547
1000.0,100.0,298.0,0.33816806471002536,1.6544141016643266
1000.0,100.0,298.0,0.38691330840293764,1.7914316137606077
1000.0,100.0,298.0,0.4426849364018869,1.9345060390402153
1000.0,100.0,298.0,0.5064957670389989,2.0833186153909273
1000.0,100.0,298.0,0.5795046113688597,2.2375031221221495
1000.0,100.0,298.0,0.6630373172929507,2.3966526033250113
1000.0,100.0,298.0,0.7586108470898982,2.5603269354927893
1000.0,100.0,298.0,0.8679608256018917,2.728060915246151
1000.0,100.0,298.0,0.9930730593550847,2.8993725381340876
1000.0,100.0,298.0,1.1362195990043518,3.073771163099944
1000.0,100.0,298.0,1.3,3.2507653035334574
1000.0,100.0,323.0,0.001,0.004524939076960347
1000.0,100.0,323.0,0.0013130324344878836,0.0059367581348339265
1000.0,100.0,323.0,0.0017240541740171785,0.007787205958857639
1000.0,100.0,323.0,0.0022637390492987737,0.010211233968809125
1000.0,100.0,323.0,0.002972362794946059,0.013384391605418083
1000.0,100.0,323.0,0.003902808756829234,0.017534412087909467
1000.0,100.0,323.0,0.00512451448332012,0.02295569185991573
1000.0,100.0,323.0,0.0067286537276022365,0.030027126579690238
1000.0,100.0,323.0,0.008834940584779547,0.03923367972324371
1000.0,100.0,323.0,0.01160056354458889,0.051191857196446686
1000.0,100.0,323.0,0.015231916192382951,0.06667889700052393
1000.0,100.0,323.0,0.020000000000000004,0.08666491002740691
1000.0,100.0,323.0,0.02288290047345013,0.09856703917665195
1000.0,100.0,323.0,0.026181356703891212,0.11202490685550143
1000.0,100.0,323.0,0.029955268985751946,0.12722217782898265
1000.0,100.0,323.0,0.03427317194281946,0.1443596217162793
1000.0,100.0,323.0,0.03921347912384905,0.16365569646110906
1000.0,100.0,323.0,0.04486590700043761,0.18534691011914617
1000.0,100.0,323.0,0.051333104227104166,0.20968789595597695
1000.0,100.0,323.0,0.05873251575110334,0.23695112786708844
1000.0,100.0,323.0,0.06719851562439198,0.26742619680977486
1000.0,100.0,323.0,0.07688484724982726,0.30141856569312747
1000.0,100.0,323.0,0.08796741537671066,0.33924772163622324
1000.0,100.0,323.0,0.10064748054859585,0.38124465230534565
1000.0,100.0,323.0,0.11515531401485132,0.42774858851621433
1000.0,100.0,323.0,0.131754379479537,0.47910297916395544
1000.0,100.0,323.0,0.15074611762857124,0.5356506966640295
1000.0,100.0,323.0,0.1724754203226801,0.5977285102565636
1000.0,100.0,323.0,0.1973368938680183,0.6656609085425107
1000.0,100.0,323.0,0.22578202510608278,0.7397533985035728
1000.0,100.0,323.0,0.2583273804598255,0.8202854526407852
1000.0,100.0,323.0,0.2955639868314636,0.9075033154433999
1000.0,100.0,323.0,0.33816806471002536,1.0016129123108233
1000.0,100.0,323.0,0.38691330840293764,1.1027731260821239
1000.0,100.0,323.0,0.4426849364018869,1.2110897168690558
1000.0,100.0,323.0,0.5064957670389989,1.3266101586943595
1000.0,100.0,323.0,0.5795046113688597,1.449319650350416
1000.0,100.0,323.0,0.6630373172929507,1.5791385267452238
1000.0,100.0,323.0,0.7586108470898982,1.7159212498720477
1000.0,100.0,323.0,0.8679608256018917,1.8594570954136127
1000.0,100.0,323.0,0.9930730593550847,2.009472573657748
1000.0,100.0,323.0,1.1362195990043518,2.1656355361973563
1000.0,100.0,323.0,1.3,2.327560829887756
1000.0,200.0,273.0,0.001,0.03231853134871974
1000.0,200.0,273.0,0.0013130324344878836,0.04207524989416095
1000.0,200.0,273.0,0.0017240541740171785,0.054660572967826046
1000.0,200.0,273.0,0.0022637390492987737,0.07083024287496244
1000.0,200.0,273.0,0.002972362794946059,0.09151085842514202
1000.0,200.0,273.0,0.003902808756829234,0.1178252452313196
1000.0,200.0,273.0,0.00512451448332012,0.15111553205562572
1000.0,200.0,273.0,0.0067286537276022365,0.19295958544809333
1000.0,200.0,273.0,0.008834940584779547,0.24517433165500163
1000.0,200.0,273.0,0.01160056354458889,0.30979784393707016
1000.0,200.0,273.0,0.015231916192382951,0.38904199125430167
1000.0,200.0,273.0,0.020000000000000004,0.48520977321112163
1000.0,200.0,273.0,0.02288290047345013,0.5397163207356931
1000.0,200.0,273.0,0.026181356703891212,0.5991819954497531
1000.0,200.0,273.0,0.029955268985751946,0.6638540978199876
1000.0,200.0,273.0,0.03427317194281946,0.7339593695899306
1000.0,200.0,273.0,0.03921347912384905,0.8096988642452939
1000.0,200.0,273.0,0.04486590700043761,0.891242963907197
1000.0,200.0,273.0,0.051333104227104166,0.9787267062654262
1000.0,200.0,273.0,0.05873251575110334,1.0722455832053526
1000.0,200.0,273.0,0.06719851562439198,1.171851963444058
1000.0,200.0,273.0,0.07688484724982726,1.2775522756560695
1000.0,200.0,273.0,0.08796741537671066,1.389305067631813
1000.0,200.0,273.0,0.10064748054859585,1.5070200324149303
1000.0,200.0,273.0,0.11515531401485132,1.6305580650683917
1000.0,200.0,273.0,0.131754379479537,1.7597323838534433
1000.0,200.0,273.0,0.15074611762857124,1.8943107165316775
1000.0,200.0,273.0,0.1724754203226801,2.034018515381296
1000.0,200.0,273.0,0.1973368938680183,2.178543123250785
1000.0,200.0,273.0,0.22578202510608278,2.327538769129296
1000.0,200.0,273.0,0.2583273804598255,2.4806322290257805
1000.0,200.0,273.0,0.2955639868314636,2.637428951981344
1000.0,200.0,273.0,0.33816806471002536,2.797519427969776
1000.0,200.0,273.0,0.38691330840293764,2.960485569277635
1000.0,200.0,273.0,0.4426849364018869,3.125906891776769
1000.0,200.0,273.0,0.5064957670389989,3.2933663153987895
1000.0,200.0,273.0,0.5795046113688597,3.462455448285593
1000.0,200.0,273.0,0.6630373172929507,3.6327792681214643
1000.0,200.0,273.0,0.7586108470898982,3.803960158198419
1000.0,200.0,273.0,0.8679608256018917,3.975641287850072
1000.0,200.0,273.0,0.9930730593550847,4.147489343700731
1000.0,200.0,273.0,1.1362195990043518,4.31919662079933
1000.0,200.0,273.0,1.3,4.490482476077865
1000.0,200.0,298.0,0.001,0.012334340599388413
1000.0,200.0,298.0,0.0013130324344878836,0.016145966871771247
1000.0,200.0,298.0,0.0017240541740171785,0.021116850502087618
1000.0,200.0,298.0,0.0022637390492987737,0.02758746377971735
1000.0,200.0,298.0,0.002972362794946059,0.03599092648175229
1000.0,200.0,298.0,0.003902808756829234,0.0468741862588251
1000.0,200.0,298.0,0.00512451448332012,0.0609221188357235
1000.0,200.0,298.0,0.0067286537276022365,0.07898412007177358
1000.0,200.0,298.0,0.008834940584779547,0.10210226113536608
1000.0,200.0,298.0,0.01160056354458889,0.13153923501830725
1000.0,200.0,298.0,0.015231916192382951,0.1688029365028591
1000.0,200.0,298.0,0.020000000000000004,0.21566250951182028
1000.0,200.0,298.0,0.02288290047345013,0.24299153870630555
1000.0,200.0,298.0,0.026181356703891212,0.27342707579663533
1000.0,200.0,298.0,0.029955268985751946,0.3072498700172236
1000.0,200.0,298.0,0.03427317194281946,0.34475157982502547
1000.0,200.0,298.0,0.03921347912384905,0.3862321458061277
1000.0,200.0,298.0,0.04486590700043761,0.43199653209055544
1000.0,200.0,298.0,0.051333104227104166,0.4823508427222339
1000.0,200.0,298.0,0.05873251575110334,0.537597849631288
1000.0,200.0,298.0,0.06719851562439198,0.5980320009223984
1000.0,200.0,298.0,0.07688484724982726,0.6639340102298725
1000.0,200.0,298.0,0.08796741537671066,0.7355651578823201
1000.0,200.0,298.0,0.10064748054859585,0.813161460555965
1000.0,200.0,298.0,0.11515531401485132,0.8969278861177469
1000.0,200.0,298.0,0.131754379479537,0.9870328029455577
1000.0,200.0,298.0,0.15074611762857124,1.083602857170879
1000.0,200.0,298.0,0.1724754203226801,1.1867184667032649
1000.0,200.0,298.0,0.1973368938680183,1.2964101079521333
1000.0,200.0,298.0,0.22578202510608278,1.4126555507888519
1000.0,200.0,298.0,0.2583273804598255,1.5353781706341523
1000.0,200.0,298.0,0.2955639868314636,1.6644464345710182
1000.0,200.0,298.0,0.33816806471002536,1.7996746215667139
1000.0,200.0,298.0,0.38691330840293764,1.9408247953084363
1000.0,200.0,298.0,0.4426849364018869,2.0876100018993
1000.0,200.0,298.0,0.5064957670389989,2.239698614567149
1000.0,200.0,298.0,0.5795046113688597,2.3967196959404737
1000.0,200.0,298.0,0.6630373172929507,2.5582691994812237
1000.0,200.0,298.0,0.7586108470898982,2.723916790856984
1000.0,200.0,298.0,0.8679608256018917,2.89321304310653
1000.0,200.0,298.0,0.9930730593550847,3.0656967506855533
1000.0,200.0,298.0,1.1362195990043518,3.2409021182135493
1000.0,200.0,298.0,1.3,3.418365607620356
1000.0,200.0,323.0,0.001,0.0054389748350848945
1000.0,200.0,323.0,0.0013130324344878836,0.007132890495859849
1000.0,200.0,323.0,0.0017240541740171785,0.009350919342832224
1000.0,200.0,323.0,0.0022637390492987737,0.012252842866136465
1000.0,200.0,323.0,0.002972362794946059,0.016045548464828988
1000.0,200.0,323.0,0.003902808756829234,0.020995884362422924
1000.0,200.0,323.0,0.00512451448332012,0.027446403118458494
1000.0,200.0,323.0,0.0067286537276022365,0.03583430559929838
1000.0,200.0,323.0,0.008834940584779547,0.04671375989360029
1000.0,200.0,323.0,0.01160056354458889,0.06078154161108243
1000.0,200.0,323.0,0.015231916192382951,0.07890559433829154
1000.0,200.0,323.0,0.020000000000000004,0.10215557956640846
1000.0,200.0,323.0,0.02288290047345013,0.11593553787618613
1000.0,200.0,323.0,0.026181356703891212,0.13146338280529785
1000.0,200.0,323.0,0.029955268985751946,0.14893581040428025
1000.0,200.0,323.0,0.03427317194281946,0.16856637426554003
1000.0,200.0,323.0,0.03921347912384905,0.19058580725072674
1000.0,200.0,323.0,0.04486590700043761,0.21524205690506068
1000.0,200.0,323.0,0.051333104227104166,0.24279995892039266
1000.0,200.0,323.0,0.05873251575110334,0.27354046901219725
1000.0,200.0,323.0,0.06719851562439198,0.30775937427965655
1000.0,200.0,323.0,0.07688484724982726,0.34576541173640785
1000.0,200.0,323.0,0.08796741537671066,0.3878777350279437
1000.0,200.0,323.0,0.10064748054859585,0.43442269060757466
1000.0,200.0,323.0,0.11515531401485132,0.4857298913803483
1000.0,200.0,323.0,0.131754379479537,0.5421276079327934
1000.0,200.0,323.0,0.15074611762857124,0.6039375332466291
1000.0,200.0,323.0,0.1724754203226801,0.6714690140953566
1000.0,200.0,323.0,0.1973368938680183,0.7450128787193432
1000.0,200.0,323.0,0.22578202510608278,0.8248350233758928
1000.0,200.0,323.0,0.2583273804598255,0.9111699476275805
1000.0,200.0,323.0,0.2955639868314636,1.0042144477985255
1000.0,200.0,323.0,0.33816806471002536,1.1041216884877831
1000.0,200.0,323.0,0.38691330840293764,1.2109958726517394
1000.0,200.0,323.0,0.4426849364018869,1.3248877215009724
1000.0,200.0,323.0,0.5064957670389989,1.4457909567877503
1000.0,200.0,323.0,0.5795046113688597,1.573639950759074
1000.0,200.0,323.0,0.6630373172929507,1.7083086738933642
1000.0,200.0,323.0,0.7586108470898982,1.8496110281468476
1000.0,200.0,323.0,0.8679608256018917,1.9973026043625302
1000.0,200.0,323.0,0.9930730593550847,2.1510838476142666
1000.0,200.0,323.0,1.1362195990043518,2.310604555335099
1000.0,200.0,323.0,1.3,2.475469573257139
1000.0,300.0,273.0,0.001,0.05359971635814383
1000.0,300.0,273.0,0.0013130324344878836,0.06894938597158891
1000.0,300.0,273.0,0.0017240541740171785,0.08834782846981615
1000.0,300.0,273.0,0.0022637390492987737,0.11271826879501169
1000.0,300.0,273.0,0.002972362794946059,0.14314261731407313
1000.0,300.0,273.0,0.003902808756829234,0.18086901601048
1000.0,300.0,273.0,0.00512451448332012,0.22730970379493023
1000.0,300.0,273.0,0.0067286537276022365,0.28402584784644447
1000.0,300.0,273.0,0.008834940584779547,0.3526977417902143
1000.0,300.0,273.0,0.01160056354458889,0.4350809602002239
1000.0,300.0,273.0,0.015231916192382951,0.5329505790838533
1000.0,300.0,273.0,0.020000000000000004,0.6480357745224006
1000.0,300.0,273.0,0.02288290047345013,0.7118012549057962
1000.0,300.0,273.0,0.026181356703891212,0.7803506038727223
1000.0,300.0,273.0,0.029955268985751946,0.8538477001667162
1000.0,300.0,273.0,0.03427317194281946,0.9324391928422968
1000.0,300.0,273.0,0.03921347912384905,1.016251702733974
1000.0,300.0,273.0,0.04486590700043761,1.1053889476860104
1000.0,300.0,273.0,0.051333104227104166,1.199928835111646
1000.0,300.0,273.0,0.05873251575110334,1.2999205874570032
1000.0,300.0,273.0,0.06719851562439198,1.405381990664892
1000.0,300.0,273.0,0.07688484724982726,1.5162968803684251
1000.0,300.0,273.0,0.08796741537671066,1.632613002027107
1000.0,300.0,273.0,0.10064748054859585,1.7542403956498382
1000.0,300.0,273.0,0.11515531401485132,1.881050459027911
1000.0,300.0,273.0,0.131754379479537,2.0128758318488598
1000.0,300.0,273.0,0.15074611762857124,2.1495112142231703
1000.0,300.0,273.0,0.1724754203226801,2.290715186662987
1000.0,300.0,273.0,0.1973368938680183,2.436213036863569
1000.0,300.0,273.0,0.22578202510608278,2.585700527370226
1000.0,300.0,273.0,0.2583273804598255,2.7388484657920986
1000.0,300.0,273.0,0.2955639868314636,2.895307875721398
1000.0,300.0,273.0,0.33816806471002536,3.0547155217785513
1000.0,300.0,273.0,0.38691330840293764,3.2166995236717404
1000.0,300.0,273.0,0.4426849364018869,3.38088480497977
1000.0,300.0,273.0,0.5064957670389989,3.546898160385824
1000.0,300.0,273.0,0.5795046113688597,3.714372783106961
1000.0,300.0,273.0,0.6630373172929507,3.8829521615559957
1000.0,300.0,273.0,0.7586108470898982,4.052293318997656
1000.0,300.0,273.0,0.8679608256018917,4.222069421818193
1000.0,300.0,273.0,0.9930730593550847,4.391971814460441
1000.0,300.0,273.0,1.1362195990043518,4.561711550465243
1000.0,300.0,273.0,1.3,4.731020482629067
1000.0,300.0,298.0,0.001,0.018772463702954822
1000.0,300.0,298.0,0.0013130324344878836,0.024471414528771978
1000.0,300.0,298.0,0.0017240541740171785,0.03184074041233275
1000.0,300.0,298.0,0.0022637390492987737,0.04133620175068989
1000.0,300.0,298.0,0.002972362794946059,0.05352135541030443
1000.0,300.0,298.0,0.003902808756829234,0.06908654304651941
1000.0,300.0,298.0,0.00512451448332012,0.08886918002106432
1000.0,300.0,298.0,0.0067286537276022365,0.11387441480316414
1000.0,300.0,298.0,0.008834940584779547,0.1452941553352027
1000.0,300.0,298.0,0.01160056354458889,0.18452096284696795
1000.0,300.0,298.0,0.015231916192382951,0.23315191033167812
1000.0,300.0,298.0,0.020000000000000004,0.2929769871182747
1000.0,300.0,298.0,0.02288290047345013,0.32728771273234397
1000.0,300.0,298.0,0.026181356703891212,0.3650577159647228
1000.0,300.0,298.0,0.029955268985751946,0.4065386946794062
1000.0,300.0,298.0,0.03427317194281946,0.4519844778305559
1000.0,300.0,298.0,0.03921347912384905,0.5016483567443971
1000.0,300.0,298.0,0.04486590700043761,0.5557801665626678
1000.0,300.0,298.0,0.051333104227104166,0.6146231528096668
1000.0,300.0,298.0,0.05873251575110334,0.6784106617340747
1000.0,300.0,298.0,0.06719851562439198,0.747362696406395
1000.0,300.0,298.0,0.07688484724982726,0.8216823837084926
1000.0,300.0,298.0,0.08796741537671066,0.9015524004360234
1000.0,300.0,298.0,0.10064748054859585,0.9871314099390196
1000.0,300.0,298.0,0.11515531401485132,1.0785505645045554
1000.0,300.0,298.0,0.131754379479537,1.175910133808882
1000.0,300.0,298.0,0.15074611762857124,1.2792763271604717
1000.0,300.0,298.0,0.1724754203226801,1.3886783876084412
1000.0,300.0,298.0,0.1973368938680183,1.5041060492151752
1000.0,300.0,298.0,0.22578202510608278,1.6255074635161495
1000.0,300.0,298.0,0.2583273804598255,1.7527877144960913
1000.0,300.0,298.0,0.2955639868314636,1.8858080490085125
1000.0,300.0,298.0,0.33816806471002536,2.024385946494117
1000.0,300.0,298.0,0.38691330840293764,2.168296133649489
1000.0,300.0,298.0,0.4426849364018869,2.3172726137975346
1000.0,300.0,298.0,0.5064957670389989,2.4710117277049175
1000.0,300.0,298.0,0.5795046113688597,2.6291761968889134
1000.0,300.0,298.0,0.6630373172929507,2.7914000300175466
1000.0,300.0,298.0,0.7586108470898982,2.9572941080284476
1000.0,300.0,298.0,0.8679608256018917,3.126452214365781
1000.0,300.0,298.0,0.9930730593550847,3.2984572512275308
1000.0,300.0,298.0,1.1362195990043518,3.4728873845683808
1000.0,300.0,298.0,1.3,3.649321888174796
1000.0,300.0,323.0,0.001,0.007672789824812928
1000.0,300.0,323.0,0.0013130324344878836,0.010048336897703245
1000.0,300.0,323.0,0.0017240541740171785,0.013149348089767273
1000.0,300.0,323.0,0.0022637390492987737,0.017190781371784217
1000.0,300.0,323.0,0.002972362794946059,0.022447218163769475
1000.0,300.0,323.0,0.003902808756829234,0.02926713392996236
1000.0,300.0,323.0,0.00512451448332012,0.03808951866183423
1000.0,300.0,323.0,0.0067286537276022365,0.049462855692776635
1000.0,300.0,323.0,0.008834940584779547,0.06406635795029832
1000.0,300.0,323.0,0.01160056354458889,0.08273317651184114
1000.0,300.0,323.0,0.015231916192382951,0.10647488867989563
1000.0,300.0,323.0,0.020000000000000004,0.13650571946929976
1000.0,300.0,323.0,0.02288290047345013,0.15411060092968684
1000.0,300.0,323.0,0.026181356703891212,0.1737959526162654
1000.0,300.0,323.0,0.029955268985751946,0.1957711876013934
1000.0,300.0,323.0,0.03427317194281946,0.22025991681032817
1000.0,300.0,323.0,0.03921347912384905,0.2474994764588831
1000.0,300.0,323.0,0.04486590700043761,0.27774008973609265
1000.0,300.0,323.0,0.051333104227104166,0.31124362317095605
1000.0,300.0,323.0,0.05873251575110334,0.3482819094978201
1000.0,300.0,323.0,0.06719851562439198,0.3891346224306117
1000.0,300.0,323.0,0.07688484724982726,0.4340867036081491
1000.0,300.0,323.0,0.08796741537671066,0.483425357193947
1000.0,300.0,323.0,0.10064748054859585,0.5374366425254864
1000.0,300.0,323.0,0.11515531401485132,0.5964017093676295
1000.0,300.0,323.0,0.131754379479537,0.6605927334495745
1000.0,300.0,323.0,0.15074611762857124,0.7302686217945457
1000.0,300.0,323.0,0.1724754203226801,0.8056705675374407
1000.0,300.0,323.0,0.1973368938680183,0.8870175420250682
1000.0,300.0,323.0,0.22578202510608278,0.9745018176115563
1000.0,300.0,323.0,0.2583273804598255,1.0682846176019263
1000.0,300.0,323.0,0.2955639868314636,1.1684919907025104
1000.0,300.0,323.0,0.33816806471002536,1.2752110071565566
1000.0,300.0,323.0,0.38691330840293764,1.3884863738970816
1000.0,300.0,323.0,0.4426849364018869,1.5083175677718403
1000.0,300.0,323.0,0.5064957670389989,1.6346565894974814
1000.0,300.0,323.0,0.5795046113688597,1.7674064452177884
1000.0,300.0,323.0,0.6630373172929507,1.9064204643018674
1000.0,300.0,323.0,0.7586108470898982,2.0515025568620886
1000.0,300.0,323.0,0.8679608256018917,2.202408497661127
1000.0,300.0,323.0,0.9930730593550847,2.358848291158491
1000.0,300.0,323.0,1.1362195990043518,2.520489624786259
1000.0,300.0,323.0,1.3,2.6869623572822245
1000.0,400.0,273.0,0.001,0.13110813562670354
1000.0,400.0,273.0,0.0013130324344878836,0.1632038113850238
1000.0,400.0,273.0,0.0017240541740171785,0.2017659294720079
1000.0,400.0,273.0,0.0022637390492987737,0.24764420042862517
1000.0,400.0,273.0,0.002972362794946059,0.30167615349190885
1000.0,400.0,273.0,0.003902808756829234,0.3646688749095959
1000.0,400.0,273.0,0.00512451448332012,0.43739586536038433
1000.0,400.0,273.0,0.0067286537276022365,0.5206135977010593
1000.0,400.0,273.0,0.008834940584779547,0.6150969011340324
1000.0,400.0,273.0,0.01160056354458889,0.7216853962868146
1000.0,400.0,273.0,0.015231916192382951,0.8413267323188246
1000.0,400.0,273.0,0.020000000000000004,0.9750988508250544
1000.0,400.0,273.0,0.02288290047345013,1.0468264795764644
1000.0,400.0,273.0,0.026181356703891212,1.12245086266911
1000.0,400.0,273.0,0.029955268985751946,1.2021239667235357
1000.0,400.0,273.0,0.03427317194281946,1.2859949735612537
1000.0,400.0,273.0,0.03921347912384905,1.374206277332644
1000.0,400.0,273.0,0.04486590700043761,1.4668891107916626
1000.0,400.0,273.0,0.051333104227104166,1.5641589612731466
1000.0,400.0,273.0,0.05873251575110334,1.6661109507279985
1000.0,400.0,273.0,0.06719851562439198,1.7728153601768881
1000.0,400.0,273.0,0.07688484724982726,1.8843134779845092
1000.0,400.0,273.0,0.08796741537671066,2.0006139442774713
1000.0,400.0,273.0,0.10064748054859585,2.1216897510823207
1000.0,400.0,273.0,0.11515531401485132,2.2474760391433133
1000.0,400.0,273.0,0.131754379479537,2.3778688070563585
1000.0,400.0,273.0,0.15074611762857124,2.5127246152541503
1000.0,400.0,273.0,0.1724754203226801,2.6518613259270882
1000.0,400.0,273.0,0.1973368938680183,2.795059870972363
1000.0,400.0,273.0,0.22578202510608278,2.9420669864031526
1000.0,400.0,273.0,0.2583273804598255,3.092598798406295
1000.0,400.0,273.0,0.2955639868314636,3.246345100076709
1000.0,400.0,273.0,0.33816806471002536,3.402974125652878
1000.0,400.0,273.0,0.38691330840293764,3.5621376161148643
1000.0,400.0,273.0,0.4426849364018869,3.723475978325345
1000.0,400.0,273.0,0.5064957670389989,3.88662336735409
1000.0,400.0,273.0,0.5795046113688597,4.051212562081167
1000.0,400.0,273.0,0.6630373172929507,4.216879548804316
1000.0,400.0,273.0,0.7586108470898982,4.383267767038357
1000.0,400.0,273.0,0.8679608256018917,4.550031998481263
1000.0,400.0,273.0,0.9930730593550847,4.716841890442745
1000.0,400.0,273.0,1.1362195990043518,4.883385099675958
1000.0,400.0,273.0,1.3,5.049370026489563
1000.0,400.0,298.0,0.001,0.04052715777174814
1000.0,400.0,298.0,0.0013130324344878836,0.0520992571225668
1000.0,400.0,298.0,0.0017240541740171785,0.06669203381018927
1000.0,400.0,298.0,0.0022637390492987737,0.0849728147824886
1000.0,400.0,298.0,0.002972362794946059,0.10771399077539559
1000.0,400.0,298.0,0.003902808756829234,0.13579560209891556
1000.0,400.0,298.0,0.00512451448332012,0.17020148533721022
1000.0,400.0,298.0,0.0067286537276022365,0.21200714474380555
1000.0,400.0,298.0,0.008834940584779547,0.26235954902779374
1000.0,400.0,298.0,0.01160056354458889,0.3224520213833565
1000.0,400.0,298.0,0.015231916192382951,0.39349995916590075
1000.0,400.0,298.0,0.020000000000000004,0.4767238000706335
1000.0,400.0,298.0,0.02288290047345013,0.5227469339581782
1000.0,400.0,298.0,0.026181356703891212,0.5721927223529664
1000.0,400.0,298.0,0.029955268985751946,0.6252094890196247
1000.0,400.0,298.0,0.03427317194281946,0.6819465157850819
1000.0,400.0,298.0,0.03921347912384905,0.74255426720538
1000.0,400.0,298.0,0.04486590700043761,0.807184381664229
1000.0,400.0,298.0,0.051333104227104166,0.8759893074030547
1000.0,400.0,298.0,0.05873251575110334,0.9491214719690267
1000.0,400.0,298.0,0.06719851562439198,1.02673189625242
1000.0,400.0,298.0,0.07688484724982726,1.10896819849876
1000.0,400.0,298.0,0.08796741537671066,1.1959719765670385
1000.0,400.0,298.0,0.10064748054859585,1.287875604146289
1000.0,400.0,298.0,0.11515531401485132,1.3847985239896254
1000.0,400.0,298.0,0.131754379479537,1.4868431641170101
1000.0,400.0,298.0,0.15074611762857124,1.5940906379865898
1000.0,400.0,298.0,0.1724754203226801,1.706596414774305
1000.0,400.0,298.0,0.1973368938680183,1.824386160332056
1000.0,400.0,298.0,0.22578202510608278,1.9474519531703487
1000.0,400.0,298.0,0.2583273804598255,2.0757490732675015
1000.0,400.0,298.0,0.2955639868314636,2.209193544783185
1000.0,400.0,298.0,0.33816806471002536,2.347660586646289
1000.0,400.0,298.0,0.38691330840293764,2.490984087260755
1000.0,400.0,298.0,0.4426849364018869,2.6389571716548264
1000.0,400.0,298.0,0.5064957670389989,2.7913338731935187
1000.0,400.0,298.0,0.5795046113688597,2.9478318614121948
1000.0,400.0,298.0,0.6630373172929507,3.108136118494973
1000.0,400.0,298.0,0.7586108470898982,3.27190340638851
1000.0,400.0,298.0,0.8679608256018917,3.438767331059111
1000.0,400.0,298.0,0.9930730593550847,3.608343794367744
1000.0,400.0,298.0,1.1362195990043518,3.7802366283442197
1000.0,400.0,298.0,1.3,3.954043228201829
1000.0,400.0,323.0,0.001,0.014363758914722621
1000.0,400.0,323.0,0.0013130324344878836,0.018720221969074236
1000.0,400.0,323.0,0.0017240541740171785,0.02435010006598081
1000.0,400.0,323.0,0.0022637390492987737,0.03159800789941455
1000.0,400.0,323.0,0.002972362794946059,0.040887992650387915
1000.0,400.0,323.0,0.003902808756829234,0.05273633153117328
1000.0,400.0,323.0,0.00512451448332012,0.06776484276569306
1000.0,400.0,323.0,0.0067286537276022365,0.08671426157857652
1000.0,400.0,323.0,0.008834940584779547,0.11045669898979182
1000.0,400.0,323.0,0.01160056354458889,0.14000531268823094
1000.0,400.0,323.0,0.015231916192382951,0.17651841072518923
1000.0,400.0,323.0,0.020000000000000004,0.22129497058446349
1000.0,400.0,323.0,0.02288290047345013,0.24692110028146505
1000.0,400.0,323.0,0.026181356703891212,0.2750961991551665
1000.0,400.0,323.0,0.029955268985751946,0.3060073934205855
1000.0,400.0,323.0,0.03427317194281946,0.3398459371430561
1000.0,400.0,323.0,0.03921347912384905,0.37680617618989476
1000.0,400.0,323.0,0.04486590700043761,0.4170845161761711
1000.0,400.0,323.0,0.051333104227104166,0.46087842377238775
1000.0,400.0,323.0,0.05873251575110334,0.508385478662191
1000.0,400.0,323.0,0.06719851562439198,0.5598024772704248
1000.0,400.0,323.0,0.07688484724982726,0.6153245703509408
1000.0,400.0,323.0,0.08796741537671066,0.6751443963331886
1000.0,400.0,323.0,0.10064748054859585,0.7394511531624205
1000.0,400.0,323.0,0.11515531401485132,0.8084295358255679
1000.0,400.0,323.0,0.131754379479537,0.8822584576141791
1000.0,400.0,323.0,0.15074611762857124,0.9611094729973777
1000.0,400.0,323.0,0.1724754203226801,1.0451448305677693
1000.0,400.0,323.0,0.1973368938680183,1.1345151064153816
1000.0,400.0,323.0,0.22578202510608278,1.229356400420017
1000.0,400.0,323.0,0.2583273804598255,1.3297871177023348
1000.0,400.0,323.0,0.2955639868314636,1.4359044010393842
1000.0,400.0,323.0,0.33816806471002536,1.5477803231240181
1000.0,400.0,323.0,0.38691330840293764,1.6654579860204362
1000.0,400.0,323.0,0.4426849364018869,1.7889477056421768
1000.0,400.0,323.0,0.5064957670389989,1.9182234790454515
1000.0,400.0,323.0,0.5795046113688597,2.053219940037288
1000.0,400.0,323.0,0.6630373172929507,2.1938300027932875
1000.0,400.0,323.0,0.7586108470898982,2.3399033729989935
1000.0,400.0,323.0,0.8679608256018917,2.4912460712138778
1000.0,400.0,323.0,0.9930730593550847,2.647621064610807
1000.0,400.0,323.0,1.1362195990043518,2.8087500436837907
1000.0,400.0,323.0,1.3,2.974316314834899
1000.0,500.0,273.0,0.001,0.4293136705794122
1000.0,500.0,273.0,0.0013130324344878836,0.49751819491781557
1000.0,500.0,273.0,0.0017240541740171785,0.5712223899983957
1000.0,500.0,273.0,0.0022637390492987737,0.6501465628615732
1000.0,500.0,273.0,0.002972362794946059,0.7341009555854878
1000.0,500.0,273.0,0.003902808756829234,0.8230616047635391
1000.0,500.0,273.0,0.00512451448332012,0.9172348591667423
1000.0,500.0,273.0,0.0067286537276022365,1.0171062441560825
1000.0,500.0,273.0,0.008834940584779547,1.123471447365787
1000.0,500.0,273.0,0.01160056354458889,1.2374469766398377
1000.0,500.0,273.0,0.015231916192382951,1.3604560670254098
1000.0,500.0,273.0,0.020000000000000004,1.4941833693039082
1000.0,500.0,273.0,0.02288290047345013,1.5648330472537624
1000.0,500.0,273.0,0.026181356703891212,1.6387911853655739
1000.0,500.0,273.0,0.029955268985751946,1.7162902898250922
1000.0,500.0,273.0,0.03427317194281946,1.7975567836666713
1000.0,500.0,273.0,0.03921347912384905,1.8828055798458914
1000.0,500.0,273.0,0.04486590700043761,1.9722344290276494
1000.0,500.0,273.0,0.051333104227104166,2.066018219785849
1000.0,500.0,273.0,0.05873251575110334,2.164303428926973
1000.0,500.0,273.0,0.06719851562439198,2.2672029302575853
1000.0,500.0,273.0,0.07688484724982726,2.374791370943399
1000.0,500.0,273.0,0.08796741537671066,2.487101315802053
1000.0,500.0,273.0,0.10064748054859585,2.6041203416104066
1000.0,500.0,273.0,0.11515531401485132,2.725789235633285
1000.0,500.0,273.0,0.131754379479537,2.8520014145911503
1000.0,500.0,273.0,0.15074611762857124,2.982603631773628
1000.0,500.0,273.0,0.1724754203226801,3.1173979814786184
1000.0,500.0,273.0,0.1973368938680183,3.2561451437233937
1000.0,500.0,273.0,0.22578202510608278,3.3985687429327727
1000.0,500.0,273.0,0.2583273804598255,3.54436062904138
1000.0,500.0,273.0,0.2955639868314636,3.6931868364516265
1000.0,500.0,273.0,0.33816806471002536,3.8446939434831844
1000.0,500.0,273.0,0.38691330840293764,3.998515547868778
1000.0,500.0,273.0,0.4426849364018869,4.154278593966012
1000.0,500.0,273.0,0.5064957670389989,4.3116093312906925
1000.0,500.0,273.0,0.5795046113688597,4.470138743955601
1000.0,500.0,273.0,0.6630373172929507,4.629507356053906
1000.0,500.0,273.0,0.7586108470898982,4.789369377965505
1000.0,500.0,273.0,0.8679608256018917,4.949396204030613
1000.0,500.0,273.0,0.9930730593550847,5.109279298009833
1000.0,500.0,273.0,1.1362195990043518,5.268732509011819
1000.0,500.0,273.0,1.3,5.4274938513274265
1000.0,500.0,298.0,0.001,0.13175665259194
1000.0,500.0,298.0,0.0013130324344878836,0.16313726341044585
1000.0,500.0,298.0,0.0017240541740171785,0.20042982920694186
1000.0,500.0,298.0,0.0022637390492987737,0.24422905036121256
1000.0,500.0,298.0,0.002972362794946059,0.29503930392718564
1000.0,500.0,298.0,0.003902808756829234,0.3532471619809518
1000.0,500.0,298.0,0.00512451448332012,0.4191137183460216
1000.0,500.0,298.0,0.0067286537276022365,0.49279376334758634
1000.0,500.0,298.0,0.008834940584779547,0.574383840444711
1000.0,500.0,298.0,0.01160056354458889,0.6639948002678076
1000.0,500.0,298.0,0.015231916192382951,0.7618383291276135
1000.0,500.0,298.0,0.020000000000000004,0.8683130201956625
1000.0,500.0,298.0,0.02288290047345013,0.9243383099434435
1000.0,500.0,298.0,0.026181356703891212,0.9827354461470003
1000.0,500.0,298.0,0.029955268985751946,1.043629126384981
1000.0,500.0,298.0,0.03427317194281946,1.1071626444269749
1000.0,500.0,298.0,0.03921347912384905,1.173497135484021
1000.0,500.0,298.0,0.04486590700043761,1.2428101507301361
1000.0,500.0,298.0,0.051333104227104166,1.3152935400623988
1000.0,500.0,298.0,0.05873251575110334,1.3911506340136601
1000.0,500.0,298.0,0.06719851562439198,1.4705927316998177
1000.0,500.0,298.0,0.07688484724982726,1.5538349225536132
1000.0,500.0,298.0,0.08796741537671066,1.6410912954681067
1000.0,500.0,298.0,0.10064748054859585,1.732569619096563
1000.0,500.0,298.0,0.11515531401485132,1.8284656098999468
1000.0,500.0,298.0,0.131754379479537,1.928956937954924
1000.0,500.0,298.0,0.15074611762857124,2.0341971520102393
1000.0,500.0,298.0,0.1724754203226801,2.1443097321411195
1000.0,500.0,298.0,0.1973368938680183,2.2593824979792747
1000.0,500.0,298.0,0.22578202510608278,2.379462610423555
1000.0,500.0,298.0,0.2583273804598255,2.5045524026985886
1000.0,500.0,298.0,0.2955639868314636,2.6346062606288676
1000.0,500.0,298.0,0.33816806471002536,2.769528740503885
1000.0,500.0,298.0,0.38691330840293764,2.909174065284486
1000.0,500.0,298.0,0.4426849364018869,3.0533470770162814
1000.0,500.0,298.0,0.5064957670389989,3.2018056482269697
1000.0,500.0,298.0,0.5795046113688597,3.354264473411209
1000.0,500.0,298.0,0.6630373172929507,3.510400081409072
1000.0,500.0,298.0,0.7586108470898982,3.669856839820175
1000.0,500.0,298.0,0.8679608256018917,3.832253672363571
1000.0,500.0,298.0,0.9930730593550847,3.997191185583812
1000.0,500.0,298.0,1.1362195990043518,4.164258904605936
1000.0,500.0,298.0,1.3,4.333042345927974
1000.0,500.0,323.0,0.001,0.03993008196132016
1000.0,500.0,323.0,0.0013130324344878836,0.051205566815340255
1000.0,500.0,323.0,0.0017240541740171785,0.06535389432077338
1000.0,500.0,323.0,0.0022637390492987737,0.08297356666571563
1000.0,500.0,323.0,0.002972362794946059,0.1047399824197835
1000.0,500.0,323.0,0.003902808756829234,0.13139858158614312
1000.0,500.0,323.0,0.00512451448332012,0.16374965992735185
1000.0,500.0,323.0,0.0067286537276022365,0.20262365362207693
1000.0,500.0,323.0,0.008834940584779547,0.24884848906383242
1000.0,500.0,323.0,0.01160056354458889,0.3032143876710801
1000.0,500.0,323.0,0.015231916192382951,0.3664448585741578
1000.0,500.0,323.0,0.020000000000000004,0.4391839100314218
1000.0,500.0,323.0,0.02288290047345013,0.4788414258258258
1000.0,500.0,323.0,0.026181356703891212,0.5210307309930965
1000.0,500.0,323.0,0.029955268985751946,0.5658174953974249
1000.0,500.0,323.0,0.03427317194281946,0.6132693301657833
1000.0,500.0,323.0,0.03921347912384905,0.6634580408564937
1000.0,500.0,323.0,0.04486590700043761,0.716461948148796
1000.0,500.0,323.0,0.051333104227104166,0.7723681337584486
1000.0,500.0,323.0,0.05873251575110334,0.8312744618998364
1000.0,500.0,323.0,0.06719851562439198,0.8932912286715918
1000.0,500.0,323.0,0.07688484724982726,0.9585423027238911
1000.0,500.0,323.0,0.08796741537671066,1.0271656390482504
1000.0,500.0,323.0,0.10064748054859585,1.099313071787277
1000.0,500.0,323.0,0.11515531401485132,1.175149319629016
1000.0,500.0,323.0,0.131754379479537,1.2548501670094363
1000.0,500.0,323.0,0.15074611762857124,1.3385998149077551
1000.0,500.0,323.0,0.1724754203226801,1.4265874258934452
1000.0,500.0,323.0,0.1973368938680183,1.519002919002669
1000.0,500.0,323.0,0.22578202510608278,1.6160321008182503
1000.0,500.0,323.0,0.2583273804598255,1.7178512495636458
1000.0,500.0,323.0,0.2955639868314636,1.824621298698646
1000.0,500.0,323.0,0.33816806471002536,1.9364817948100528
1000.0,500.0,323.0,0.38691330840293764,2.0535448306147766
1000.0,500.0,323.0,0.4426849364018869,2.175889176267686
1000.0,500.0,323.0,0.5064957670389989,2.3035548488614426
1000.0,500.0,323.0,0.5795046113688597,2.4365383682058943
1000.0,500.0,323.0,0.6630373172929507,2.5747889432203097
1000.0,500.0,323.0,0.7586108470898982,2.718205813993933
1000.0,500.0,323.0,0.8679608256018917,2.8666369370299116
1000.0,500.0,323.0,0.9930730593550847,3.0198791446226148
1000.0,500.0,323.0,1.1362195990043518,3.1776798359378104
1000.0,500.0,323.0,1.3,3.339740172764346
2000.0,0.0,273.0,0.001,0.022131310835488274
2000.0,0.0,273.0,0.0013130324344878836,0.028949372234534893
2000.0,0.0,273.0,0.0017240541740171785,0.03782591856536259
2000.0,0.0,273.0,0.0022637390492987737,0.04935468389092359
2000.0,0.0,273.0,0.002972362794946059,0.06428324279873578
2000.0,0.0,273.0,0.003902808756829234,0.08354272314760323
2000.0,0.0,273.0,0.00512451448332012,0.10827778623038033
2000.0,0.0,273.0,0.0067286537276022365,0.13987372775547133
2000.0,0.0,273.0,0.008834940584779547,0.1799761264963608
2000.0,0.0,273.0,0.01160056354458889,0.23049689215275743
2000.0,0.0,273.0,0.015231916192382951,0.293599036823163
2000.0,0.0,273.0,0.020000000000000004,0.3716514941650781
2000.0,0.0,273.0,0.02288290047345013,0.41653175194612924
2000.0,0.0,273.0,0.026181356703891212,0.4659805123174714
2000.0,0.0,273.0,0.029955268985751946,0.5202975044819111
2000.0,0.0,273.0,0.03427317194281946,0.5797725178811468
2000.0,0.0,273.0,0.03921347912384905,0.6446796211081207
2000.0,0.0,273.0,0.04486590700043761,0.7152710392317974
2000.0,0.0,273.0,0.051333104227104166,0.7917708659132715
2000.0,0.0,273.0,0.05873251575110334,0.8743688185353836
2000.0,0.0,273.0,0.06719851562439198,0.9632142682454662
2000.0,0.0,273.0,0.07688484724982726,1.0584107904466555
2000.0,0.0,273.0,0.08796741537671066,1.160011483467393
2000.0,0.0,273.0,0.10064748054859585,1.268015292692403
2000.0,0.0,273.0,0.11515531401485132,1.3823645531267053
2000.0,0.0,273.0,0.131754379479537,1.5029439239817663
2000.0,0.0,273.0,0.15074611762857124,1.6295808337000945
2000.0,0.0,273.0,0.1724754203226801,1.7620474834945852
2000.0,0.0,273.0,0.1973368938680183,1.9000643749269517
2000.0,0.0,273.0,0.22578202510608278,2.0433052382596295
2000.0,0.0,273.0,0.2583273804598255,2.1914031522036783
2000.0,0.0,273.0,0.2955639868314636,2.343957572994483
2000.0,0.0,273.0,0.33816806471002536,2.5005419419597588
2000.0,0.0,273.0,0.38691330840293764,2.6607115236347907
2000.0,0.0,273.0,0.4426849364018869,2.8240111437764024
2000.0,0.0,273.0,0.5064957670389989,2.989982544953069
2000.0,0.0,273.0,0.5795046113688597,3.158171147651661
2000.0,0.0,273.0,0.6630373172929507,3.328132084166247
2000.0,0.0,273.0,0.7586108470898982,3.4994354472004257
2000.0,0.0,273.0,0.8679608256018917,3.671670753664053
2000.0,0.0,273.0,0.9930730593550847,3.8444506598070167
2000.0,0.0,273.0,1.1362195990043518,4.017413975638473
2000.0,0.0,273.0,1.3,4.19022801896346
2000.0,0.0,298.0,0.001,0.008880251645204775
2000.0,0.0,298.0,0.0013130324344878836,0.011643170199037975
2000.0,0.0,298.0,0.0017240541740171785,0.015258967676562344
2000.0,0.0,298.0,0.0022637390492987737,0.019986203775570265
2000.0,0.0,298.0,0.002972362794946059,0.026158605416207133
2000.0,0.0,298.0,0.003902808756829234,0.034204795336771496
2000.0,0.0,298.0,0.00512451448332012,0.044671860095051995
2000.0,0.0,298.0,0.0067286537276022365,0.05825269377960018
2000.0,0.0,298.0,0.008834940584779547,0.0758165040988911
2000.0,0.0,298.0,0.01160056354458889,0.09844104669514005
2000.0,0.0,298.0,0.015231916192382951,0.1274440392139399
2000.0,0.0,298.0,0.020000000000000004,0.1644098137010029
2000.0,0.0,298.0,0.02288290047345013,0.18619195404966768
2000.0,0.0,298.0,0.026181356703891212,0.21062450094655738
2000.0,0.0,298.0,0.029955268985751946,0.23797549165738532
2000.0,0.0,298.0,0.03427317194281946,0.26852845162337446
2000.0,0.0,298.0,0.03921347912384905,0.3025808722437244
2000.0,0.0,298.0,0.04486590700043761,0.3404420993606053
2000.0,0.0,298.0,0.051333104227104166,0.38243057499867905
2000.0,0.0,298.0,0.05873251575110334,0.42887039067916294
2000.0,0.0,298.0,0.06719851562439198,0.48008713370949785
2000.0,0.0,298.0,0.07688484724982726,0.5364030381975208
2000.0,0.0,298.0,0.08796741537671066,0.5981314891730317
2000.0,0.0,298.0,0.10064748054859585,0.6655709691933561
2000.0,0.0,298.0,0.11515531401485132,0.7389985794804307
2000.0,0.0,298.0,0.131754379479537,0.8186633088988983
2000.0,0.0,298.0,0.15074611762857124,0.9047792608593099
2000.0,0.0,298.0,0.1724754203226801,0.9975190777803871
2000.0,0.0,298.0,0.1973368938680183,1.0970078228100886
2000.0,0.0,298.0,0.22578202510608278,1.2033175872115283
2000.0,0.0,298.0,0.2583273804598255,1.3164630874325831
2000.0,0.0,298.0,0.2955639868314636,1.43639849660912
2000.0,0.0,298.0,0.33816806471002536,1.5630157193448269
2000.0,0.0,298.0,0.38691330840293764,1.696144264869527
2000.0,0.0,298.0,0.4426849364018869,1.8355528024040069
2000.0,0.0,298.0,0.5064957670389989,1.9809523966167186
2000.0,0.0,298.0,0.5795046113688597,2.132001326589763
2000.0,0.0,298.0,0.6630373172929507,2.2883112980190816
2000.0,0.0,298.0,0.7586108470898982,2.4494547766785284
2000.0,0.0,298.0,0.8679608256018917,2.614973112404263
2000.0,0.0,298.0,0.9930730593550847,2.784385095000925
2000.0,0.0,298.0,1.1362195990043518,2.9571955893945114
2000.0,0.0,298.0,1.3,3.1329039337889903
2000.0,0.0,323.0,0.001,0.004088457822275885
2000.0,0.0,323.0,0.0013130324344878836,0.005364893274511664
2000.0,0.0,323.0,0.0017240541740171785,0.007038463566567826
2000.0,0.0,323.0,0.0022637390492987737,0.009231749172257976
2000.0,0.0,323.0,0.002972362794946059,0.012104475699483787
2000.0,0.0,323.0,0.003902808756829234,0.015864290092336118
2000.0,0.0,323.0,0.00512451448332012,0.020780337246225716
2000.0,0.0,323.0,0.0067286537276022365,0.0272001489967417
2000.0,0.0,323.0,0.008834940584779547,0.03557030834800592
2000.0,0.0,323.0,0.01160056354458889,0.04646119041738749
2000.0,0.0,323.0,0.015231916192382951,0.06059574956024219
2000.0,0.0,323.0,0.020000000000000004,0.0788817559609667
2000.0,0.0,323.0,0.02288290047345013,0.08979377097912297
2000.0,0.0,323.0,0.026181356703891212,0.10215062769998101
2000.0,0.0,323.0,0.029955268985751946,0.1161267029078234
2000.0,0.0,323.0,0.03427317194281946,0.13191326127044736
2000.0,0.0,323.0,0.03921347912384905,0.14971913268740403
2000.0,0.0,323.0,0.04486590700043761,0.16977119008104458
2000.0,0.0,323.0,0.051333104227104166,0.19231456915426487
2000.0,0.0,323.0,0.05873251575110334,0.21761256532771925
2000.0,0.0,323.0,0.06719851562439198,0.24594613767350418
2000.0,0.0,323.0,0.07688484724982726,0.2776129459595961
2000.0,0.0,323.0,0.08796741537671066,0.31292584595771894
2000.0,0.0,323.0,0.10064748054859585,0.35221077122504735
2000.0,0.0,323.0,0.11515531401485132,0.39580393802554104
2000.0,0.0,323.0,0.131754379479537,0.4440483251644436
2000.0,0.0,323.0,0.15074611762857124,0.49728940311237446
2000.0,0.0,323.0,0.1724754203226801,0.5558701170352123
2000.0,0.0,323.0,0.1973368938680183,0.6201251654560845
2000.0,0.0,323.0,0.22578202510608278,0.6903746585328682
2000.0,0.0,323.0,0.2583273804598255,0.7669172848032613
2000.0,0.0,323.0,0.2955639868314636,0.8500231596929515
2000.0,0.0,323.0,0.33816806471002536,0.9399265699438665
2000.0,0.0,323.0,0.38691330840293764,1.036818862443991
2000.0,0.0,323.0,0.4426849364018869,1.1408417511214655
2000.0,0.0,323.0,0.5064957670389989,1.2520813292823334
2000.0,0.0,323.0,0.5795046113688597,1.3705630747944073
2000.0,0.0,323.0,0.6630373172929507,1.496248119582102
2000.0,0.0,323.0,0.7586108470898982,1.6290310208523608
2000.0,0.0,323.0,0.8679608256018917,1.7687392178875125
2000.0,0.0,323.0,0.9930730593550847,1.9151342853699111
2000.0,0.0,323.0,1.1362195990043518,2.0679150050305464
2000.0,0.0,323.0,1.3,2.226722178296671
2000.0,100.0,273.0,0.001,0.025109527838145854
2000.0,100.0,273.0,0.0013130324344878836,0.03280863125172258
2000.0,100.0,273.0,0.0017240541740171785,0.04280935619274196
2000.0,100.0,273.0,0.0022637390492987737,0.055762518990539967
2000.0,100.0,273.0,0.002972362794946059,0.07248119385669093
2000.0,100.0,273.0,0.003902808756829234,0.09396963105540891
2000.0,100.0,273.0,0.00512451448332012,0.12145168303147362
2000.0,100.0,273.0,0.0067286537276022365,0.15639547854990968
2000.0,100.0,273.0,0.008834940584779547,0.20052944223586416
2000.0,100.0,273.0,0.01160056354458889,0.25584274742334095
2000.0,100.0,273.0,0.015231916192382951,0.32456136215743076
2000.0,100.0,273.0,0.020000000000000004,0.409090038112331
2000.0,100.0,273.0,0.02288290047345013,0.45748985251776086
2000.0,100.0,273.0,0.026181356703891212,0.5106612403145264
2000.0,100.0,273.0,0.029955268985751946,0.5688936081494502
2000.0,100.0,273.0,0.03427317194281946,0.632461849656201
2000.0,100.0,273.0,0.03921347912384905,0.7016203221920668
2000.0,100.0,273.0,0.04486590700043761,0.776596666072619
2000.0,100.0,273.0,0.051333104227104166,0.8575856730347641
2000.0,100.0,273.0,0.05873251575110334,0.9447434294167936
2000.0,100.0,273.0,0.06719851562439198,1.0381819679746314
2000.0,100.0,273.0,0.07688484724982726,1.1379646597447006
2000.0,100.0,273.0,0.08796741537671066,1.2441025636093772
2000.0,100.0,273.0,0.10064748054859585,1.3565519259227907
2000.0,100.0,273.0,0.11515531401485132,1.4752129853292077
2000.0,100.0,273.0,0.131754379479537,1.599930188526684
2000.0,100.0,273.0,0.15074611762857124,1.730493861710393
2000.0,100.0,273.0,0.1724754203226801,1.866643311795355
2000.0,100.0,273.0,0.1973368938680183,2.008071255439723
2000.0,100.0,273.0,0.22578202510608278,2.154429398861221
2000.0,100.0,273.0,0.2583273804598255,2.30533492571171
2000.0,100.0,273.0,0.2955639868314636,2.4603776025166604
2000.0,100.0,273.0,0.33816806471002536,2.6191271886124663
2000.0,100.0,273.0,0.38691330840293764,2.7811408439822607
2000.0,100.0,273.0,0.4426849364018869,2.9459702630578737
2000.0,100.0,273.0,0.5064957670389989,3.1131683195895294
2000.0,100.0,273.0,0.5795046113688597,3.2822950772153727
2000.0,100.0,273.0,0.6630373172929507,3.452923090491959
2000.0,100.0,273.0,0.7586108470898982,3.624641980511393
2000.0,100.0,273.0,0.8679608256018917,3.797062309455842
2000.0,100.0,273.0,0.9930730593550847,3.969818795857622
2000.0,100.0,273.0,1.1362195990043518,4.14257290855531
2000.0,100.0,273.0,1.3,4.315014858570801
2000.0,100.0,298.0,0.001,0.009943960463716855
2000.0,100.0,298.0,0.0013130324344878836,0.013032749248485053
2000.0,100.0,298.0,0.0017240541740171785,0.01707152809701958
2000.0,100.0,298.0,0.0022637390492987737,0.022346000353205966
2000.0,100.0,298.0,0.002972362794946059,0.02922350269591747
2000.0,100.0,298.0,0.003902808756829234,0.03817363083119045
2000.0,100.0,298.0,0.00512451448332012,0.04979249374987048
2000.0,100.0,298.0,0.0067286537276022365,0.06483036397727272
2000.0,100.0,298.0,0.008834940584779547,0.08422194404840348
2000.0,100.0,298.0,0.01160056354458889,0.10911768535211505
2000.0,100.0,298.0,0.015231916192382951,0.14091351368306604
2000.0,100.0,298.0,0.020000000000000004,0.18127485569854704
2000.0,100.0,298.0,0.02288290047345013,0.20498337867305413
2000.0,100.0,298.0,0.026181356703891212,0.23151851734865547
2000.0,100.0,298.0,0.029955268985751946,0.26115683748562285
2000.0,100.0,298.0,0.03427317194281946,0.29418941825732564
2000.0,100.0,298.0,0.03921347912384905,0.3309199559489235
2000.0,100.0,298.0,0.04486590700043761,0.37166221520595116
2000.0,100.0,298.0,0.051333104227104166,0.41673677930886466
2000.0,100.0,298.0,0.05873251575110334,0.46646707627886774
2000.0,100.0,298.0,0.06719851562439198,0.5211746905113243
2000.0,100.0,298.0,0.07688484724982726,0.5811740085528906
2000.0,100.0,298.0,0.08796741537671066,0.6467662901339641
2000.0,100.0,298.0,0.10064748054859585,0.7182332985518972
2000.0,100.0,298.0,0.11515531401485132,0.7958306646717294
2000.0,100.0,298.0,0.131754379479537,0.879781193105267
2000.0,100.0,298.0,0.15074611762857124,0.970268345069352
2000.0,100.0,298.0,0.1724754203226801,1.0674301482669657
2000.0,100.0,298.0,0.1973368938680183,1.1713537887700844
2000.0,100.0,298.0,0.22578202510608278,1.2820711325476846
2000.0,100.0,298.0,0.2583273804598255,1.3995554042486087
2000.0,100.0,298.0,0.2955639868314636,1.5237192173014547
2000.0,100.0,298.0,0.33816806471002536,1.6544141016643266
2000.0,100.0,298.0,0.38691330840293764,1.7914316137606077
2000.0,100.0,298.0,0.4426849364018869,1.9345060390402153
2000.0,100.0,298.0,0.5064957670389989,2.0833186153909273
2000.0,100.0,298.0,0.5795046113688597,2.2375031221221495
2000.0,100.0,298.0,0.6630373172929507,2.3966526033250113
2000.0,100.0,298.0,0.7586108470898982,2.5603269354927893
2000.0,100.0,298.0,0.8679608256018917,2.728060915246151
2000.0,100.0,298.0,0.9930730593550847,2.8993725381340876
2000.0,100.0,298.0,1.1362195990043518,3.073771163099944
2000.0,100.0,298.0,1.3,3.2507653035334574
2000.0,100.0,323.0,0.001,0.004524939076960347
2000.0,100.0,323.0,0.0013130324344878836,0.0059367581348339265
2000.0,100.0,323.0,0.0017240541740171785,0.007787205958857639
2000.0,100.0,323.0,0.0022637390492987737,0.010211233968809125
2000.0,100.0,323.0,0.002972362794946059,0.013384391605418083
2000.0,100.0,323.0,0.003902808756829234,0.017534412087909467
2000.0,100.0,323.0,0.00512451448332012,0.02295569185991573
2000.0,100.0,323.0,0.0067286537276022365,0.030027126579690238
2000.0,100.0,323.0,0.008834940584779547,0.03923367972324371
2000.0,100.0,323.0,0.01160056354458889,0.051191857196446686
2000.0,100.0,323.0,0.015231916192382951,0.06667889700052393
2000.0,100.0,323.0,0.020000000000000004,0.08666491002740691
2000.0,100.0,323.0,0.02288290047345013,0.09856703917665195
2000.0,100.0,323.0,0.026181356703891212,0.11202490685550143
2000.0,100.0,323.0,0.029955268985751946,0.12722217782898265
2000.0,100.0,323.0,0.03427317194281946,0.1443596217162793
2000.0,100.0,323.0,0.03921347912384905,0.16365569646110906
2000.0,100.0,323.0,0.04486590700043761,0.18534691011914617
2000.0,100.0,323.0,0.051333104227104166,0.20968789595597695
2000.0,100.0,323.0,0.05873251575110334,0.23695112786708844
2000.0,100.0,323.0,0.06719851562439198,0.26742619680977486
2000.0,100.0,323.0,0.07688484724982726,0.30141856569312747
2000.0,100.0,323.0,0.08796741537671066,0.33924772163622324
2000.0,100.0,323.0,0.10064748054859585,0.38124465230534565
2000.0,100.0,323.0,0.11515531401485132,0.42774858851621433
2000.0,100.0,323.0,0.131754379479537,0.47910297916395544
2000.0,100.0,323.0,0.15074611762857124,0.5356506966640295
2000.0,100.0,323.0,0.1724754203226801,0.5977285102565636
2000.0,100.0,323.0,0.1973368938680183,0.6656609085425107
2000.0,100.0,323.0,0.22578202510608278,0.7397533985035728
2000.0,100.0,323.0,0.2583273804598255,0.8202854526407852
2000.0,100.0,323.0,0.2955639868314636,0.9075033154433999
2000.0,100.0,323.0,0.33816806471002536,1.0016129123108233
2000.0,100.0,323.0,0.38691330840293764,1.1027731260821239
2000.0,100.0,323.0,0.4426849364018869,1.2110897168690558
2000.0,100.0,323.0,0.5064957670389989,1.3266101586943595
2000.0,100.0,323.0,0.5795046113688597,1.449319650350416
2000.0,100.0,323.0,0.6630373172929507,1.5791385267452238
2000.0,100.0,323.0,0.7586108470898982,1.7159212498720477
2000.0,100.0,323.0,0.8679608256018917,1.8594570954136127
2000.0,100.0,323.0,0.9930730593550847,2.009472573657748
2000.0,100.0,323.0,1.1362195990043518,2.1656355361973563
2000.0,100.0,323.0,1.3,2.327560829887756
2000.0,200.0,273.0,0.001,0.03231853134871974
2000.0,200.0,273.0,0.0013130324344878836,0.04207524989416095
2000.0,200.0,273.0,0.0017240541740171785,0.054660572967826046
2000.0,200.0,273.0,0.0022637390492987737,0.07083024287496244
2000.0,200.0,273.0,0.002972362794946059,0.09151085842514202
2000.0,200.0,273.0,0.003902808756829234,0.1178252452313196
2000.0,200.0,273.0,0.00512451448332012,0.15111553205562572
2000.0,200.0,273.0,0.0067286537276022365,0.19295958544809333
2000.0,200.0,273.0,0.008834940584779547,0.24517433165500163
2000.0,200.0,273.0,0.01160056354458889,0.30979784393707016
2000.0,200.0,273.0,0.015231916192382951,0.38904199125430167
2000.0,200.0,273.0,0.020000000000000004,0.48520977321112163
2000.0,200.0,273.0,0.02288290047345013,0.5397163207356931
2000.0,200.0,273.0,0.026181356703891212,0.5991819954497531
2000.0,200.0,273.0,0.029955268985751946,0.6638540978199876
2000.0,200.0,273.0,0.03427317194281946,0.7339593695899306
2000.0,200.0,273.0,0.03921347912384905,0.8096988642452939
2000.0,200.0,273.0,0.04486590700043761,0.891242963907197
2000.0,200.0,273.0,0.051333104227104166,0.9787267062654262
2000.0,200.0,273.0,0.05873251575110334,1.0722455832053526
2000.0,200.0,273.0,0.06719851562439198,1.171851963444058
2000.0,200.0,273.0,0.07688484724982726,1.2775522756560695
2000.0,200.0,273.0,0.08796741537671066,1.389305067631813
2000.0,200.0,273.0,0.10064748054859585,1.5070200324149303
2000.0,200.0,273.0,0.11515531401485132,1.6305580650683917
2000.0,200.0,273.0,0.131754379479537,1.7597323838534433
2000.0,200.0,273.0,0.15074611762857124,1.8943107165316775
2000.0,200.0,273.0,0.1724754203226801,2.034018515381296
2000.0,200.0,273.0,0.1973368938680183,2.178543123250785
2000.0,200.0,273.0,0.22578202510608278,2.327538769129296
2000.0,200.0,273.0,0.2583273804598255,2.4806322290257805
2000.0,200.0,273.0,0.2955639868314636,2.637428951981344
2000.0,200.0,273.0,0.33816806471002536,2.797519427969776
2000.0,200.0,273.0,0.38691330840293764,2.960485569277635
2000.0,200.0,273.0,0.4426849364018869,3.125906891776769
2000.0,200.0,273.0,0.5064957670389989,3.2933663153987895
2000.0,200.0,273.0,0.5795046113688597,3.462455448285593
2000.0,200.0,273.0,0.6630373172929507,3.6327792681214643
2000.0,200.0,273.0,0.7586108470898982,3.803960158198419
2000.0,200.0,273.0,0.8679608256018917,3.975641287850072
2000.0,200.0,273.0,0.9930730593550847,4.147489343700731
2000.0,200.0,273.0,1.1362195990043518,4.31919662079933
2000.0,200.0,273.0,1.3,4.490482476077865
2000.0,200.0,298.0,0.001,0.012334340599388413
2000.0,200.0,298.0,0.0013130324344878836,0.016145966871771247
2000.0,200.0,298.0,0.0017240541740171785,0.021116850502087618
2000.0,200.0,298.0,0.0022637390492987737,0.02758746377971735
2000.0,200.0,298.0,0.002972362794946059,0.03599092648175229
2000.0,200.0,298.0,0.003902808756829234,0.0468741862588251
2000.0,200.0,298.0,0.00512451448332012,0.0609221188357235
2000.0,200.0,298.0,0.0067286537276022365,0.07898412007177358
2000.0,200.0,298.0,0.008834940584779547,0.10210226113536608
2000.0,200.0,298.0,0.01160056354458889,0.13153923501830725
2000.0,200.0,298.0,0.015231916192382951,0.1688029365028591
2000.0,200.0,298.0,0.020000000000000004,0.21566250951182028
2000.0,200.0,298.0,0.02288290047345013,0.24299153870630555
2000.0,200.0,298.0,0.026181356703891212,0.27342707579663533
2000.0,200.0,298.0,0.029955268985751946,0.3072498700172236
2000.0,200.0,298.0,0.03427317194281946,0.34475157982502547
2000.0,200.0,298.0,0.03921347912384905,0.3862321458061277
2000.0,200.0,298.0,0.04486590700043761,0.43199653209055544
2000.0,200.0,298.0,0.051333104227104166,0.4823508427222339
2000.0,200.0,298.0,0.05873251575110334,0.537597849631288
2000.0,200.0,298.0,0.06719851562439198,0.5980320009223984
2000.0,200.0,298.0,0.07688484724982726,0.6639340102298725
2000.0,200.0,298.0,0.08796741537671066,0.7355651578823201
2000.0,200.0,298.0,0.10064748054859585,0.813161460555965
2000.0,200.0,298.0,0.11515531401485132,0.8969278861177469
2000.0,200.0,298.0,0.131754379479537,0.9870328029455577
2000.0,200.0,298.0,0.15074611762857124,1.083602857170879
2000.0,200.0,298.0,0.1724754203226801,1.1867184667032649
2000.0,200.0,298.0,0.1973368938680183,1.2964101079521333
2000.0,200.0,298.0,0.22578202510608278,1.4126555507888519
2000.0,200.0,298.0,0.2583273804598255,1.5353781706341523
2000.0,200.0,298.0,0.2955639868314636,1.6644464345710182
2000.0,200.0,298.0,0.33816806471002536,1.7996746215667139
2000.0,200.0,298.0,0.38691330840293764,1.9408247953084363
2000.0,200.0,298.0,0.4426849364018869,2.0876100018993
2000.0,200.0,298.0,0.5064957670389989,2.239698614567149
2000.0,200.0,298.0,0.5795046113688597,2.3967196959404737
2000.0,200.0,298.0,0.6630373172929507,2.5582691994812237
2000.0,200.0,298.0,0.7586108470898982,2.723916790856984
2000.0,200.0,298.0,0.8679608256018917,2.89321304310653
2000.0,200.0,298.0,0.9930730593550847,3.0656967506855533
2000.0,200.0,298.0,1.1362195990043518,3.2409021182135493
2000.0,200.0,298.0,1.3,3.418365607620356
2000.0,200.0,323.0,0.001,0.0054389748350848945
2000.0,200.0,323.0,0.0013130324344878836,0.007132890495859849
2000.0,200.0,323.0,0.0017240541740171785,0.009350919342832224
2000.0,200.0,323.0,0.0022637390492987737,0.012252842866136465
2000.0,200.0,323.0,0.002972362794946059,0.016045548464828988
2000.0,200.0,323.0,0.003902808756829234,0.020995884362422924
2000.0,200.0,323.0,0.00512451448332012,0.027446403118458494
2000.0,200.0,323.0,0.0067286537276022365,0.03583430559929838
2000.0,200.0,323.0,0.008834940584779547,0.04671375989360029
2000.0,200.0,323.0,0.01160056354458889,0.06078154161108243
2000.0,200.0,323.0,0.015231916192382951,0.07890559433829154
2000.0,200.0,323.0,0.020000000000000004,0.10215557956640846
2000.0,200.0,323.0,0.02288290047345013,0.11593553787618613
2000.0,200.0,323.0,0.026181356703891212,0.13146338280529785
2000.0,200.0,323.0,0.029955268985751946,0.14893581040428025
2000.0,200.0,323.0,0.03427317194281946,0.16856637426554003
2000.0,200.0,323.0,0.03921347912384905,0.19058580725072674
2000.0,200.0,323.0,0.04486590700043761,0.21524205690506068
2000.0,200.0,323.0,0.051333104227104166,0.24279995892039266
2000.0,200.0,323.0,0.05873251575110334,0.27354046901219725
2000.0,200.0,323.0,0.06719851562439198,0.30775937427965655
2000.0,200.0,323.0,0.07688484724982726,0.34576541173640785
2000.0,200.0,323.0,0.08796741537671066,0.3878777350279437
2000.0,200.0,323.0,0.10064748054859585,0.43442269060757466
2000.0,200.0,323.0,0.11515531401485132,0.4857298913803483
2000.0,200.0,323.0,0.131754379479537,0.5421276079327934
2000.0,200.0,323.0,0.15074611762857124,0.6039375332466291
2000.0,200.0,323.0,0.1724754203226801,0.6714690140953566
2000.0,200.0,323.0,0.1973368938680183,0.7450128787193432
2000.0,200.0,323.0,0.22578202510608278,0.8248350233758928
2000.0,200.0,323.0,0.2583273804598255,0.9111699476275805
2000.0,200.0,323.0,0.2955639868314636,1.0042144477985255
2000.0,200.0,323.0,0.33816806471002536,1.1041216884877831
2000.0,200.0,323.0,0.38691330840293764,1.2109958726517394
2000.0,200.0,323.0,0.4426849364018869,1.3248877215009724
2000.0,200.0,323.0,0.5064957670389989,1.4457909567877503
2000.0,200.0,323.0,0.5795046113688597,1.573639950759074
2000.0,200.0,323.0,0.6630373172929507,1.7083086738933642
2000.0,200.0,323.0,0.7586108470898982,1.8496110281468476
2000.0,200.0,323.0,0.8679608256018917,1.9973026043625302
2000.0,200.0,323.0,0.9930730593550847,2.1510838476142666
2000.0,200.0,323.0,1.1362195990043518,2.310604555335099
2000.0,200.0,323.0,1.3,2.475469573257139
2000.0,300.0,273.0,0.001,0.05359971635814383
2000.0,300.0,273.0,0.0013130324344878836,0.06894938597158891
2000.0,300.0,273.0,0.0017240541740171785,0.08834782846981615
2000.0,300.0,273.0,0.0022637390492987737,0.11271826879501169
2000.0,300.0,273.0,0.002972362794946059,0.14314261731407313
2000.0,300.0,273.0,0.003902808756829234,0.18086901601048
2000.0,300.0,273.0,0.00512451448332012,0.22730970379493023
2000.0,300.0,273.0,0.0067286537276022365,0.28402584784644447
2000.0,300.0,273.0,0.008834940584779547,0.3526977417902143
2000.0,300.0,273.0,0.01160056354458889,0.4350809602002239
2000.0,300.0,273.0,0.015231916192382951,0.5329505790838533
2000.0,300.0,273.0,0.020000000000000004,0.6480357745224006
2000.0,300.0,273.0,0.02288290047345013,0.7118012549057962
2000.0,300.0,273.0,0.026181356703891212,0.7803506038727223
2000.0,300.0,273.0,0.029955268985751946,0.8538477001667162
2000.0,300.0,273.0,0.03427317194281946,0.9324391928422968
2000.0,300.0,273.0,0.03921347912384905,1.016251702733974
2000.0,300.0,273.0,0.04486590700043761,1.1053889476860104
2000.0,300.0,273.0,0.051333104227104166,1.199928835111646
2000.0,300.0,273.0,0.05873251575110334,1.2999205874570032
2000.0,300.0,273.0,0.06719851562439198,1.405381990664892
2000.0,300.0,273.0,0.07688484724982726,1.5162968803684251
2000.0,300.0,273.0,0.08796741537671066,1.632613002027107
2000.0,300.0,273.0,0.10064748054859585,1.7542403956498382
2000.0,300.0,273.0,0.11515531401485132,1.881050459027911
2000.0,300.0,273.0,0.131754379479537,2.0128758318488598
2000.0,300.0,273.0,0.15074611762857124,2.1495112142231703
2000.0,300.0,273.0,0.1724754203226801,2.290715186662987
2000.0,300.0,273.0,0.1973368938680183,2.436213036863569
2000.0,300.0,273.0,0.22578202510608278,2.585700527370226
2000.0,300.0,273.0,0.2583273804598255,2.7388484657920986
2000.0,300.0,273.0,0.2955639868314636,2.895307875721398
2000.0,300.0,273.0,0.33816806471002536,3.0547155217785513
2000.0,300.0,273.0,0.38691330840293764,3.2166995236717404
2000.0,300.0,273.0,0.4426849364018869,3.38088480497977
2000.0,300.0,273.0,0.5064957670389989,3.546898160385824
2000.0,300.0,273.0,0.5795046113688597,3.714372783106961
2000.0,300.0,273.0,0.6630373172929507,3.8829521615559957
2000.0,300.0,273.0,0.7586108470898982,4.052293318997656
2000.0,300.0,273.0,0.8679608256018917,4.222069421818193
2000.0,300.0,273.0,0.9930730593550847,4.391971814460441
2000.0,300.0,273.0,1.1362195990043518,4.561711550465243
2000.0,300.0,273.0,1.3,4.731020482629067
2000.0,300.0,298.0,0.001,0.018772463702954822
2000.0,300.0,298.0,0.0013130324344878836,0.024471414528771978
2000.0,300.0,298.0,0.0017240541740171785,0.03184074041233275
2000.0,300.0,298.0,0.0022637390492987737,0.04133620175068989
2000.0,300.0,298.0,0.002972362794946059,0.05352135541030443
2000.0,300.0,298.0,0.003902808756829234,0.06908654304651941
2000.0,300.0,298.0,0.00512451448332012,0.08886918002106432
2000.0,300.0,298.0,0.0067286537276022365,0.11387441480316414
2000.0,300.0,298.0,0.008834940584779547,0.1452941553352027
2000.0,300.0,298.0,0.01160056354458889,0.18452096284696795
2000.0,300.0,298.0,0.015231916192382951,0.23315191033167812
2000.0,300.0,298.0,0.020000000000000004,0.2929769871182747
2000.0,300.0,298.0,0.02288290047345013,0.32728771273234397
2000.0,300.0,298.0,0.026181356703891212,0.3650577159647228
2000.0,300.0,298.0,0.029955268985751946,0.4065386946794062
2000.0,300.0,298.0,0.03427317194281946,0.4519844778305559
2000.0,300.0,298.0,0.03921347912384905,0.5016483567443971
2000.0,300.0,298.0,0.04486590700043761,0.5557801665626678
2000.0,300.0,298.0,0.051333104227104166,0.6146231528096668
2000.0,300.0,298.0,0.05873251575110334,0.6784106617340747
2000.0,300.0,298.0,0.06719851562439198,0.747362696406395
2000.0,300.0,298.0,0.07688484724982726,0.8216823837084926
2000.0,300.0,298.0,0.08796741537671066,0.9015524004360234
2000.0,300.0,298.0,0.10064748054859585,0.9871314099390196
2000.0,300.0,298.0,0.11515531401485132,1.0785505645045554
2000.0,300.0,298.0,0.131754379479537,1.175910133808882
2000.0,300.0,298.0,0.15074611762857124,1.2792763271604717
2000.0,300.0,298.0,0.1724754203226801,1.3886783876084412
2000.0,300.0,298.0,0.1973368938680183,1.5041060492151752
2000.0,300.0,298.0,0.22578202510608278,1.6255074635161495
2000.0,300.0,298.0,0.2583273804598255,1.7527877144960913
2000.0,300.0,298.0,0.2955639868314636,1.8858080490085125
2000.0,300.0,298.0,0.33816806471002536,2.024385946494117
2000.0,300.0,298.0,0.38691330840293764,2.168296133649489
2000.0,300.0,298.0,0.4426849364018869,2.3172726137975346
2000.0,300.0,298.0,0.5064957670389989,2.4710117277049175
2000.0,300.0,298.0,0.5795046113688597,2.6291761968889134
2000.0,300.0,298.0,0.6630373172929507,2.7914000300175466
2000.0,300.0,298.0,0.7586108470898982,2.9572941080284476
2000.0,300.0,298.0,0.8679608256018917,3.126452214365781
2000.0,300.0,298.0,0.9930730593550847,3.2984572512275308
2000.0,300.0,298.0,1.1362195990043518,3.4728873845683808
2000.0,300.0,298.0,1.3,3.649321888174796
2000.0,300.0,323.0,0.001,0.007672789824812928
2000.0,300.0,323.0,0.0013130324344878836,0.010048336897703245
2000.0,300.0,323.0,0.0017240541740171785,0.013149348089767273
2000.0,300.0,323.0,0.0022637390492987737,0.017190781371784217
2000.0,300.0,323.0,0.002972362794946059,0.022447218163769475
2000.0,300.0,323.0,0.003902808756829234,0.02926713392996236
2000.0,300.0,323.0,0.00512451448332012,0.03808951866183423
2000.0,300.0,323.0,0.0067286537276022365,0.049462855692776635
2000.0,300.0,323.0,0.008834940584779547,0.06406635795029832
2000.0,300.0,323.0,0.01160056354458889,0.08273317651184114
2000.0,300.0,323.0,0.015231916192382951,0.10647488867989563
2000.0,300.0,323.0,0.020000000000000004,0.13650571946929976
2000.0,300.0,323.0,0.02288290047345013,0.15411060092968684
2000.0,300.0,323.0,0.026181356703891212,0.1737959526162654
2000.0,300.0,323.0,0.029955268985751946,0.1957711876013934
2000.0,300.0,323.0,0.03427317194281946,0.22025991681032817
2000.0,300.0,323.0,0.03921347912384905,0.2474994764588831
2000.0,300.0,323.0,0.04486590700043761,0.27774008973609265
2000.0,300.0,323.0,0.051333104227104166,0.31124362317095605
2000.0,300.0,323.0,0.05873251575110334,0.3482819094978201
2000.0,300.0,323.0,0.06719851562439198,0.3891346224306117
2000.0,300.0,323.0,0.07688484724982726,0.4340867036081491
2000.0,300.0,323.0,0.08796741537671066,0.483425357193947
2000.0,300.0,323.0,0.10064748054859585,0.5374366425254864
2000.0,300.0,323.0,0.11515531401485132,0.5964017093676295
2000.0,300.0,323.0,0.131754379479537,0.6605927334495745
2000.0,300.0,323.0,0.15074611762857124,0.7302686217945457
2000.0,300.0,323.0,0.1724754203226801,0.8056705675374407
2000.0,300.0,323.0,0.1973368938680183,0.8870175420250682
2000.0,300.0,323.0,0.22578202510608278,0.9745018176115563
2000.0,300.0,323.0,0.2583273804598255,1.0682846176019263
2000.0,300.0,323.0,0.2955639868314636,1.1684919907025104
2000.0,300.0,323.0,0.33816806471002536,1.2752110071565566
2000.0,300.0,323.0,0.38691330840293764,1.3884863738970816
2000.0,300.0,323.0,0.4426849364018869,1.5083175677718403
2000.0,300.0,323.0,0.5064957670389989,1.6346565894974814
2000.0,300.0,323.0,0.5795046113688597,1.7674064452177884
2000.0,300.0,323.0,0.6630373172929507,1.9064204643018674
2000.0,300.0,323.0,0.7586108470898982,2.0515025568620886
2000.0,300.0,323.0,0.8679608256018917,2.202408497661127
2000.0,300.0,323.0,0.9930730593550847,2.358848291158491
2000.0,300.0,323.0,1.1362195990043518,2.520489624786259
2000.0,300.0,323.0,1.3,2.6869623572822245
2000.0,400.0,273.0,0.001,0.13110813562670354
2000.0,400.0,273.0,0.0013130324344878836,0.1632038113850238
2000.0,400.0,273.0,0.0017240541740171785,0.2017659294720079
2000.0,400.0,273.0,0.0022637390492987737,0.24764420042862517
2000.0,400.0,273.0,0.002972362794946059,0.30167615349190885
2000.0,400.0,273.0,0.003902808756829234,0.3646688749095959
2000.0,400.0,273.0,0.00512451448332012,0.43739586536038433
2000.0,400.0,273.0,0.0067286537276022365,0.5206135977010593
2000.0,400.0,273.0,0.008834940584779547,0.6150969011340324
2000.0,400.0,273.0,0.01160056354458889,0.7216853962868146
2000.0,400.0,273.0,0.015231916192382951,0.8413267323188246
2000.0,400.0,273.0,0.020000000000000004,0.9750988508250544
2000.0,400.0,273.0,0.02288290047345013,1.0468264795764644
2000.0,400.0,273.0,0.026181356703891212,1.12245086266911
2000.0,400.0,273.0,0.029955268985751946,1.2021239667235357
2000.0,400.0,273.0,0.03427317194281946,1.2859949735612537
2000.0,400.0,273.0,0.03921347912384905,1.374206277332644
2000.0,400.0,273.0,0.04486590700043761,1.4668891107916626
2000.0,400.0,273.0,0.051333104227104166,1.5641589612731466
2000.0,400.0,273.0,0.05873251575110334,1.6661109507279985
2000.0,400.0,273.0,0.06719851562439198,1.7728153601768881
2000.0,400.0,273.0,0.07688484724982726,1.8843134779845092
2000.0,400.0,273.0,0.08796741537671066,2.0006139442774713
2000.0,400.0,273.0,0.10064748054859585,2.1216897510823207
2000.0,400.0,273.0,0.11515531401485132,2.2474760391433133
2000.0,400.0,273.0,0.131754379479537,2.3778688070563585
2000.0,400.0,273.0,0.15074611762857124,2.5127246152541503
2000.0,400.0,273.0,0.1724754203226801,2.6518613259270882
2000.0,400.0,273.0,0.1973368938680183,2.795059870972363
2000.0,400.0,273.0,0.22578202510608278,2.9420669864031526
2000.0,400.0,273.0,0.2583273804598255,3.092598798406295
2000.0,400.0,273.0,0.2955639868314636,3.246345100076709
2000.0,400.0,273.0,0.33816806471002536,3.402974125652878
2000.0,400.0,273.0,0.38691330840293764,3.5621376161148643
2000.0,400.0,273.0,0.4426849364018869,3.723475978325345
2000.0,400.0,273.0,0.5064957670389989,3.88662336735409
2000.0,400.0,273.0,0.5795046113688597,4.051212562081167
2000.0,400.0,273.0,0.6630373172929507,4.216879548804316
2000.0,400.0,273.0,0.7586108470898982,4.383267767038357
2000.0,400.0,273.0,0.8679608256018917,4.550031998481263
2000.0,400.0,273.0,0.9930730593550847,4.716841890442745
2000.0,400.0,273.0,1.1362195990043518,4.883385099675958
2000.0,400.0,273.0,1.3,5.049370026489563
2000.0,400.0,298.0,0.001,0.04052715777174814
2000.0,400.0,298.0,0.0013130324344878836,0.0520992571225668
2000.0,400.0,298.0,0.0017240541740171785,0.06669203381018927
2000.0,400.0,298.0,0.0022637390492987737,0.0849728147824886
2000.0,400.0,298.0,0.002972362794946059,0.10771399077539559
2000.0,400.0,298.0,0.003902808756829234,0.13579560209891556
2000.0,400.0,298.0,0.00512451448332012,0.17020148533721022
2000.0,400.0,298.0,0.0067286537276022365,0.21200714474380555
2000.0,400.0,298.0,0.008834940584779547,0.26235954902779374
2000.0,400.0,298.0,0.01160056354458889,0.3224520213833565
2000.0,400.0,298.0,0.015231916192382951,0.39349995916590075
2000.0,400.0,298.0,0.020000000000000004,0.4767238000706335
2000.0,400.0,298.0,0.02288290047345013,0.5227469339581782
2000.0,400.0,298.0,0.026181356703891212,0.5721927223529664
2000.0,400.0,298.0,0.029955268985751946,0.6252094890196247
2000.0,400.0,298.0,0.03427317194281946,0.6819465157850819
2000.0,400.0,298.0,0.03921347912384905,0.74255426720538
2000.0,400.0,298.0,0.04486590700043761,0.807184381664229
2000.0,400.0,298.0,0.051333104227104166,0.8759893074030547
2000.0,400.0,298.0,0.05873251575110334,0.9491214719690267
2000.0,400.0,298.0,0.06719851562439198,1.02673189625242
2000.0,400.0,298.0,0.07688484724982726,1.10896819849876
2000.0,400.0,298.0,0.08796741537671066,1.1959719765670385
2000.0,400.0,298.0,0.10064748054859585,1.287875604146289
2000.0,400.0,298.0,0.11515531401485132,1.3847985239896254
2000.0,400.0,298.0,0.131754379479537,1.4868431641170101
2000.0,400.0,298.0,0.15074611762857124,1.5940906379865898
2000.0,400.0,298.0,0.1724754203226801,1.706596414774305
2000.0,400.0,298.0,0.1973368938680183,1.824386160332056
2000.0,400.0,298.0,0.22578202510608278,1.9474519531703487
2000.0,400.0,298.0,0.2583273804598255,2.0757490732675015
2000.0,400.0,298.0,0.2955639868314636,2.209193544783185
2000.0,400.0,298.0,0.33816806471002536,2.347660586646289
2000.0,400.0,298.0,0.38691330840293764,2.490984087260755
2000.0,400.0,298.0,0.4426849364018869,2.6389571716548264
2000.0,400.0,298.0,0.5064957670389989,2.7913338731935187
2000.0,400.0,298.0,0.5795046113688597,2.9478318614121948
2000.0,400.0,298.0,0.6630373172929507,3.108136118494973
2000.0,400.0,298.0,0.7586108470898982,3.27190340638851
2000.0,400.0,298.0,0.8679608256018917,3.438767331059111
2000.0,400.0,298.0,0.9930730593550847,3.608343794367744
2000.0,400.0,298.0,1.1362195990043518,3.7802366283442197
2000.0,400.0,298.0,1.3,3.954043228201829
2000.0,400.0,323.0,0.001,0.014363758914722621
2000.0,400.0,323.0,0.0013130324344878836,0.018720221969074236
2000.0,400.0,323.0,0.0017240541740171785,0.02435010006598081
2000.0,400.0,323.0,0.0022637390492987737,0.03159800789941455
2000.0,400.0,323.0,0.002972362794946059,0.040887992650387915
2000.0,400.0,323.0,0.003902808756829234,0.05273633153117328
2000.0,400.0,323.0,0.00512451448332012,0.06776484276569306
2000.0,400.0,323.0,0.0067286537276022365,0.08671426157857652
2000.0,400.0,323.0,0.008834940584779547,0.11045669898979182
2000.0,400.0,323.0,0.01160056354458889,0.14000531268823094
2000.0,400.0,323.0,0.015231916192382951,0.17651841072518923
2000.0,400.0,323.0,0.020000000000000004,0.22129497058446349
2000.0,400.0,323.0,0.02288290047345013,0.24692110028146505
2000.0,400.0,323.0,0.026181356703891212,0.2750961991551665
2000.0,400.0,323.0,0.029955268985751946,0.3060073934205855
2000.0,400.0,323.0,0.03427317194281946,0.3398459371430561
2000.0,400.0,323.0,0.03921347912384905,0.37680617618989476
2000.0,400.0,323.0,0.04486590700043761,0.4170845161761711
2000.0,400.0,323.0,0.051333104227104166,0.46087842377238775
2000.0,400.0,323.0,0.05873251575110334,0.508385478662191
2000.0,400.0,323.0,0.06719851562439198,0.5598024772704248
2000.0,400.0,323.0,0.07688484724982726,0.6153245703509408
2000.0,400.0,323.0,0.08796741537671066,0.6751443963331886
2000.0,400.0,323.0,0.10064748054859585,0.7394511531624205
2000.0,400.0,323.0,0.11515531401485132,0.8084295358255679
2000.0,400.0,323.0,0.131754379479537,0.8822584576141791
2000.0,400.0,323.0,0.15074611762857124,0.9611094729973777
2000.0,400.0,323.0,0.1724754203226801,1.0451448305677693
2000.0,400.0,323.0,0.1973368938680183,1.1345151064153816
2000.0,400.0,323.0,0.22578202510608278,1.229356400420017
2000.0,400.0,323.0,0.2583273804598255,1.3297871177023348
2000.0,400.0,323.0,0.2955639868314636,1.4359044010393842
2000.0,400.0,323.0,0.33816806471002536,1.5477803231240181
2000.0,400.0,323.0,0.38691330840293764,1.6654579860204362
2000.0,400.0,323.0,0.4426849364018869,1.7889477056421768
2000.0,400.0,323.0,0.5064957670389989,1.9182234790454515
2000.0,400.0,323.0,0.5795046113688597,2.053219940037288
2000.0,400.0,323.0,0.6630373172929507,2.1938300027932875
2000.0,400.0,323.0,0.7586108470898982,2.3399033729989935
2000.0,400.0,323.0,0.8679608256018917,2.4912460712138778
2000.0,400.0,323.0,0.9930730593550847,2.647621064610807
2000.0,400.0,323.0,1.1362195990043518,2.8087500436837907
2000.0,400.0,323.0,1.3,2.974316314834899
2000.0,500.0,273.0,0.001,0.4293136705794122
2000.0,500.0,273.0,0.0013130324344878836,0.49751819491781557
2000.0,500.0,273.0,0.0017240541740171785,0.5712223899983957
2000.0,500.0,273.0,0.0022637390492987737,0.6501465628615732
2000.0,500.0,273.0,0.002972362794946059,0.7341009555854878
2000.0,500.0,273.0,0.003902808756829234,0.8230616047635391
2000.0,500.0,273.0,0.00512451448332012,0.9172348591667423
2000.0,500.0,273.0,0.0067286537276022365,1.0171062441560825
2000.0,500.0,273.0,0.008834940584779547,1.123471447365787
2000.0,500.0,273.0,0.01160056354458889,1.2374469766398377
2000.0,500.0,273.0,0.015231916192382951,1.3604560670254098
2000.0,500.0,273.0,0.020000000000000004,1.4941833693039082
2000.0,500.0,273.0,0.02288290047345013,1.5648330472537624
2000.0,500.0,273.0,0.026181356703891212,1.6387911853655739
2000.0,500.0,273.0,0.029955268985751946,1.7162902898250922
2000.0,500.0,273.0,0.03427317194281946,1.7975567836666713
2000.0,500.0,273.0,0.03921347912384905,1.8828055798458914
2000.0,500.0,273.0,0.04486590700043761,1.9722344290276494
2000.0,500.0,273.0,0.051333104227104166,2.066018219785849
2000.0,500.0,273.0,0.05873251575110334,2.164303428926973
2000.0,500.0,273.0,0.06719851562439198,2.2672029302575853
2000.0,500.0,273.0,0.07688484724982726,2.374791370943399
2000.0,500.0,273.0,0.08796741537671066,2.487101315802053
2000.0,500.0,273.0,0.10064748054859585,2.6041203416104066
2000.0,500.0,273.0,0.11515531401485132,2.725789235633285
2000.0,500.0,273.0,0.131754379479537,2.8520014145911503
2000.0,500.0,273.0,0.15074611762857124,2.982603631773628
2000.0,500.0,273.0,0.1724754203226801,3.1173979814786184
2000.0,500.0,273.0,0.1973368938680183,3.2561451437233937
2000.0,500.0,273.0,0.22578202510608278,3.3985687429327727
2000.0,500.0,273.0,0.2583273804598255,3.54436062904138
2000.0,500.0,273.0,0.2955639868314636,3.6931868364516265
2000.0,500.0,273.0,0.33816806471002536,3.8446939434831844
2000.0,500.0,273.0,0.38691330840293764,3.998515547868778
2000.0,500.0,273.0,0.4426849364018869,4.154278593966012
2000.0,500.0,273.0,0.5064957670389989,4.3116093312906925
2000.0,500.0,273.0,0.5795046113688597,4.470138743955601
2000.0,500.0,273.0,0.6630373172929507,4.629507356053906
2000.0,500.0,273.0,0.7586108470898982,4.789369377965505
2000.0,500.0,273.0,0.8679608256018917,4.949396204030613
2000.0,500.0,273.0,0.9930730593550847,5.109279298009833
2000.0,500.0,273.0,1.1362195990043518,5.268732509011819
2000.0,500.0,273.0,1.3,5.4274938513274265
2000.0,500.0,298.0,0.001,0.13175665259194
2000.0,500.0,298.0,0.0013130324344878836,0.16313726341044585
2000.0,500.0,298.0,0.0017240541740171785,0.20042982920694186
2000.0,500.0,298.0,0.0022637390492987737,0.24422905036121256
2000.0,500.0,298.0,0.002972362794946059,0.29503930392718564
2000.0,500.0,298.0,0.003902808756829234,0.3532471619809518
2000.0,500.0,298.0,0.00512451448332012,0.4191137183460216
2000.0,500.0,298.0,0.0067286537276022365,0.49279376334758634
2000.0,500.0,298.0,0.008834940584779547,0.574383840444711
2000.0,500.0,298.0,0.01160056354458889,0.6639948002678076
2000.0,500.0,298.0,0.015231916192382951,0.7618383291276135
2000.0,500.0,298.0,0.020000000000000004,0.8683130201956625
2000.0,500.0,298.0,0.02288290047345013,0.9243383099434435
2000.0,500.0,298.0,0.026181356703891212,0.9827354461470003
2000.0,500.0,298.0,0.029955268985751946,1.043629126384981
2000.0,500.0,298.0,0.03427317194281946,1.1071626444269749
2000.0,500.0,298.0,0.03921347912384905,1.173497135484021
2000.0,500.0,298.0,0.04486590700043761,1.2428101507301361
2000.0,500.0,298.0,0.051333104227104166,1.3152935400623988
2000.0,500.0,298.0,0.05873251575110334,1.3911506340136601
2000.0,500.0,298.0,0.06719851562439198,1.4705927316998177
2000.0,500.0,298.0,0.07688484724982726,1.5538349225536132
2000.0,500.0,298.0,0.08796741537671066,1.6410912954681067
2000.0,500.0,298.0,0.10064748054859585,1.732569619096563
2000.0,500.0,298.0,0.11515531401485132,1.8284656098999468
2000.0,500.0,298.0,0.131754379479537,1.928956937954924
2000.0,500.0,298.0,0.15074611762857124,2.0341971520102393
2000.0,500.0,298.0,0.1724754203226801,2.1443097321411195
2000.0,500.0,298.0,0.1973368938680183,2.2593824979792747
2000.0,500.0,298.0,0.22578202510608278,2.379462610423555
2000.0,500.0,298.0,0.2583273804598255,2.5045524026985886
2000.0,500.0,298.0,0.2955639868314636,2.6346062606288676
2000.0,500.0,298.0,0.33816806471002536,2.769528740503885
2000.0,500.0,298.0,0.38691330840293764,2.909174065284486
2000.0,500.0,298.0,0.4426849364018869,3.0533470770162814
2000.0,500.0,298.0,0.5064957670389989,3.2018056482269697
2000.0,500.0,298.0,0.5795046113688597,3.354264473411209
2000.0,500.0,298.0,0.6630373172929507,3.510400081409072
2000.0,500.0,298.0,0.7586108470898982,3.669856839820175
2000.0,500.0,298.0,0.8679608256018917,3.832253672363571
2000.0,500.0,298.0,0.9930730593550847,3.997191185583812
2000.0,500.0,298.0,1.1362195990043518,4.164258904605936
2000.0,500.0,298.0,1.3,4.333042345927974
2000.0,500.0,323.0,0.001,0.03993008196132016
2000.0,500.0,323.0,0.0013130324344878836,0.051205566815340255
2000.0,500.0,323.0,0.0017240541740171785,0.06535389432077338
2000.0,500.0,323.0,0.0022637390492987737,0.08297356666571563
2000.0,500.0,323.0,0.002972362794946059,0.1047399824197835
2000.0,500.0,323.0,0.003902808756829234,0.13139858158614312
2000.0,500.0,323.0,0.00512451448332012,0.16374965992735185
2000.0,500.0,323.0,0.0067286537276022365,0.20262365362207693
2000.0,500.0,323.0,0.008834940584779547,0.24884848906383242
2000.0,500.0,323.0,0.01160056354458889,0.3032143876710801
2000.0,500.0,323.0,0.015231916192382951,0.3664448585741578
2000.0,500.0,323.0,0.020000000000000004,0.4391839100314218
2000.0,500.0,323.0,0.02288290047345013,0.4788414258258258
2000.0,500.0,323.0,0.026181356703891212,0.5210307309930965
2000.0,500.0,323.0,0.029955268985751946,0.5658174953974249
2000.0,500.0,323.0,0.03427317194281946,0.6132693301657833
2000.0,500.0,323.0,0.03921347912384905,0.6634580408564937
2000.0,500.0,323.0,0.04486590700043761,0.716461948148796
2000.0,500.0,323.0,0.051333104227104166,0.7723681337584486
2000.0,500.0,323.0,0.05873251575110334,0.8312744618998364
2000.0,500.0,323.0,0.06719851562439198,0.8932912286715918
2000.0,500.0,323.0,0.07688484724982726,0.9585423027238911
2000.0,500.0,323.0,0.08796741537671066,1.0271656390482504
2000.0,500.0,323.0,0.10064748054859585,1.099313071787277
2000.0,500.0,323.0,0.11515531401485132,1.175149319629016
2000.0,500.0,323.0,0.131754379479537,1.2548501670094363
2000.0,500.0,323.0,0.15074611762857124,1.3385998149077551
2000.0,500.0,323.0,0.1724754203226801,1.4265874258934452
2000.0,500.0,323.0,0.1973368938680183,1.519002919002669
2000.0,500.0,323.0,0.22578202510608278,1.6160321008182503
2000.0,500.0,323.0,0.2583273804598255,1.7178512495636458
2000.0,500.0,323.0,0.2955639868314636,1.824621298698646
2000.0,500.0,323.0,0.33816806471002536,1.9364817948100528
2000.0,500.0,323.0,0.38691330840293764,2.0535448306147766
2000.0,500.0,323.0,0.4426849364018869,2.175889176267686
2000.0,500.0,323.0,0.5064957670389989,2.3035548488614426
2000.0,500.0,323.0,0.5795046113688597,2.4365383682058943
2000.0,500.0,323.0,0.6630373172929507,2.5747889432203097
2000.0,500.0,323.0,0.7586108470898982,2.718205813993933
2000.0,500.0,323.0,0.8679608256018917,2.8666369370299116
2000.0,500.0,323.0,0.9930730593550847,3.0198791446226148
2000.0,500.0,323.0,1.1362195990043518,3.1776798359378104
2000.0,500.0,323.0,1.3,3.339740172764346
3000.0,0.0,273.0,0.001,0.022131310835488274
3000.0,0.0,273.0,0.0013130324344878836,0.028949372234534893
3000.0,0.0,273.0,0.0017240541740171785,0.03782591856536259
3000.0,0.0,273.0,0.0022637390492987737,0.04935468389092359
3000.0,0.0,273.0,0.002972362794946059,0.06428324279873578
3000.0,0.0,273.0,0.003902808756829234,0.08354272314760323
3000.0,0.0,273.0,0.00512451448332012,0.10827778623038033
3000.0,0.0,273.0,0.0067286537276022365,0.13987372775547133
3000.0,0.0,273.0,0.008834940584779547,0.1799761264963608
3000.0,0.0,273.0,0.01160056354458889,0.23049689215275743
3000.0,0.0,273.0,0.015231916192382951,0.293599036823163
3000.0,0.0,273.0,0.020000000000000004,0.3716514941650781
3000.0,0.0,273.0,0.02288290047345013,0.41653175194612924
3000.0,0.0,273.0,0.026181356703891212,0.4659805123174714
3000.0,0.0,273.0,0.029955268985751946,0.5202975044819111
3000.0,0.0,273.0,0.03427317194281946,0.5797725178811468
3000.0,0.0,273.0,0.03921347912384905,0.6446796211081207
3000.0,0.0,273.0,0.04486590700043761,0.7152710392317974
3000.0,0.0,273.0,0.051333104227104166,0.7917708659132715
3000.0,0.0,273.0,0.05873251575110334,0.8743688185353836
3000.0,0.0,273.0,0.06719851562439198,0.9632142682454662
3000.0,0.0,273.0,0.07688484724982726,1.0584107904466555
3000.0,0.0,273.0,0.08796741537671066,1.160011483467393
3000.0,0.0,273.0,0.10064748054859585,1.268015292692403
3000.0,0.0,273.0,0.11515531401485132,1.3823645531267053
3000.0,0.0,273.0,0.131754379479537,1.5029439239817663
3000.0,0.0,273.0,0.15074611762857124,1.6295808337000945
3000.0,0.0,273.0,0.1724754203226801,1.7620474834945852
3000.0,0.0,273.0,0.1973368938680183,1.9000643749269517
3000.0,0.0,273.0,0.22578202510608278,2.0433052382596295
3000.0,0.0,273.0,0.2583273804598255,2.1914031522036783
3000.0,0.0,273.0,0.2955639868314636,2.343957572994483
3000.0,0.0,273.0,0.33816806471002536,2.5005419419597588
3000.0,0.0,273.0,0.38691330840293764,2.6607115236347907
3000.0,0.0,273.0,0.4426849364018869,2.8240111437764024
3000.0,0.0,273.0,0.5064957670389989,2.989982544953069
3000.0,0.0,273.0,0.5795046113688597,3.158171147651661
3000.0,0.0,273.0,0.6630373172929507,3.328132084166247
3000.0,0.0,273.0,0.7586108470898982,3.4994354472004257
3000.0,0.0,273.0,0.8679608256018917,3.671670753664053
3000.0,0.0,273.0,0.9930730593550847,3.8444506598070167
3000.0,0.0,273.0,1.1362195990043518,4.017413975638473
3000.0,0.0,273.0,1.3,4.19022801896346
3000.0,0.0,298.0,0.001,0.008880251645204775
3000.0,0.0,298.0,0.0013130324344878836,0.011643170199037975
3000.0,0.0,298.0,0.0017240541740171785,0.015258967676562344
3000.0,0.0,298.0,0.0022637390492987737,0.019986203775570265
3000.0,0.0,298.0,0.002972362794946059,0.026158605416207133
3000.0,0.0,298.0,0.003902808756829234,0.034204795336771496
3000.0,0.0,298.0,0.00512451448332012,0.044671860095051995
3000.0,0.0,298.0,0.0067286537276022365,0.05825269377960018
3000.0,0.0,298.0,0.008834940584779547,0.0758165040988911
3000.0,0.0,298.0,0.01160056354458889,0.09844104669514005
3000.0,0.0,298.0,0.015231916192382951,0.1274440392139399
3000.0,0.0,298.0,0.020000000000000004,0.1644098137010029
3000.0,0.0,298.0,0.02288290047345013,0.18619195404966768
3000.0,0.0,298.0,0.026181356703891212,0.21062450094655738
3000.0,0.0,298.0,0.029955268985751946,0.23797549165738532
3000.0,0.0,298.0,0.03427317194281946,0.26852845162337446
3000.0,0.0,298.0,0.03921347912384905,0.3025808722437244
3000.0,0.0,298.0,0.04486590700043761,0.3404420993606053
3000.0,0.0,298.0,0.051333104227104166,0.38243057499867905
3000.0,0.0,298.0,0.05873251575110334,0.42887039067916294
3000.0,0.0,298.0,0.06719851562439198,0.48008713370949785
3000.0,0.0,298.0,0.07688484724982726,0.5364030381975208
3000.0,0.0,298.0,0.08796741537671066,0.5981314891730317
3000.0,0.0,298.0,0.10064748054859585,0.6655709691933561
3000.0,0.0,298.0,0.11515531401485132,0.7389985794804307
3000.0,0.0,298.0,0.131754379479537,0.8186633088988983
3000.0,0.0,298.0,0.15074611762857124,0.9047792608593099
3000.0,0.0,298.0,0.1724754203226801,0.9975190777803871
3000.0,0.0,298.0,0.1973368938680183,1.0970078228100886
3000.0,0.0,298.0,0.22578202510608278,1.2033175872115283
3000.0,0.0,298.0,0.2583273804598255,1.3164630874325831
3000.0,0.0,298.0,0.2955639868314636,1.43639849660912
3000.0,0.0,298.0,0.33816806471002536,1.5630157193448269
3000.0,0.0,298.0,0.38691330840293764,1.696144264869527
3000.0,0.0,298.0,0.4426849364018869,1.8355528024040069
3000.0,0.0,298.0,0.5064957670389989,1.9809523966167186
3000.0,0.0,298.0,0.5795046113688597,2.132001326589763
3000.0,0.0,298.0,0.6630373172929507,2.2883112980190816
3000.0,0.0,298.0,0.7586108470898982,2.4494547766785284
3000.0,0.0,298.0,0.8679608256018917,2.614973112404263
3000.0,0.0,298.0,0.9930730593550847,2.784385095000925
3000.0,0.0,298.0,1.1362195990043518,2.9571955893945114
3000.0,0.0,298.0,1.3,3.1329039337889903
3000.0,0.0,323.0,0.001,0.004088457822275885
3000.0,0.0,323.0,0.0013130324344878836,0.005364893274511664
3000.0,0.0,323.0,0.0017240541740171785,0.007038463566567826
3000.0,0.0,323.0,0.0022637390492987737,0.009231749172257976
3000.0,0.0,323.0,0.002972362794946059,0.012104475699483787
3000.0,0.0,323.0,0.003902808756829234,0.015864290092336118
3000.0,0.0,323.0,0.00512451448332012,0.020780337246225716
3000.0,0.0,323.0,0.0067286537276022365,0.0272001489967417
3000.0,0.0,323.0,0.008834940584779547,0.03557030834800592
3000.0,0.0,323.0,0.01160056354458889,0.04646119041738749
3000.0,0.0,323.0,0.015231916192382951,0.06059574956024219
3000.0,0.0,323.0,0.020000000000000004,0.0788817559609667
3000.0,0.0,323.0,0.02288290047345013,0.08979377097912297
3000.0,0.0,323.0,0.026181356703891212,0.10215062769998101
3000.0,0.0,323.0,0.029955268985751946,0.1161267029078234
3000.0,0.0,323.0,0.03427317194281946,0.13191326127044736
3000.0,0.0,323.0,0.03921347912384905,0.14971913268740403
3000.0,0.0,323.0,0.04486590700043761,0.16977119008104458
3000.0,0.0,323.0,0.051333104227104166,0.19231456915426487
3000.0,0.0,323.0,0.05873251575110334,0.21761256532771925
3000.0,0.0,323.0,0.06719851562439198,0.24594613767350418
3000.0,0.0,323.0,0.07688484724982726,0.2776129459595961
3000.0,0.0,323.0,0.08796741537671066,0.31292584595771894
3000.0,0.0,323.0,0.10064748054859585,0.35221077122504735
3000.0,0.0,323.0,0.11515531401485132,0.39580393802554104
3000.0,0.0,323.0,0.131754379479537,0.4440483251644436
3000.0,0.0,323.0,0.15074611762857124,0.49728940311237446
3000.0,0.0,323.0,0.1724754203226801,0.5558701170352123
3000.0,0.0,323.0,0.1973368938680183,0.6201251654560845
3000.0,0.0,323.0,0.22578202510608278,0.6903746585328682
3000.0,0.0,323.0,0.2583273804598255,0.7669172848032613
3000.0,0.0,323.0,0.2955639868314636,0.8500231596929515
3000.0,0.0,323.0,0.33816806471002536,0.9399265699438665
3000.0,0.0,323.0,0.38691330840293764,1.036818862443991
3000.0,0.0,323.0,0.4426849364018869,1.1408417511214655
3000.0,0.0,323.0,0.5064957670389989,1.2520813292823334
3000.0,0.0,323.0,0.5795046113688597,1.3705630747944073
3000.0,0.0,323.0,0.6630373172929507,1.496248119582102
3000.0,0.0,323.0,0.7586108470898982,1.6290310208523608
3000.0,0.0,323.0,0.8679608256018917,1.7687392178875125
3000.0,0.0,323.0,0.9930730593550847,1.9151342853699111
3000.0,0.0,323.0,1.1362195990043518,2.0679150050305464
3000.0,0.0,323.0,1.3,2.226722178296671
3000.0,100.0,273.0,0.001,0.025109527838145854
3000.0,100.0,273.0,0.0013130324344878836,0.03280863125172258
3000.0,100.0,273.0,0.0017240541740171785,0.04280935619274196
3000.0,100.0,273.0,0.0022637390492987737,0.055762518990539967
3000.0,100.0,273.0,0.002972362794946059,0.07248119385669093
3000.0,100.0,273.0,0.003902808756829234,0.09396963105540891
3000.0,100.0,273.0,0.00512451448332012,0.12145168303147362
3000.0,100.0,273.0,0.0067286537276022365,0.15639547854990968
3000.0,100.0,273.0,0.008834940584779547,0.20052944223586416
3000.0,100.0,273.0,0.01160056354458889,0.25584274742334095
3000.0,100.0,273.0,0.015231916192382951,0.32456136215743076
3000.0,100.0,273.0,0.020000000000000004,0.409090038112331
3000.0,100.0,273.0,0.02288290047345013,0.45748985251776086
3000.0,100.0,273.0,0.026181356703891212,0.5106612403145264
3000.0,100.0,273.0,0.029955268985751946,0.5688936081494502
3000.0,100.0,273.0,0.03427317194281946,0.632461849656201
3000.0,100.0,273.0,0.03921347912384905,0.7016203221920668
3000.0,100.0,273.0,0.04486590700043761,0.776596666072619
3000.0,100.0,273.0,0.051333104227104166,0.8575856730347641
3000.0,100.0,273.0,0.05873251575110334,0.9447434294167936
3000.0,100.0,273.0,0.06719851562439198,1.0381819679746314
3000.0,100.0,273.0,0.07688484724982726,1.1379646597447006
3000.0,100.0,273.0,0.08796741537671066,1.2441025636093772
3000.0,100.0,273.0,0.10064748054859585,1.3565519259227907
3000.0,100.0,273.0,0.11515531401485132,1.4752129853292077
3000.0,100.0,273.0,0.131754379479537,1.599930188526684
3000.0,100.0,273.0,0.15074611762857124,1.730493861710393
3000.0,100.0,273.0,0.1724754203226801,1.866643311795355
3000.0,100.0,273.0,0.1973368938680183,2.008071255439723
3000.0,100.0,273.0,0.22578202510608278,2.154429398861221
3000.0,100.0,273.0,0.2583273804598255,2.30533492571171
3000.0,100.0,273.0,0.2955639868314636,2.4603776025166604
3000.0,100.0,273.0,0.33816806471002536,2.6191271886124663
3000.0,100.0,273.0,0.38691330840293764,2.7811408439822607
3000.0,100.0,273.0,0.4426849364018869,2.9459702630578737
3000.0,100.0,273.0,0.5064957670389989,3.1131683195895294
3000.0,100.0,273.0,0.5795046113688597,3.2822950772153727
3000.0,100.0,273.0,0.6630373172929507,3.452923090491959
3000.0,100.0,273.0,0.7586108470898982,3.624641980511393
3000.0,100.0,273.0,0.8679608256018917,3.797062309455842
3000.0,100.0,273.0,0.9930730593550847,3.969818795857622
3000.0,100.0,273.0,1.1362195990043518,4.14257290855531
3000.0,100.0,273.0,1.3,4.315014858570801
3000.0,100.0,298.0,0.001,0.009943960463716855
3000.0,100.0,298.0,0.0013130324344878836,0.013032749248485053
3000.0,100.0,298.0,0.0017240541740171785,0.01707152809701958
3000.0,100.0,298.0,0.0022637390492987737,0.022346000353205966
3000.0,100.0,298.0,0.002972362794946059,0.02922350269591747
3000.0,100.0,298.0,0.003902808756829234,0.03817363083119045
3000.0,100.0,298.0,0.00512451448332012,0.04979249374987048
3000.0,100.0,298.0,0.0067286537276022365,0.06483036397727272
3000.0,100.0,298.0,0.008834940584779547,0.08422194404840348
3000.0,100.0,298.0,0.01160056354458889,0.10911768535211505
3000.0,100.0,298.0,0.015231916192382951,0.14091351368306604
3000.0,100.0,298.0,0.020000000000000004,0.18127485569854704
3000.0,100.0,298.0,0.02288290047345013,0.20498337867305413
3000.0,100.0,298.0,0.026181356703891212,0.23151851734865547
3000.0,100.0,298.0,0.029955268985751946,0.26115683748562285
3000.0,100.0,298.0,0.03427317194281946,0.29418941825732564
3000.0,100.0,298.0,0.03921347912384905,0.3309199559489235
3000.0,100.0,298.0,0.04486590700043761,0.37166221520595116
3000.0,100.0,298.0,0.051333104227104166,0.41673677930886466
3000.0,100.0,298.0,0.05873251575110334,0.46646707627886774
3000.0,100.0,298.0,0.06719851562439198,0.5211746905113243
3000.0,100.0,298.0,0.07688484724982726,0.5811740085528906
3000.0,100.0,298.0,0.08796741537671066,0.6467662901339641
3000.0,100.0,298.0,0.10064748054859585,0.7182332985518972
3000.0,100.0,298.0,0.11515531401485132,0.7958306646717294
3000.0,100.0,298.0,0.131754379479537,0.879781193105267
3000.0,100.0,298.0,0.15074611762857124,0.970268345069352
3000.0,100.0,298.0,0.1724754203226801,1.0674301482669657
3000.0,100.0,298.0,0.1973368938680183,1.1713537887700844
3000.0,100.0,298.0,0.22578202510608278,1.2820711325476846
3000.0,100.0,298.0,0.2583273804598255,1.3995554042486087
3000.0,100.0,298.0,0.2955639868314636,1.5237192173014547
3000.0,100.0,298.0,0.33816806471002536,1.6544141016643266
3000.0,100.0,298.0,0.38691330840293764,1.7914316137606077
3000.0,100.0,298.0,0.4426849364018869,1.9345060390402153
3000.0,100.0,298.0,0.5064957670389989,2.0833186153909273
3000.0,100.0,298.0,0.5795046113688597,2.2375031221221495
3000.0,100.0,298.0,0.6630373172929507,2.3966526033250113
3000.0,100.0,298.0,0.7586108470898982,2.5603269354927893
3000.0,100.0,298.0,0.8679608256018917,2.728060915246151
3000.0,100.0,298.0,0.9930730593550847,2.8993725381340876
3000.0,100.0,298.0,1.1362195990043518,3.073771163099944
3000.0,100.0,298.0,1.3,3.2507653035334574
3000.0,100.0,323.0,0.001,0.004524939076960347
3000.0,100.0,323.0,0.0013130324344878836,0.0059367581348339265
3000.0,100.0,323.0,0.0017240541740171785,0.007787205958857639
3000.0,100.0,323.0,0.0022637390492987737,0.010211233968809125
3000.0,100.0,323.0,0.002972362794946059,0.013384391605418083
3000.0,100.0,323.0,0.003902808756829234,0.017534412087909467
3000.0,100.0,323.0,0.00512451448332012,0.02295569185991573
3000.0,100.0,323.0,0.0067286537276022365,0.030027126579690238
3000.0,100.0,323.0,0.008834940584779547,0.03923367972324371
3000.0,100.0,323.0,0.01160056354458889,0.051191857196446686
3000.0,100.0,323.0,0.015231916192382951,0.06667889700052393
3000.0,100.0,323.0,0.020000000000000004,0.08666491002740691
3000.0,100.0,323.0,0.02288290047345013,0.09856703917665195
3000.0,100.0,323.0,0.026181356703891212,0.11202490685550143
3000.0,100.0,323.0,0.029955268985751946,0.12722217782898265
3000.0,100.0,323.0,0.03427317194281946,0.1443596217162793
3000.0,100.0,323.0,0.03921347912384905,0.16365569646110906
3000.0,100.0,323.0,0.04486590700043761,0.18534691011914617
3000.0,100.0,323.0,0.051333104227104166,0.20968789595597695
3000.0,100.0,323.0,0.05873251575110334,0.23695112786708844
3000.0,100.0,323.0,0.06719851562439198,0.26742619680977486
3000.0,100.0,323.0,0.07688484724982726,0.30141856569312747
3000.0,100.0,323.0,0.08796741537671066,0.33924772163622324
3000.0,100.0,323.0,0.10064748054859585,0.38124465230534565
3000.0,100.0,323.0,0.11515531401485132,0.42774858851621433
3000.0,100.0,323.0,0.131754379479537,0.47910297916395544
3000.0,100.0,323.0,0.15074611762857124,0.5356506966640295
3000.0,100.0,323.0,0.1724754203226801,0.5977285102565636
3000.0,100.0,323.0,0.1973368938680183,0.6656609085425107
3000.0,100.0,323.0,0.22578202510608278,0.7397533985035728
3000.0,100.0,323.0,0.2583273804598255,0.8202854526407852
3000.0,100.0,323.0,0.2955639868314636,0.9075033154433999
3000.0,100.0,323.0,0.33816806471002536,1.0016129123108233
3000.0,100.0,323.0,0.38691330840293764,1.1027731260821239
3000.0,100.0,323.0,0.4426849364018869,1.2110897168690558
3000.0,100.0,323.0,0.5064957670389989,1.3266101586943595
3000.0,100.0,323.0,0.5795046113688597,1.449319650350416
3000.0,100.0,323.0,0.6630373172929507,1.5791385267452238
3000.0,100.0,323.0,0.7586108470898982,1.7159212498720477
3000.0,100.0,323.0,0.8679608256018917,1.8594570954136127
3000.0,100.0,323.0,0.9930730593550847,2.009472573657748
3000.0,100.0,323.0,1.1362195990043518,2.1656355361973563
3000.0,100.0,323.0,1.3,2.327560829887756
3000.0,200.0,273.0,0.001,0.03231853134871974
3000.0,200.0,273.0,0.0013130324344878836,0.04207524989416095
3000.0,200.0,273.0,0.0017240541740171785,0.054660572967826046
3000.0,200.0,273.0,0.0022637390492987737,0.07083024287496244
3000.0,200.0,273.0,0.002972362794946059,0.09151085842514202
3000.0,200.0,273.0,0.003902808756829234,0.1178252452313196
3000.0,200.0,273.0,0.00512451448332012,0.15111553205562572
3000.0,200.0,273.0,0.0067286537276022365,0.19295958544809333
3000.0,200.0,273.0,0.008834940584779547,0.24517433165500163
3000.0,200.0,273.0,0.01160056354458889,0.30979784393707016
3000.0,200.0,273.0,0.015231916192382951,0.38904199125430167
3000.0,200.0,273.0,0.020000000000000004,0.48520977321112163
3000.0,200.0,273.0,0.02288290047345013,0.5397163207356931
3000.0,200.0,273.0,0.026181356703891212,0.5991819954497531
3000.0,200.0,273.0,0.029955268985751946,0.6638540978199876
3000.0,200.0,273.0,0.03427317194281946,0.7339593695899306
3000.0,200.0,273.0,0.03921347912384905,0.8096988642452939
3000.0,200.0,273.0,0.04486590700043761,0.891242963907197
3000.0,200.0,273.0,0.051333104227104166,0.9787267062654262
3000.0,200.0,273.0,0.05873251575110334,1.0722455832053526
3000.0,200.0,273.0,0.06719851562439198,1.171851963444058
3000.0,200.0,273.0,0.07688484724982726,1.2775522756560695
3000.0,200.0,273.0,0.08796741537671066,1.389305067631813
3000.0,200.0,273.0,0.10064748054859585,1.5070200324149303
3000.0,200.0,273.0,0.11515531401485132,1.6305580650683917
3000.0,200.0,273.0,0.131754379479537,1.7597323838534433
3000.0,200.0,273.0,0.15074611762857124,1.8943107165316775
3000.0,200.0,273.0,0.1724754203226801,2.034018515381296
3000.0,200.0,273.0,0.1973368938680183,2.178543123250785
3000.0,200.0,273.0,0.22578202510608278,2.327538769129296
3000.0,200.0,273.0,0.2583273804598255,2.4806322290257805
3000.0,200.0,273.0,0.2955639868314636,2.637428951981344
3000.0,200.0,273.0,0.33816806471002536,2.797519427969776
3000.0,200.0,273.0,0.38691330840293764,2.960485569277635
3000.0,200.0,273.0,0.4426849364018869,3.125906891776769
3000.0,200.0,273.0,0.5064957670389989,3.2933663153987895
3000.0,200.0,273.0,0.5795046113688597,3.462455448285593
3000.0,200.0,273.0,0.6630373172929507,3.6327792681214643
3000.0,200.0,273.0,0.7586108470898982,3.803960158198419
3000.0,200.0,273.0,0.8679608256018917,3.975641287850072
3000.0,200.0,273.0,0.9930730593550847,4.147489343700731
3000.0,200.0,273.0,1.1362195990043518,4.31919662079933
3000.0,200.0,273.0,1.3,4.490482476077865
3000.0,200.0,298.0,0.001,0.012334340599388413
3000.0,200.0,298.0,0.0013130324344878836,0.016145966871771247
3000.0,200.0,298.0,0.0017240541740171785,0.021116850502087618
3000.0,200.0,298.0,0.0022637390492987737,0.02758746377971735
3000.0,200.0,298.0,0.002972362794946059,0.03599092648175229
3000.0,200.0,298.0,0.003902808756829234,0.0468741862588251
3000.0,200.0,298.0,0.00512451448332012,0.0609221188357235
3000.0,200.0,298.0,0.0067286537276022365,0.07898412007177358
3000.0,200.0,298.0,0.008834940584779547,0.10210226113536608
3000.0,200.0,298.0,0.01160056354458889,0.13153923501830725
3000.0,200.0,298.0,0.015231916192382951,0.1688029365028591
3000.0,200.0,298.0,0.020000000000000004,0.21566250951182028
3000.0,200.0,298.0,0.02288290047345013,0.24299153870630555
3000.0,200.0,298.0,0.026181356703891212,0.27342707579663533
3000.0,200.0,298.0,0.029955268985751946,0.3072498700172236
3000.0,200.0,298.0,0.03427317194281946,0.34475157982502547
3000.0,200.0,298.0,0.03921347912384905,0.3862321458061277
3000.0,200.0,298.0,0.04486590700043761,0.43199653209055544
3000.0,200.0,298.0,0.051333104227104166,0.4823508427222339
3000.0,200.0,298.0,0.05873251575110334,0.537597849631288
3000.0,200.0,298.0,0.06719851562439198,0.5980320009223984
3000.0,200.0,298.0,0.07688484724982726,0.6639340102298725
3000.0,200.0,298.0,0.08796741537671066,0.7355651578823201
3000.0,200.0,298.0,0.10064748054859585,0.813161460555965
3000.0,200.0,298.0,0.11515531401485132,0.8969278861177469
3000.0,200.0,298.0,0.131754379479537,0.9870328029455577
3000.0,200.0,298.0,0.15074611762857124,1.083602857170879
3000.0,200.0,298.0,0.1724754203226801,1.1867184667032649
3000.0,200.0,298.0,0.1973368938680183,1.2964101079521333
3000.0,200.0,298.0,0.22578202510608278,1.4126555507888519
3000.0,200.0,298.0,0.2583273804598255,1.5353781706341523
3000.0,200.0,298.0,0.2955639868314636,1.6644464345710182
3000.0,200.0,298.0,0.33816806471002536,1.7996746215667139
3000.0,200.0,298.0,0.38691330840293764,1.9408247953084363
3000.0,200.0,298.0,0.4426849364018869,2.0876100018993
3000.0,200.0,298.0,0.5064957670389989,2.239698614567149
3000.0,200.0,298.0,0.5795046113688597,2.3967196959404737
3000.0,200.0,298.0,0.6630373172929507,2.5582691994812237
3000.0,200.0,298.0,0.7586108470898982,2.723916790856984
3000.0,200.0,298.0,0.8679608256018917,2.89321304310653
3000.0,200.0,298.0,0.9930730593550847,3.0656967506855533
3000.0,200.0,298.0,1.1362195990043518,3.2409021182135493
3000.0,200.0,298.0,1.3,3.418365607620356
3000.0,200.0,323.0,0.001,0.0054389748350848945
3000.0,200.0,323.0,0.0013130324344878836,0.007132890495859849
3000.0,200.0,323.0,0.0017240541740171785,0.009350919342832224
3000.0,200.0,323.0,0.0022637390492987737,0.012252842866136465
3000.0,200.0,323.0,0.002972362794946059,0.016045548464828988
3000.0,200.0,323.0,0.003902808756829234,0.020995884362422924
3000.0,200.0,323.0,0.00512451448332012,0.027446403118458494
3000.0,200.0,323.0,0.0067286537276022365,0.03583430559929838
3000.0,200.0,323.0,0.008834940584779547,0.04671375989360029
3000.0,200.0,323.0,0.01160056354458889,0.06078154161108243
3000.0,200.0,323.0,0.015231916192382951,0.07890559433829154
3000.0,200.0,323.0,0.020000000000000004,0.10215557956640846
3000.0,200.0,323.0,0.02288290047345013,0.11593553787618613
3000.0,200.0,323.0,0.026181356703891212,0.13146338280529785
3000.0,200.0,323.0,0.029955268985751946,0.14893581040428025
3000.0,200.0,323.0,0.03427317194281946,0.16856637426554003
3000.0,200.0,323.0,0.03921347912384905,0.19058580725072674
3000.0,200.0,323.0,0.04486590700043761,0.21524205690506068
3000.0,200.0,323.0,0.051333104227104166,0.24279995892039266
3000.0,200.0,323.0,0.05873251575110334,0.27354046901219725
3000.0,200.0,323.0,0.06719851562439198,0.30775937427965655
3000.0,200.0,323.0,0.07688484724982726,0.34576541173640785
3000.0,200.0,323.0,0.08796741537671066,0.3878777350279437
3000.0,200.0,323.0,0.10064748054859585,0.43442269060757466
3000.0,200.0,323.0,0.11515531401485132,0.4857298913803483
3000.0,200.0,323.0,0.131754379479537,0.5421276079327934
3000.0,200.0,323.0,0.15074611762857124,0.6039375332466291
3000.0,200.0,323.0,0.1724754203226801,0.6714690140953566
3000.0,200.0,323.0,0.1973368938680183,0.7450128787193432
3000.0,200.0,323.0,0.22578202510608278,0.8248350233758928
3000.0,200.0,323.0,0.2583273804598255,0.9111699476275805
3000.0,200.0,323.0,0.2955639868314636,1.0042144477985255
3000.0,200.0,323.0,0.33816806471002536,1.1041216884877831
3000.0,200.0,323.0,0.38691330840293764,1.2109958726517394
3000.0,200.0,323.0,0.4426849364018869,1.3248877215009724
3000.0,200.0,323.0,0.5064957670389989,1.4457909567877503
3000.0,200.0,323.0,0.5795046113688597,1.573639950759074
3000.0,200.0,323.0,0.6630373172929507,1.7083086738933642
3000.0,200.0,323.0,0.7586108470898982,1.8496110281468476
3000.0,200.0,323.0,0.8679608256018917,1.9973026043625302
3000.0,200.0,323.0,0.9930730593550847,2.1510838476142666
3000.0,200.0,323.0,1.1362195990043518,2.310604555335099
3000.0,200.0,323.0,1.3,2.475469573257139
3000.0,300.0,273.0,0.001,0.05359971635814383
3000.0,300.0,273.0,0.0013130324344878836,0.06894938597158891
3000.0,300.0,273.0,0.0017240541740171785,0.08834782846981615
3000.0,300.0,273.0,0.0022637390492987737,0.11271826879501169
3000.0,300.0,273.0,0.002972362794946059,0.14314261731407313
3000.0,300.0,273.0,0.003902808756829234,0.18086901601048
3000.0,300.0,273.0,0.00512451448332012,0.22730970379493023
3000.0,300.0,273.0,0.0067286537276022365,0.28402584784644447
3000.0,300.0,273.0,0.008834940584779547,0.3526977417902143
3000.0,300.0,273.0,0.01160056354458889,0.4350809602002239
3000.0,300.0,273.0,0.015231916192382951,0.5329505790838533
3000.0,300.0,273.0,0.020000000000000004,0.6480357745224006
3000.0,300.0,273.0,0.02288290047345013,0.7118012549057962
3000.0,300.0,273.0,0.026181356703891212,0.7803506038727223
3000.0,300.0,273.0,0.029955268985751946,0.8538477001667162
3000.0,300.0,273.0,0.03427317194281946,0.9324391928422968
3000.0,300.0,273.0,0.03921347912384905,1.016251702733974
3000.0,300.0,273.0,0.04486590700043761,1.1053889476860104
3000.0,300.0,273.0,0.051333104227104166,1.199928835111646
3000.0,300.0,273.0,0.05873251575110334,1.2999205874570032
3000.0,300.0,273.0,0.06719851562439198,1.405381990664892
3000.0,300.0,273.0,0.07688484724982726,1.5162968803684251
3000.0,300.0,273.0,0.08796741537671066,1.632613002027107
3000.0,300.0,273.0,0.10064748054859585,1.7542403956498382
3000.0,300.0,273.0,0.11515531401485132,1.881050459027911
3000.0,300.0,273.0,0.131754379479537,2.0128758318488598
3000.0,300.0,273.0,0.15074611762857124,2.1495112142231703
3000.0,300.0,273.0,0.1724754203226801,2.290715186662987
3000.0,300.0,273.0,0.1973368938680183,2.436213036863569
3000.0,300.0,273.0,0.22578202510608278,2.585700527370226
3000.0,300.0,273.0,0.2583273804598255,2.7388484657920986
3000.0,300.0,273.0,0.2955639868314636,2.895307875721398
3000.0,300.0,273.0,0.33816806471002536,3.0547155217785513
3000.0,300.0,273.0,0.38691330840293764,3.2166995236717404
3000.0,300.0,273.0,0.4426849364018869,3.38088480497977
3000.0,300.0,273.0,0.5064957670389989,3.546898160385824
3000.0,300.0,273.0,0.5795046113688597,3.714372783106961
3000.0,300.0,273.0,0.6630373172929507,3.8829521615559957
3000.0,300.0,273.0,0.7586108470898982,4.052293318997656
3000.0,300.0,273.0,0.8679608256018917,4.222069421818193
3000.0,300.0,273.0,0.9930730593550847,4.391971814460441
3000.0,300.0,273.0,1.1362195990043518,4.561711550465243
3000.0,300.0,273.0,1.3,4.731020482629067
3000.0,300.0,298.0,0.001,0.018772463702954822
3000.0,300.0,298.0,0.0013130324344878836,0.024471414528771978
3000.0,300.0,298.0,0.0017240541740171785,0.03184074041233275
3000.0,300.0,298.0,0.0022637390492987737,0.04133620175068989
3000.0,300.0,298.0,0.002972362794946059,0.05352135541030443
3000.0,300.0,298.0,0.003902808756829234,0.06908654304651941
3000.0,300.0,298.0,0.00512451448332012,0.08886918002106432
3000.0,300.0,298.0,0.0067286537276022365,0.11387441480316414
3000.0,300.0,298.0,0.008834940584779547,0.1452941553352027
3000.0,300.0,298.0,0.01160056354458889,0.18452096284696795
3000.0,300.0,298.0,0.015231916192382951,0.23315191033167812
3000.0,300.0,298.0,0.020000000000000004,0.2929769871182747
3000.0,300.0,298.0,0.02288290047345013,0.32728771273234397
3000.0,300.0,298.0,0.026181356703891212,0.3650577159647228
3000.0,300.0,298.0,0.029955268985751946,0.4065386946794062
3000.0,300.0,298.0,0.03427317194281946,0.4519844778305559
3000.0,300.0,298.0,0.03921347912384905,0.5016483567443971
3000.0,300.0,298.0,0.04486590700043761,0.5557801665626678
3000.0,300.0,298.0,0.051333104227104166,0.6146231528096668
3000.0,300.0,298.0,0.05873251575110334,0.6784106617340747
3000.0,300.0,298.0,0.06719851562439198,0.747362696406395
3000.0,300.0,298.0,0.07688484724982726,0.8216823837084926
3000.0,300.0,298.0,0.08796741537671066,0.9015524004360234
3000.0,300.0,298.0,0.10064748054859585,0.9871314099390196
3000.0,300.0,298.0,0.11515531401485132,1.0785505645045554
3000.0,300.0,298.0,0.131754379479537,1.175910133808882
3000.0,300.0,298.0,0.15074611762857124,1.2792763271604717
3000.0,300.0,298.0,0.1724754203226801,1.3886783876084412
3000.0,300.0,298.0,0.1973368938680183,1.5041060492151752
3000.0,300.0,298.0,0.22578202510608278,1.6255074635161495
3000.0,300.0,298.0,0.2583273804598255,1.7527877144960913
3000.0,300.0,298.0,0.2955639868314636,1.8858080490085125
3000.0,300.0,298.0,0.33816806471002536,2.024385946494117
3000.0,300.0,298.0,0.38691330840293764,2.168296133649489
3000.0,300.0,298.0,0.4426849364018869,2.3172726137975346
3000.0,300.0,298.0,0.5064957670389989,2.4710117277049175
3000.0,300.0,298.0,0.5795046113688597,2.6291761968889134
3000.0,300.0,298.0,0.6630373172929507,2.7914000300175466
3000.0,300.0,298.0,0.7586108470898982,2.9572941080284476
3000.0,300.0,298.0,0.8679608256018917,3.126452214365781
3000.0,300.0,298.0,0.9930730593550847,3.2984572512275308
3000.0,300.0,298.0,1.1362195990043518,3.4728873845683808
3000.0,300.0,298.0,1.3,3.649321888174796
3000.0,300.0,323.0,0.001,0.007672789824812928
3000.0,300.0,323.0,0.0013130324344878836,0.010048336897703245
3000.0,300.0,323.0,0.0017240541740171785,0.013149348089767273
3000.0,300.0,323.0,0.0022637390492987737,0.017190781371784217
3000.0,300.0,323.0,0.002972362794946059,0.022447218163769475
3000.0,300.0,323.0,0.003902808756829234,0.02926713392996236
3000.0,300.0,323.0,0.00512451448332012,0.03808951866183423
3000.0,300.0,323.0,0.0067286537276022365,0.049462855692776635
3000.0,300.0,323.0,0.008834940584779547,0.06406635795029832
3000.0,300.0,323.0,0.01160056354458889,0.08273317651184114
3000.0,300.0,323.0,0.015231916192382951,0.10647488867989563
3000.0,300.0,323.0,0.020000000000000004,0.13650571946929976
3000.0,300.0,323.0,0.02288290047345013,0.15411060092968684
3000.0,300.0,323.0,0.026181356703891212,0.1737959526162654
3000.0,300.0,323.0,0.029955268985751946,0.1957711876013934
3000.0,300.0,323.0,0.03427317194281946,0.22025991681032817
3000.0,300.0,323.0,0.03921347912384905,0.2474994764588831
3000.0,300.0,323.0,0.04486590700043761,0.27774008973609265
3000.0,300.0,323.0,0.051333104227104166,0.31124362317095605
3000.0,300.0,323.0,0.05873251575110334,0.3482819094978201
3000.0,300.0,323.0,0.06719851562439198,0.3891346224306117
3000.0,300.0,323.0,0.07688484724982726,0.4340867036081491
3000.0,300.0,323.0,0.08796741537671066,0.483425357193947
3000.0,300.0,323.0,0.10064748054859585,0.5374366425254864
3000.0,300.0,323.0,0.11515531401485132,0.5964017093676295
3000.0,300.0,323.0,0.131754379479537,0.6605927334495745
3000.0,300.0,323.0,0.15074611762857124,0.7302686217945457
3000.0,300.0,323.0,0.1724754203226801,0.8056705675374407
3000.0,300.0,323.0,0.1973368938680183,0.8870175420250682
3000.0,300.0,323.0,0.22578202510608278,0.9745018176115563
3000.0,300.0,323.0,0.2583273804598255,1.0682846176019263
3000.0,300.0,323.0,0.2955639868314636,1.1684919907025104
3000.0,300.0,323.0,0.33816806471002536,1.2752110071565566
3000.0,300.0,323.0,0.38691330840293764,1.3884863738970816
3000.0,300.0,323.0,0.4426849364018869,1.5083175677718403
3000.0,300.0,323.0,0.5064957670389989,1.6346565894974814
3000.0,300.0,323.0,0.5795046113688597,1.7674064452177884
3000.0,300.0,323.0,0.6630373172929507,1.9064204643018674
3000.0,300.0,323.0,0.7586108470898982,2.0515025568620886
3000.0,300.0,323.0,0.8679608256018917,2.202408497661127
3000.0,300.0,323.0,0.9930730593550847,2.358848291158491
3000.0,300.0,323.0,1.1362195990043518,2.520489624786259
3000.0,300.0,323.0,1.3,2.6869623572822245
3000.0,400.0,273.0,0.001,0.13110813562670354
3000.0,400.0,273.0,0.0013130324344878836,0.1632038113850238
3000.0,400.0,273.0,0.0017240541740171785,0.2017659294720079
3000.0,400.0,273.0,0.0022637390492987737,0.24764420042862517
3000.0,400.0,273.0,0.002972362794946059,0.30167615349190885
3000.0,400.0,273.0,0.003902808756829234,0.3646688749095959
3000.0,400.0,273.0,0.00512451448332012,0.43739586536038433
3000.0,400.0,273.0,0.0067286537276022365,0.5206135977010593
3000.0,400.0,273.0,0.008834940584779547,0.6150969011340324
3000.0,400.0,273.0,0.01160056354458889,0.7216853962868146
3000.0,400.0,273.0,0.015231916192382951,0.8413267323188246
3000.0,400.0,273.0,0.020000000000000004,0.9750988508250544
3000.0,400.0,273.0,0.02288290047345013,1.0468264795764644
3000.0,400.0,273.0,0.026181356703891212,1.12245086266911
3000.0,400.0,273.0,0.029955268985751946,1.2021239667235357
3000.0,400.0,273.0,0.03427317194281946,1.2859949735612537
3000.0,400.0,273.0,0.03921347912384905,1.374206277332644
3000.0,400.0,273.0,0.04486590700043761,1.4668891107916626
3000.0,400.0,273.0,0.051333104227104166,1.5641589612731466
3000.0,400.0,273.0,0.05873251575110334,1.6661109507279985
3000.0,400.0,273.0,0.06719851562439198,1.7728153601768881
3000.0,400.0,273.0,0.07688484724982726,1.8843134779845092
3000.0,400.0,273.0,0.08796741537671066,2.0006139442774713
3000.0,400.0,273.0,0.10064748054859585,2.1216897510823207
3000.0,400.0,273.0,0.11515531401485132,2.2474760391433133
3000.0,400.0,273.0,0.131754379479537,2.3778688070563585
3000.0,400.0,273.0,0.15074611762857124,2.5127246152541503
3000.0,400.0,273.0,0.1724754203226801,2.6518613259270882
3000.0,400.0,273.0,0.1973368938680183,2.795059870972363
3000.0,400.0,273.0,0.22578202510608278,2.9420669864031526
3000.0,400.0,273.0,0.2583273804598255,3.092598798406295
3000.0,400.0,273.0,0.2955639868314636,3.246345100076709
3000.0,400.0,273.0,0.33816806471002536,3.402974125652878
3000.0,400.0,273.0,0.38691330840293764,3.5621376161148643
3000.0,400.0,273.0,0.4426849364018869,3.723475978325345
3000.0,400.0,273.0,0.5064957670389989,3.88662336735409
3000.0,400.0,273.0,0.5795046113688597,4.051212562081167
3000.0,400.0,273.0,0.6630373172929507,4.216879548804316
3000.0,400.0,273.0,0.7586108470898982,4.383267767038357
3000.0,400.0,273.0,0.8679608256018917,4.550031998481263
3000.0,400.0,273.0,0.9930730593550847,4.716841890442745
3000.0,400.0,273.0,1.1362195990043518,4.883385099675958
3000.0,400.0,273.0,1.3,5.049370026489563
3000.0,400.0,298.0,0.001,0.04052715777174814
3000.0,400.0,298.0,0.0013130324344878836,0.0520992571225668
3000.0,400.0,298.0,0.0017240541740171785,0.06669203381018927
3000.0,400.0,298.0,0.0022637390492987737,0.0849728147824886
3000.0,400.0,298.0,0.002972362794946059,0.10771399077539559
3000.0,400.0,298.0,0.003902808756829234,0.13579560209891556
3000.0,400.0,298.0,0.00512451448332012,0.17020148533721022
3000.0,400.0,298.0,0.0067286537276022365,0.21200714474380555
3000.0,400.0,298.0,0.008834940584779547,0.26235954902779374
3000.0,400.0,298.0,0.01160056354458889,0.3224520213833565
3000.0,400.0,298.0,0.015231916192382951,0.39349995916590075
3000.0,400.0,298.0,0.020000000000000004,0.4767238000706335
3000.0,400.0,298.0,0.02288290047345013,0.5227469339581782
3000.0,400.0,298.0,0.026181356703891212,0.5721927223529664
3000.0,400.0,298.0,0.029955268985751946,0.6252094890196247
3000.0,400.0,298.0,0.03427317194281946,0.6819465157850819
3000.0,400.0,298.0,0.03921347912384905,0.74255426720538
3000.0,400.0,298.0,0.04486590700043761,0.807184381664229
3000.0,400.0,298.0,0.051333104227104166,0.8759893074030547
3000.0,400.0,298.0,0.05873251575110334,0.9491214719690267
3000.0,400.0,298.0,0.06719851562439198,1.02673189625242
3000.0,400.0,298.0,0.07688484724982726,1.10896819849876
3000.0,400.0,298.0,0.08796741537671066,1.1959719765670385
3000.0,400.0,298.0,0.10064748054859585,1.287875604146289
3000.0,400.0,298.0,0.11515531401485132,1.3847985239896254
3000.0,400.0,298.0,0.131754379479537,1.4868431641170101
3000.0,400.0,298.0,0.15074611762857124,1.5940906379865898
3000.0,400.0,298.0,0.1724754203226801,1.706596414774305
3000.0,400.0,298.0,0.1973368938680183,1.824386160332056
3000.0,400.0,298.0,0.22578202510608278,1.9474519531703487
3000.0,400.0,298.0,0.2583273804598255,2.0757490732675015
3000.0,400.0,298.0,0.2955639868314636,2.209193544783185
3000.0,400.0,298.0,0.33816806471002536,2.347660586646289
3000.0,400.0,298.0,0.38691330840293764,2.490984087260755
3000.0,400.0,298.0,0.4426849364018869,2.6389571716548264
3000.0,400.0,298.0,0.5064957670389989,2.7913338731935187
3000.0,400.0,298.0,0.5795046113688597,2.9478318614121948
3000.0,400.0,298.0,0.6630373172929507,3.108136118494973
3000.0,400.0,298.0,0.7586108470898982,3.27190340638851
3000.0,400.0,298.0,0.8679608256018917,3.438767331059111
3000.0,400.0,298.0,0.9930730593550847,3.608343794367744
3000.0,400.0,298.0,1.1362195990043518,3.7802366283442197
3000.0,400.0,298.0,1.3,3.954043228201829
3000.0,400.0,323.0,0.001,0.014363758914722621
3000.0,400.0,323.0,0.0013130324344878836,0.018720221969074236
3000.0,400.0,323.0,0.0017240541740171785,0.02435010006598081
3000.0,400.0,323.0,0.0022637390492987737,0.03159800789941455
3000.0,400.0,323.0,0.002972362794946059,0.040887992650387915
3000.0,400.0,323.0,0.003902808756829234,0.05273633153117328
3000.0,400.0,323.0,0.00512451448332012,0.06776484276569306
3000.0,400.0,323.0,0.0067286537276022365,0.08671426157857652
3000.0,400.0,323.0,0.008834940584779547,0.11045669898979182
3000.0,400.0,323.0,0.01160056354458889,0.14000531268823094
3000.0,400.0,323.0,0.015231916192382951,0.17651841072518923
3000.0,400.0,323.0,0.020000000000000004,0.22129497058446349
3000.0,400.0,323.0,0.02288290047345013,0.24692110028146505
3000.0,400.0,323.0,0.026181356703891212,0.2750961991551665
3000.0,400.0,323.0,0.029955268985751946,0.3060073934205855
3000.0,400.0,323.0,0.03427317194281946,0.3398459371430561
3000.0,400.0,323.0,0.03921347912384905,0.37680617618989476
3000.0,400.0,323.0,0.04486590700043761,0.4170845161761711
3000.0,400.0,323.0,0.051333104227104166,0.46087842377238775
3000.0,400.0,323.0,0.05873251575110334,0.508385478662191
3000.0,400.0,323.0,0.06719851562439198,0.5598024772704248
3000.0,400.0,323.0,0.07688484724982726,0.6153245703509408
3000.0,400.0,323.0,0.08796741537671066,0.6751443963331886
3000.0,400.0,323.0,0.10064748054859585,0.7394511531624205
3000.0,400.0,323.0,0.11515531401485132,0.8084295358255679
3000.0,400.0,323.0,0.131754379479537,0.8822584576141791
3000.0,400.0,323.0,0.15074611762857124,0.9611094729973777
3000.0,400.0,323.0,0.1724754203226801,1.0451448305677693
3000.0,400.0,323.0,0.1973368938680183,1.1345151064153816
3000.0,400.0,323.0,0.22578202510608278,1.229356400420017
3000.0,400.0,323.0,0.2583273804598255,1.3297871177023348
3000.0,400.0,323.0,0.2955639868314636,1.4359044010393842
3000.0,400.0,323.0,0.33816806471002536,1.5477803231240181
3000.0,400.0,323.0,0.38691330840293764,1.6654579860204362
3000.0,400.0,323.0,0.4426849364018869,1.7889477056421768
3000.0,400.0,323.0,0.5064957670389989,1.9182234790454515
3000.0,400.0,323.0,0.5795046113688597,2.053219940037288
3000.0,400.0,323.0,0.6630373172929507,2.1938300027932875
3000.0,400.0,323.0,0.7586108470898982,2.3399033729989935
3000.0,400.0,323.0,0.8679608256018917,2.4912460712138778
3000.0,400.0,323.0,0.9930730593550847,2.647621064610807
3000.0,400.0,323.0,1.1362195990043518,2.8087500436837907
3000.0,400.0,323.0,1.3,2.974316314834899
3000.0,500.0,273.0,0.001,0.4293136705794122
3000.0,500.0,273.0,0.0013130324344878836,0.49751819491781557
3000.0,500.0,273.0,0.0017240541740171785,0.5712223899983957
3000.0,500.0,273.0,0.0022637390492987737,0.6501465628615732
3000.0,500.0,273.0,0.002972362794946059,0.7341009555854878
3000.0,500.0,273.0,0.003902808756829234,0.8230616047635391
3000.0,500.0,273.0,0.00512451448332012,0.9172348591667423
3000.0,500.0,273.0,0.0067286537276022365,1.0171062441560825
3000.0,500.0,273.0,0.008834940584779547,1.123471447365787
3000.0,500.0,273.0,0.01160056354458889,1.2374469766398377
3000.0,500.0,273.0,0.015231916192382951,1.3604560670254098
3000.0,500.0,273.0,0.020000000000000004,1.4941833693039082
3000.0,500.0,273.0,0.02288290047345013,1.5648330472537624
3000.0,500.0,273.0,0.026181356703891212,1.6387911853655739
3000.0,500.0,273.0,0.029955268985751946,1.7162902898250922
3000.0,500.0,273.0,0.03427317194281946,1.7975567836666713
3000.0,500.0,273.0,0.03921347912384905,1.8828055798458914
3000.0,500.0,273.0,0.04486590700043761,1.9722344290276494
3000.0,500.0,273.0,0.051333104227104166,2.066018219785849
3000.0,500.0,273.0,0.05873251575110334,2.164303428926973
3000.0,500.0,273.0,0.06719851562439198,2.2672029302575853
3000.0,500.0,273.0,0.07688484724982726,2.374791370943399
3000.0,500.0,273.0,0.08796741537671066,2.487101315802053
3000.0,500.0,273.0,0.10064748054859585,2.6041203416104066
3000.0,500.0,273.0,0.11515531401485132,2.725789235633285
3000.0,500.0,273.0,0.131754379479537,2.8520014145911503
3000.0,500.0,273.0,0.15074611762857124,2.982603631773628
3000.0,500.0,273.0,0.1724754203226801,3.1173979814786184
3000.0,500.0,273.0,0.1973368938680183,3.2561451437233937
3000.0,500.0,273.0,0.22578202510608278,3.3985687429327727
3000.0,500.0,273.0,0.2583273804598255,3.54436062904138
3000.0,500.0,273.0,0.2955639868314636,3.6931868364516265
3000.0,500.0,273.0,0.33816806471002536,3.8446939434831844
3000.0,500.0,273.0,0.38691330840293764,3.998515547868778
3000.0,500.0,273.0,0.4426849364018869,4.154278593966012
3000.0,500.0,273.0,0.5064957670389989,4.3116093312906925
3000.0,500.0,273.0,0.5795046113688597,4.470138743955601
3000.0,500.0,273.0,0.6630373172929507,4.629507356053906
3000.0,500.0,273.0,0.7586108470898982,4.789369377965505
3000.0,500.0,273.0,0.8679608256018917,4.949396204030613
3000.0,500.0,273.0,0.9930730593550847,5.109279298009833
3000.0,500.0,273.0,1.1362195990043518,5.268732509011819
3000.0,500.0,273.0,1.3,5.4274938513274265
3000.0,500.0,298.0,0.001,0.13175665259194
3000.0,500.0,298.0,0.0013130324344878836,0.16313726341044585
3000.0,500.0,298.0,0.0017240541740171785,0.20042982920694186
3000.0,500.0,298.0,0.0022637390492987737,0.24422905036121256
3000.0,500.0,298.0,0.002972362794946059,0.29503930392718564
3000.0,500.0,298.0,0.003902808756829234,0.3532471619809518
3000.0,500.0,298.0,0.00512451448332012,0.4191137183460216
3000.0,500.0,298.0,0.0067286537276022365,0.49279376334758634
3000.0,500.0,298.0,0.008834940584779547,0.574383840444711
3000.0,500.0,298.0,0.01160056354458889,0.6639948002678076
3000.0,500.0,298.0,0.015231916192382951,0.7618383291276135
3000.0,500.0,298.0,0.020000000000000004,0.8683130201956625
3000.0,500.0,298.0,0.02288290047345013,0.9243383099434435
3000.0,500.0,298.0,0.026181356703891212,0.9827354461470003
3000.0,500.0,298.0,0.029955268985751946,1.043629126384981
3000.0,500.0,298.0,0.03427317194281946,1.1071626444269749
3000.0,500.0,298.0,0.03921347912384905,1.173497135484021
3000.0,500.0,298.0,0.04486590700043761,1.2428101507301361
3000.0,500.0,298.0,0.051333104227104166,1.3152935400623988
3000.0,500.0,298.0,0.05873251575110334,1.3911506340136601
3000.0,500.0,298.0,0.06719851562439198,1.4705927316998177
3000.0,500.0,298.0,0.07688484724982726,1.5538349225536132
3000.0,500.0,298.0,0.08796741537671066,1.6410912954681067
3000.0,500.0,298.0,0.10064748054859585,1.732569619096563
3000.0,500.0,298.0,0.11515531401485132,1.8284656098999468
3000.0,500.0,298.0,0.131754379479537,1.928956937954924
3000.0,500.0,298.0,0.15074611762857124,2.0341971520102393
3000.0,500.0,298.0,0.1724754203226801,2.1443097321411195
3000.0,500.0,298.0,0.1973368938680183,2.2593824979792747
3000.0,500.0,298.0,0.22578202510608278,2.379462610423555
3000.0,500.0,298.0,0.2583273804598255,2.5045524026985886
3000.0,500.0,298.0,0.2955639868314636,2.6346062606288676
3000.0,500.0,298.0,0.33816806471002536,2.769528740503885
3000.0,500.0,298.0,0.38691330840293764,2.909174065284486
3000.0,500.0,298.0,0.4426849364018869,3.0533470770162814
3000.0,500.0,298.0,0.5064957670389989,3.2018056482269697
3000.0,500.0,298.0,0.5795046113688597,3.354264473411209
3000.0,500.0,298.0,0.6630373172929507,3.510400081409072
3000.0,500.0,298.0,0.7586108470898982,3.669856839820175
3000.0,500.0,298.0,0.8679608256018917,3.832253672363571
3000.0,500.0,298.0,0.9930730593550847,3.997191185583812
3000.0,500.0,298.0,1.1362195990043518,4.164258904605936
3000.0,500.0,298.0,1.3,4.333042345927974
3000.0,500.0,323.0,0.001,0.03993008196132016
3000.0,500.0,323.0,0.0013130324344878836,0.051205566815340255
3000.0,500.0,323.0,0.0017240541740171785,0.06535389432077338
3000.0,500.0,323.0,0.0022637390492987737,0.08297356666571563
3000.0,500.0,323.0,0.002972362794946059,0.1047399824197835
3000.0,500.0,323.0,0.003902808756829234,0.13139858158614312
3000.0,500.0,323.0,0.00512451448332012,0.16374965992735185
3000.0,500.0,323.0,0.0067286537276022365,0.20262365362207693
3000.0,500.0,323.0,0.008834940584779547,0.24884848906383242
3000.0,500.0,323.0,0.01160056354458889,0.3032143876710801
3000.0,500.0,323.0,0.015231916192382951,0.3664448585741578
3000.0,500.0,323.0,0.020000000000000004,0.4391839100314218
3000.0,500.0,323.0,0.02288290047345013,0.4788414258258258
3000.0,500.0,323.0,0.026181356703891212,0.5210307309930965
3000.0,500.0,323.0,0.029955268985751946,0.5658174953974249
3000.0,500.0,323.0,0.03427317194281946,0.6132693301657833
3000.0,500.0,323.0,0.03921347912384905,0.6634580408564937
3000.0,500.0,323.0,0.04486590700043761,0.716461948148796
3000.0,500.0,323.0,0.051333104227104166,0.7723681337584486
3000.0,500.0,323.0,0.05873251575110334,0.8312744618998364
3000.0,500.0,323.0,0.06719851562439198,0.8932912286715918
3000.0,500.0,323.0,0.07688484724982726,0.9585423027238911
3000.0,500.0,323.0,0.08796741537671066,1.0271656390482504
3000.0,500.0,323.0,0.10064748054859585,1.099313071787277
3000.0,500.0,323.0,0.11515531401485132,1.175149319629016
3000.0,500.0,323.0,0.131754379479537,1.2548501670094363
3000.0,500.0,323.0,0.15074611762857124,1.3385998149077551
3000.0,500.0,323.0,0.1724754203226801,1.4265874258934452
3000.0,500.0,323.0,0.1973368938680183,1.519002919002669
3000.0,500.0,323.0,0.22578202510608278,1.6160321008182503
3000.0,500.0,323.0,0.2583273804598255,1.7178512495636458
3000.0,500.0,323.0,0.2955639868314636,1.824621298698646
3000.0,500.0,323.0,0.33816806471002536,1.9364817948100528
3000.0,500.0,323.0,0.38691330840293764,2.0535448306147766
3000.0,500.0,323.0,0.4426849364018869,2.175889176267686
3000.0,500.0,323.0,0.5064957670389989,2.3035548488614426
3000.0,500.0,323.0,0.5795046113688597,2.4365383682058943
3000.0,500.0,323.0,0.6630373172929507,2.5747889432203097
3000.0,500.0,323.0,0.7586108470898982,2.718205813993933
3000.0,500.0,323.0,0.8679608256018917,2.8666369370299116
3000.0,500.0,323.0,0.9930730593550847,3.0198791446226148
3000.0,500.0,323.0,1.1362195990043518,3.1776798359378104
3000.0,500.0,323.0,1.3,3.339740172764346
5000.0,0.0,273.0,0.001,0.022131310835488274
5000.0,0.0,273.0,0.0013130324344878836,0.028949372234534893
5000.0,0.0,273.0,0.0017240541740171785,0.03782591856536259
5000.0,0.0,273.0,0.0022637390492987737,0.04935468389092359
5000.0,0.0,273.0,0.002972362794946059,0.06428324279873578
5000.0,0.0,273.0,0.003902808756829234,0.08354272314760323
5000.0,0.0,273.0,0.00512451448332012,0.10827778623038033
5000.0,0.0,273.0,0.0067286537276022365,0.13987372775547133
5000.0,0.0,273.0,0.008834940584779547,0.1799761264963608
5000.0,0.0,273.0,0.01160056354458889,0.23049689215275743
5000.0,0.0,273.0,0.015231916192382951,0.293599036823163
5000.0,0.0,273.0,0.020000000000000004,0.3716514941650781
5000.0,0.0,273.0,0.02288290047345013,0.41653175194612924
5000.0,0.0,273.0,0.026181356703891212,0.4659805123174714
5000.0,0.0,273.0,0.029955268985751946,0.5202975044819111
5000.0,0.0,273.0,0.03427317194281946,0.5797725178811468
5000.0,0.0,273.0,0.03921347912384905,0.6446796211081207
5000.0,0.0,273.0,0.04486590700043761,0.7152710392317974
5000.0,0.0,273.0,0.051333104227104166,0.7917708659132715
5000.0,0.0,273.0,0.05873251575110334,0.8743688185353836
5000.0,0.0,273.0,0.06719851562439198,0.9632142682454662
5000.0,0.0,273.0,0.07688484724982726,1.0584107904466555
5000.0,0.0,273.0,0.08796741537671066,1.160011483467393
5000.0,0.0,273.0,0.10064748054859585,1.268015292692403
5000.0,0.0,273.0,0.11515531401485132,1.3823645531267053
5000.0,0.0,273.0,0.131754379479537,1.5029439239817663
5000.0,0.0,273.0,0.15074611762857124,1.6295808337000945
5000.0,0.0,273.0,0.1724754203226801,1.7620474834945852
5000.0,0.0,273.0,0.1973368938680183,1.9000643749269517
5000.0,0.0,273.0,0.22578202510608278,2.0433052382596295
5000.0,0.0,273.0,0.2583273804598255,2.1914031522036783
5000.0,0.0,273.0,0.2955639868314636,2.343957572994483
5000.0,0.0,273.0,0.33816806471002536,2.5005419419597588
5000.0,0.0,273.0,0.38691330840293764,2.6607115236347907
5000.0,0.0,273.0,0.4426849364018869,2.8240111437764024
5000.0,0.0,273.0,0.5064957670389989,2.989982544953069
5000.0,0.0,273.0,0.5795046113688597,3.158171147651661
5000.0,0.0,273.0,0.6630373172929507,3.328132084166247
5000.0,0.0,273.0,0.7586108470898982,3.4994354472004257
5000.0,0.0,273.0,0.8679608256018917,3.671670753664053
5000.0,0.0,273.0,0.9930730593550847,3.8444506598070167
5000.0,0.0,273.0,1.1362195990043518,4.017413975638473
5000.0,0.0,273.0,1.3,4.19022801896346
5000.0,0.0,298.0,0.001,0.008880251645204775
5000.0,0.0,298.0,0.0013130324344878836,0.011643170199037975
5000.0,0.0,298.0,0.0017240541740171785,0.015258967676562344
5000.0,0.0,298.0,0.0022637390492987737,0.019986203775570265
5000.0,0.0,298.0,0.002972362794946059,0.026158605416207133
5000.0,0.0,298.0,0.003902808756829234,0.034204795336771496
5000.0,0.0,298.0,0.00512451448332012,0.044671860095051995
5000.0,0.0,298.0,0.0067286537276022365,0.05825269377960018
5000.0,0.0,298.0,0.008834940584779547,0.0758165040988911
5000.0,0.0,298.0,0.01160056354458889,0.09844104669514005
5000.0,0.0,298.0,0.015231916192382951,0.1274440392139399
5000.0,0.0,298.0,0.020000000000000004,0.1644098137010029
5000.0,0.0,298.0,0.02288290047345013,0.18619195404966768
5000.0,0.0,298.0,0.026181356703891212,0.21062450094655738
5000.0,0.0,298.0,0.029955268985751946,0.23797549165738532
5000.0,0.0,298.0,0.03427317194281946,0.26852845162337446
5000.0,0.0,298.0,0.03921347912384905,0.3025808722437244
5000.0,0.0,298.0,0.04486590700043761,0.3404420993606053
5000.0,0.0,298.0,0.051333104227104166,0.38243057499867905
5000.0,0.0,298.0,0.05873251575110334,0.42887039067916294
5000.0,0.0,298.0,0.06719851562439198,0.48008713370949785
5000.0,0.0,298.0,0.07688484724982726,0.5364030381975208
5000.0,0.0,298.0,0.08796741537671066,0.5981314891730317
5000.0,0.0,298.0,0.10064748054859585,0.6655709691933561
5000.0,0.0,298.0,0.11515531401485132,0.7389985794804307
5000.0,0.0,298.0,0.131754379479537,0.8186633088988983
5000.0,0.0,298.0,0.15074611762857124,0.9047792608593099
5000.0,0.0,298.0,0.1724754203226801,0.9975190777803871
5000.0,0.0,298.0,0.1973368938680183,1.0970078228100886
5000.0,0.0,298.0,0.22578202510608278,1.2033175872115283
5000.0,0.0,298.0,0.2583273804598255,1.3164630874325831
5000.0,0.0,298.0,0.2955639868314636,1.43639849660912
5000.0,0.0,298.0,0.33816806471002536,1.5630157193448269
5000.0,0.0,298.0,0.38691330840293764,1.696144264869527
5000.0,0.0,298.0,0.4426849364018869,1.8355528024040069
5000.0,0.0,298.0,0.5064957670389989,1.9809523966167186
5000.0,0.0,298.0,0.5795046113688597,2.132001326589763
5000.0,0.0,298.0,0.6630373172929507,2.2883112980190816
5000.0,0.0,298.0,0.7586108470898982,2.4494547766785284
5000.0,0.0,298.0,0.8679608256018917,2.614973112404263
5000.0,0.0,298.0,0.9930730593550847,2.784385095000925
5000.0,0.0,298.0,1.1362195990043518,2.9571955893945114
5000.0,0.0,298.0,1.3,3.1329039337889903
5000.0,0.0,323.0,0.001,0.004088457822275885
5000.0,0.0,323.0,0.0013130324344878836,0.005364893274511664
5000.0,0.0,323.0,0.0017240541740171785,0.007038463566567826
5000.0,0.0,323.0,0.0022637390492987737,0.009231749172257976
5000.0,0.0,323.0,0.002972362794946059,0.012104475699483787
5000.0,0.0,323.0,0.003902808756829234,0.015864290092336118
5000.0,0.0,323.0,0.00512451448332012,0.020780337246225716
5000.0,0.0,323.0,0.0067286537276022365,0.0272001489967417
5000.0,0.0,323.0,0.008834940584779547,0.03557030834800592
5000.0,0.0,323.0,0.01160056354458889,0.04646119041738749
5000.0,0.0,323.0,0.015231916192382951,0.06059574956024219
5000.0,0.0,323.0,0.020000000000000004,0.0788817559609667
5000.0,0.0,323.0,0.02288290047345013,0.08979377097912297
5000.0,0.0,323.0,0.026181356703891212,0.10215062769998101
5000.0,0.0,323.0,0.029955268985751946,0.1161267029078234
5000.0,0.0,323.0,0.03427317194281946,0.13191326127044736
5000.0,0.0,323.0,0.03921347912384905,0.14971913268740403
5000.0,0.0,323.0,0.04486590700043761,0.16977119008104458
5000.0,0.0,323.0,0.051333104227104166,0.19231456915426487
5000.0,0.0,323.0,0.05873251575110334,0.21761256532771925
5000.0,0.0,323.0,0.06719851562439198,0.24594613767350418
5000.0,0.0,323.0,0.07688484724982726,0.2776129459595961
5000.0,0.0,323.0,0.08796741537671066,0.31292584595771894
5000.0,0.0,323.0,0.10064748054859585,0.35221077122504735
5000.0,0.0,323.0,0.11515531401485132,0.39580393802554104
5000.0,0.0,323.0,0.131754379479537,0.4440483251644436
5000.0,0.0,323.0,0.15074611762857124,0.49728940311237446
5000.0,0.0,323.0,0.1724754203226801,0.5558701170352123
5000.0,0.0,323.0,0.1973368938680183,0.6201251654560845
5000.0,0.0,323.0,0.22578202510608278,0.6903746585328682
5000.0,0.0,323.0,0.2583273804598255,0.7669172848032613
5000.0,0.0,323.0,0.2955639868314636,0.8500231596929515
5000.0,0.0,323.0,0.33816806471002536,0.9399265699438665
5000.0,0.0,323.0,0.38691330840293764,1.036818862443991
5000.0,0.0,323.0,0.4426849364018869,1.1408417511214655
5000.0,0.0,323.0,0.5064957670389989,1.2520813292823334
5000.0,0.0,323.0,0.5795046113688597,1.3705630747944073
5000.0,0.0,323.0,0.6630373172929507,1.496248119582102
5000.0,0.0,323.0,0.7586108470898982,1.6290310208523608
5000.0,0.0,323.0,0.8679608256018917,1.7687392178875125
5000.0,0.0,323.0,0.9930730593550847,1.9151342853699111
5000.0,0.0,323.0,1.1362195990043518,2.0679150050305464
5000.0,0.0,323.0,1.3,2.226722178296671
5000.0,100.0,273.0,0.001,0.025109527838145854
5000.0,100.0,273.0,0.0013130324344878836,0.03280863125172258
5000.0,100.0,273.0,0.0017240541740171785,0.04280935619274196
5000.0,100.0,273.0,0.0022637390492987737,0.055762518990539967
5000.0,100.0,273.0,0.002972362794946059,0.07248119385669093
5000.0,100.0,273.0,0.003902808756829234,0.09396963105540891
5000.0,100.0,273.0,0.00512451448332012,0.12145168303147362
5000.0,100.0,273.0,0.0067286537276022365,0.15639547854990968
5000.0,100.0,273.0,0.008834940584779547,0.20052944223586416
5000.0,100.0,273.0,0.01160056354458889,0.25584274742334095
5000.0,100.0,273.0,0.015231916192382951,0.32456136215743076
5000.0,100.0,273.0,0.020000000000000004,0.409090038112331
5000.0,100.0,273.0,0.02288290047345013,0.45748985251776086
5000.0,100.0,273.0,0.026181356703891212,0.5106612403145264
5000.0,100.0,273.0,0.029955268985751946,0.5688936081494502
5000.0,100.0,273.0,0.03427317194281946,0.632461849656201
5000.0,100.0,273.0,0.03921347912384905,0.7016203221920668
5000.0,100.0,273.0,0.04486590700043761,0.776596666072619
5000.0,100.0,273.0,0.051333104227104166,0.8575856730347641
5000.0,100.0,273.0,0.05873251575110334,0.9447434294167936
5000.0,100.0,273.0,0.06719851562439198,1.0381819679746314
5000.0,100.0,273.0,0.07688484724982726,1.1379646597447006
5000.0,100.0,273.0,0.08796741537671066,1.2441025636093772
5000.0,100.0,273.0,0.10064748054859585,1.3565519259227907
5000.0,100.0,273.0,0.11515531401485132,1.4752129853292077
5000.0,100.0,273.0,0.131754379479537,1.599930188526684
5000.0,100.0,273.0,0.15074611762857124,1.730493861710393
5000.0,100.0,273.0,0.1724754203226801,1.866643311795355
5000.0,100.0,273.0,0.1973368938680183,2.008071255439723
5000.0,100.0,273.0,0.22578202510608278,2.154429398861221
5000.0,100.0,273.0,0.2583273804598255,2.30533492571171
5000.0,100.0,273.0,0.2955639868314636,2.4603776025166604
5000.0,100.0,273.0,0.33816806471002536,2.6191271886124663
5000.0,100.0,273.0,0.38691330840293764,2.7811408439822607
5000.0,100.0,273.0,0.4426849364018869,2.9459702630578737
5000.0,100.0,273.0,0.5064957670389989,3.1131683195895294
5000.0,100.0,273.0,0.5795046113688597,3.2822950772153727
5000.0,100.0,273.0,0.6630373172929507,3.452923090491959
5000.0,100.0,273.0,0.7586108470898982,3.624641980511393
5000.0,100.0,273.0,0.8679608256018917,3.797062309455842
5000.0,100.0,273.0,0.9930730593550847,3.969818795857622
5000.0,100.0,273.0,1.1362195990043518,4.14257290855531
5000.0,100.0,273.0,1.3,4.315014858570801
5000.0,100.0,298.0,0.001,0.009943960463716855
5000.0,100.0,298.0,0.0013130324344878836,0.013032749248485053
5000.0,100.0,298.0,0.0017240541740171785,0.01707152809701958
5000.0,100.0,298.0,0.0022637390492987737,0.022346000353205966
5000.0,100.0,298.0,0.002972362794946059,0.02922350269591747
5000.0,100.0,298.0,0.003902808756829234,0.03817363083119045
5000.0,100.0,298.0,0.00512451448332012,0.04979249374987048
5000.0,100.0,298.0,0.0067286537276022365,0.06483036397727272
5000.0,100.0,298.0,0.008834940584779547,0.08422194404840348
5000.0,100.0,298.0,0.01160056354458889,0.10911768535211505
5000.0,100.0,298.0,0.015231916192382951,0.14091351368306604
5000.0,100.0,298.0,0.020000000000000004,0.18127485569854704
5000.0,100.0,298.0,0.02288290047345013,0.20498337867305413
5000.0,100.0,298.0,0.026181356703891212,0.23151851734865547
5000.0,100.0,298.0,0.029955268985751946,0.26115683748562285
5000.0,100.0,298.0,0.03427317194281946,0.29418941825732564
5000.0,100.0,298.0,0.03921347912384905,0.3309199559489235
5000.0,100.0,298.0,0.04486590700043761,0.37166221520595116
5000.0,100.0,298.0,0.051333104227104166,0.41673677930886466
5000.0,100.0,298.0,0.05873251575110334,0.46646707627886774
5000.0,100.0,298.0,0.06719851562439198,0.5211746905113243
5000.0,100.0,298.0,0.07688484724982726,0.5811740085528906
5000.0,100.0,298.0,0.08796741537671066,0.6467662901339641
5000.0,100.0,298.0,0.10064748054859585,0.7182332985518972
5000.0,100.0,298.0,0.11515531401485132,0.7958306646717294
5000.0,100.0,298.0,0.131754379479537,0.879781193105267
5000.0,100.0,298.0,0.15074611762857124,0.970268345069352
5000.0,100.0,298.0,0.1724754203226801,1.0674301482669657
5000.0,100.0,298.0,0.1973368938680183,1.1713537887700844
5000.0,100.0,298.0,0.22578202510608278,1.2820711325476846
5000.0,100.0,298.0,0.2583273804598255,1.3995554042486087
5000.0,100.0,298.0,0.2955639868314636,1.5237192173014547
5000.0,100.0,298.0,0.33816806471002536,1.6544141016643266
5000.0,100.0,298.0,0.38691330840293764,1.7914316137606077
5000.0,100.0,298.0,0.4426849364018869,1.9345060390402153
5000.0,100.0,298.0,0.5064957670389989,2.0833186153909273
5000.0,100.0,298.0,0.5795046113688597,2.2375031221221495
5000.0,100.0,298.0,0.6630373172929507,2.3966526033250113
5000.0,100.0,298.0,0.7586108470898982,2.5603269354927893
5000.0,100.0,298.0,0.8679608256018917,2.728060915246151
5000.0,100.0,298.0,0.9930730593550847,2.8993725381340876
5000.0,100.0,298.0,1.1362195990043518,3.073771163099944
5000.0,100.0,298.0,1.3,3.2507653035334574
5000.0,100.0,323.0,0.001,0.004524939076960347
5000.0,100.0,323.0,0.0013130324344878836,0.0059367581348339265
5000.0,100.0,323.0,0.0017240541740171785,0.007787205958857639
5000.0,100.0,323.0,0.0022637390492987737,0.010211233968809125
5000.0,100.0,323.0,0.002972362794946059,0.013384391605418083
5000.0,100.0,323.0,0.003902808756829234,0.017534412087909467
5000.0,100.0,323.0,0.00512451448332012,0.02295569185991573
5000.0,100.0,323.0,0.0067286537276022365,0.030027126579690238
5000.0,100.0,323.0,0.008834940584779547,0.03923367972324371
5000.0,100.0,323.0,0.01160056354458889,0.051191857196446686
5000.0,100.0,323.0,0.015231916192382951,0.06667889700052393
5000.0,100.0,323.0,0.020000000000000004,0.08666491002740691
5000.0,100.0,323.0,0.02288290047345013,0.09856703917665195
5000.0,100.0,323.0,0.026181356703891212,0.11202490685550143
5000.0,100.0,323.0,0.029955268985751946,0.12722217782898265
5000.0,100.0,323.0,0.03427317194281946,0.1443596217162793
5000.0,100.0,323.0,0.03921347912384905,0.16365569646110906
5000.0,100.0,323.0,0.04486590700043761,0.18534691011914617
5000.0,100.0,323.0,0.051333104227104166,0.20968789595597695
5000.0,100.0,323.0,0.05873251575110334,0.23695112786708844
5000.0,100.0,323.0,0.06719851562439198,0.26742619680977486
5000.0,100.0,323.0,0.07688484724982726,0.30141856569312747
5000.0,100.0,323.0,0.08796741537671066,0.33924772163622324
5000.0,100.0,323.0,0.10064748054859585,0.38124465230534565
5000.0,100.0,323.0,0.11515531401485132,0.42774858851621433
5000.0,100.0,323.0,0.131754379479537,0.47910297916395544
5000.0,100.0,323.0,0.15074611762857124,0.5356506966640295
5000.0,100.0,323.0,0.1724754203226801,0.5977285102565636
5000.0,100.0,323.0,0.1973368938680183,0.6656609085425107
5000.0,100.0,323.0,0.22578202510608278,0.7397533985035728
5000.0,100.0,323.0,0.2583273804598255,0.8202854526407852
5000.0,100.0,323.0,0.2955639868314636,0.9075033154433999
5000.0,100.0,323.0,0.33816806471002536,1.0016129123108233
5000.0,100.0,323.0,0.38691330840293764,1.1027731260821239
5000.0,100.0,323.0,0.4426849364018869,1.2110897168690558
5000.0,100.0,323.0,0.5064957670389989,1.3266101586943595
5000.0,100.0,323.0,0.5795046113688597,1.449319650350416
5000.0,100.0,323.0,0.6630373172929507,1.5791385267452238
5000.0,100.0,323.0,0.7586108470898982,1.7159212498720477
5000.0,100.0,323.0,0.8679608256018917,1.8594570954136127
5000.0,100.0,323.0,0.9930730593550847,2.009472573657748
5000.0,100.0,323.0,1.1362195990043518,2.1656355361973563
5000.0,100.0,323.0,1.3,2.327560829887756
5000.0,200.0,273.0,0.001,0.03231853134871974
5000.0,200.0,273.0,0.0013130324344878836,0.04207524989416095
5000.0,200.0,273.0,0.0017240541740171785,0.054660572967826046
5000.0,200.0,273.0,0.0022637390492987737,0.07083024287496244
5000.0,200.0,273.0,0.002972362794946059,0.09151085842514202
5000.0,200.0,273.0,0.003902808756829234,0.1178252452313196
5000.0,200.0,273.0,0.00512451448332012,0.15111553205562572
5000.0,200.0,273.0,0.0067286537276022365,0.19295958544809333
5000.0,200.0,273.0,0.008834940584779547,0.24517433165500163
5000.0,200.0,273.0,0.01160056354458889,0.30979784393707016
5000.0,200.0,273.0,0.015231916192382951,0.38904199125430167
5000.0,200.0,273.0,0.020000000000000004,0.48520977321112163
5000.0,200.0,273.0,0.02288290047345013,0.5397163207356931
5000.0,200.0,273.0,0.026181356703891212,0.5991819954497531
5000.0,200.0,273.0,0.029955268985751946,0.6638540978199876
5000.0,200.0,273.0,0.03427317194281946,0.7339593695899306
5000.0,200.0,273.0,0.03921347912384905,0.8096988642452939
5000.0,200.0,273.0,0.04486590700043761,0.891242963907197
5000.0,200.0,273.0,0.051333104227104166,0.9787267062654262
5000.0,200.0,273.0,0.05873251575110334,1.0722455832053526
5000.0,200.0,273.0,0.06719851562439198,1.171851963444058
5000.0,200.0,273.0,0.07688484724982726,1.2775522756560695
5000.0,200.0,273.0,0.08796741537671066,1.389305067631813
5000.0,200.0,273.0,0.10064748054859585,1.5070200324149303
5000.0,200.0,273.0,0.11515531401485132,1.6305580650683917
5000.0,200.0,273.0,0.131754379479537,1.7597323838534433
5000.0,200.0,273.0,0.15074611762857124,1.8943107165316775
5000.0,200.0,273.0,0.1724754203226801,2.034018515381296
5000.0,200.0,273.0,0.1973368938680183,2.178543123250785
5000.0,200.0,273.0,0.22578202510608278,2.327538769129296
5000.0,200.0,273.0,0.2583273804598255,2.4806322290257805
5000.0,200.0,273.0,0.2955639868314636,2.637428951981344
5000.0,200.0,273.0,0.33816806471002536,2.797519427969776
5000.0,200.0,273.0,0.38691330840293764,2.960485569277635
5000.0,200.0,273.0,0.4426849364018869,3.125906891776769
5000.0,200.0,273.0,0.5064957670389989,3.2933663153987895
5000.0,200.0,273.0,0.5795046113688597,3.462455448285593
5000.0,200.0,273.0,0.6630373172929507,3.6327792681214643
5000.0,200.0,273.0,0.7586108470898982,3.803960158198419
5000.0,200.0,273.0,0.8679608256018917,3.975641287850072
5000.0,200.0,273.0,0.9930730593550847,4.147489343700731
5000.0,200.0,273.0,1.1362195990043518,4.31919662079933
5000.0,200.0,273.0,1.3,4.490482476077865
5000.0,200.0,298.0,0.001,0.012334340599388413
5000.0,200.0,298.0,0.0013130324344878836,0.016145966871771247
5000.0,200.0,298.0,0.0017240541740171785,0.021116850502087618
5000.0,200.0,298.0,0.0022637390492987737,0.02758746377971735
5000.0,200.0,298.0,0.002972362794946059,0.03599092648175229
5000.0,200.0,298.0,0.003902808756829234,0.0468741862588251
5000.0,200.0,298.0,0.00512451448332012,0.0609221188357235
5000.0,200.0,298.0,0.0067286537276022365,0.07898412007177358
5000.0,200.0,298.0,0.008834940584779547,0.10210226113536608
5000.0,200.0,298.0,0.01160056354458889,0.13153923501830725
5000.0,200.0,298.0,0.015231916192382951,0.1688029365028591
5000.0,200.0,298.0,0.020000000000000004,0.21566250951182028
5000.0,200.0,298.0,0.02288290047345013,0.24299153870630555
5000.0,200.0,298.0,0.026181356703891212,0.27342707579663533
5000.0,200.0,298.0,0.029955268985751946,0.3072498700172236
5000.0,200.0,298.0,0.03427317194281946,0.34475157982502547
5000.0,200.0,298.0,0.03921347912384905,0.3862321458061277
5000.0,200.0,298.0,0.04486590700043761,0.43199653209055544
5000.0,200.0,298.0,0.051333104227104166,0.4823508427222339
5000.0,200.0,298.0,0.05873251575110334,0.537597849631288
5000.0,200.0,298.0,0.06719851562439198,0.5980320009223984
5000.0,200.0,298.0,0.07688484724982726,0.6639340102298725
5000.0,200.0,298.0,0.08796741537671066,0.7355651578823201
5000.0,200.0,298.0,0.10064748054859585,0.813161460555965
5000.0,200.0,298.0,0.11515531401485132,0.8969278861177469
5000.0,200.0,298.0,0.131754379479537,0.9870328029455577
5000.0,200.0,298.0,0.15074611762857124,1.083602857170879
5000.0,200.0,298.0,0.1724754203226801,1.1867184667032649
5000.0,200.0,298.0,0.1973368938680183,1.2964101079521333
5000.0,200.0,298.0,0.22578202510608278,1.4126555507888519
5000.0,200.0,298.0,0.2583273804598255,1.5353781706341523
5000.0,200.0,298.0,0.2955639868314636,1.6644464345710182
5000.0,200.0,298.0,0.33816806471002536,1.7996746215667139
5000.0,200.0,298.0,0.38691330840293764,1.9408247953084363
5000.0,200.0,298.0,0.4426849364018869,2.0876100018993
5000.0,200.0,298.0,0.5064957670389989,2.239698614567149
5000.0,200.0,298.0,0.5795046113688597,2.3967196959404737
5000.0,200.0,298.0,0.6630373172929507,2.5582691994812237
5000.0,200.0,298.0,0.7586108470898982,2.723916790856984
5000.0,200.0,298.0,0.8679608256018917,2.89321304310653
5000.0,200.0,298.0,0.9930730593550847,3.0656967506855533
5000.0,200.0,298.0,1.1362195990043518,3.2409021182135493
5000.0,200.0,298.0,1.3,3.418365607620356
5000.0,200.0,323.0,0.001,0.0054389748350848945
5000.0,200.0,323.0,0.0013130324344878836,0.007132890495859849
5000.0,200.0,323.0,0.0017240541740171785,0.009350919342832224
5000.0,200.0,323.0,0.0022637390492987737,0.012252842866136465
5000.0,200.0,323.0,0.002972362794946059,0.016045548464828988
5000.0,200.0,323.0,0.003902808756829234,0.020995884362422924
5000.0,200.0,323.0,0.00512451448332012,0.027446403118458494
5000.0,200.0,323.0,0.0067286537276022365,0.03583430559929838
5000.0,200.0,323.0,0.008834940584779547,0.04671375989360029
5000.0,200.0,323.0,0.01160056354458889,0.06078154161108243
5000.0,200.0,323.0,0.015231916192382951,0.07890559433829154
5000.0,200.0,323.0,0.020000000000000004,0.10215557956640846
5000.0,200.0,323.0,0.02288290047345013,0.11593553787618613
5000.0,200.0,323.0,0.026181356703891212,0.13146338280529785
5000.0,200.0,323.0,0.029955268985751946,0.14893581040428025
5000.0,200.0,323.0,0.03427317194281946,0.16856637426554003
5000.0,200.0,323.0,0.03921347912384905,0.19058580725072674
5000.0,200.0,323.0,0.04486590700043761,0.21524205690506068
5000.0,200.0,323.0,0.051333104227104166,0.24279995892039266
5000.0,200.0,323.0,0.05873251575110334,0.27354046901219725
5000.0,200.0,323.0,0.06719851562439198,0.30775937427965655
5000.0,200.0,323.0,0.07688484724982726,0.34576541173640785
5000.0,200.0,323.0,0.08796741537671066,0.3878777350279437
5000.0,200.0,323.0,0.10064748054859585,0.43442269060757466
5000.0,200.0,323.0,0.11515531401485132,0.4857298913803483
5000.0,200.0,323.0,0.131754379479537,0.5421276079327934
5000.0,200.0,323.0,0.15074611762857124,0.6039375332466291
5000.0,200.0,323.0,0.1724754203226801,0.6714690140953566
5000.0,200.0,323.0,0.1973368938680183,0.7450128787193432
5000.0,200.0,323.0,0.22578202510608278,0.8248350233758928
5000.0,200.0,323.0,0.2583273804598255,0.9111699476275805
5000.0,200.0,323.0,0.2955639868314636,1.0042144477985255
5000.0,200.0,323.0,0.33816806471002536,1.1041216884877831
5000.0,200.0,323.0,0.38691330840293764,1.2109958726517394
5000.0,200.0,323.0,0.4426849364018869,1.3248877215009724
5000.0,200.0,323.0,0.5064957670389989,1.4457909567877503
5000.0,200.0,323.0,0.5795046113688597,1.573639950759074
5000.0,200.0,323.0,0.6630373172929507,1.7083086738933642
5000.0,200.0,323.0,0.7586108470898982,1.8496110281468476
5000.0,200.0,323.0,0.8679608256018917,1.9973026043625302
5000.0,200.0,323.0,0.9930730593550847,2.1510838476142666
5000.0,200.0,323.0,1.1362195990043518,2.310604555335099
5000.0,200.0,323.0,1.3,2.475469573257139
5000.0,300.0,273.0,0.001,0.05359971635814383
5000.0,300.0,273.0,0.0013130324344878836,0.06894938597158891
5000.0,300.0,273.0,0.0017240541740171785,0.08834782846981615
5000.0,300.0,273.0,0.0022637390492987737,0.11271826879501169
5000.0,300.0,273.0,0.002972362794946059,0.14314261731407313
5000.0,300.0,273.0,0.003902808756829234,0.18086901601048
5000.0,300.0,273.0,0.00512451448332012,0.22730970379493023
5000.0,300.0,273.0,0.0067286537276022365,0.28402584784644447
5000.0,300.0,273.0,0.008834940584779547,0.3526977417902143
5000.0,300.0,273.0,0.01160056354458889,0.4350809602002239
5000.0,300.0,273.0,0.015231916192382951,0.5329505790838533
5000.0,300.0,273.0,0.020000000000000004,0.6480357745224006
5000.0,300.0,273.0,0.02288290047345013,0.7118012549057962
5000.0,300.0,273.0,0.026181356703891212,0.7803506038727223
5000.0,300.0,273.0,0.029955268985751946,0.8538477001667162
5000.0,300.0,273.0,0.03427317194281946,0.9324391928422968
5000.0,300.0,273.0,0.03921347912384905,1.016251702733974
5000.0,300.0,273.0,0.04486590700043761,1.1053889476860104
5000.0,300.0,273.0,0.051333104227104166,1.199928835111646
5000.0,300.0,273.0,0.05873251575110334,1.2999205874570032
5000.0,300.0,273.0,0.06719851562439198,1.405381990664892
5000.0,300.0,273.0,0.07688484724982726,1.5162968803684251
5000.0,300.0,273.0,0.08796741537671066,1.632613002027107
5000.0,300.0,273.0,0.10064748054859585,1.7542403956498382
5000.0,300.0,273.0,0.11515531401485132,1.881050459027911
5000.0,300.0,273.0,0.131754379479537,2.0128758318488598
5000.0,300.0,273.0,0.15074611762857124,2.1495112142231703
5000.0,300.0,273.0,0.1724754203226801,2.290715186662987
5000.0,300.0,273.0,0.1973368938680183,2.436213036863569
5000.0,300.0,273.0,0.22578202510608278,2.585700527370226
5000.0,300.0,273.0,0.2583273804598255,2.7388484657920986
5000.0,300.0,273.0,0.2955639868314636,2.895307875721398
5000.0,300.0,273.0,0.33816806471002536,3.0547155217785513
5000.0,300.0,273.0,0.38691330840293764,3.2166995236717404
5000.0,300.0,273.0,0.4426849364018869,3.38088480497977
5000.0,300.0,273.0,0.5064957670389989,3.546898160385824
5000.0,300.0,273.0,0.5795046113688597,3.714372783106961
5000.0,300.0,273.0,0.6630373172929507,3.8829521615559957
5000.0,300.0,273.0,0.7586108470898982,4.052293318997656
5000.0,300.0,273.0,0.8679608256018917,4.222069421818193
5000.0,300.0,273.0,0.9930730593550847,4.391971814460441
5000.0,300.0,273.0,1.1362195990043518,4.561711550465243
5000.0,300.0,273.0,1.3,4.731020482629067
5000.0,300.0,298.0,0.001,0.018772463702954822
5000.0,300.0,298.0,0.0013130324344878836,0.024471414528771978
5000.0,300.0,298.0,0.0017240541740171785,0.03184074041233275
5000.0,300.0,298.0,0.0022637390492987737,0.04133620175068989
5000.0,300.0,298.0,0.002972362794946059,0.05352135541030443
5000.0,300.0,298.0,0.003902808756829234,0.06908654304651941
5000.0,300.0,298.0,0.00512451448332012,0.08886918002106432
5000.0,300.0,298.0,0.0067286537276022365,0.11387441480316414
5000.0,300.0,298.0,0.008834940584779547,0.1452941553352027
5000.0,300.0,298.0,0.01160056354458889,0.18452096284696795
5000.0,300.0,298.0,0.015231916192382951,0.23315191033167812
5000.0,300.0,298.0,0.020000000000000004,0.2929769871182747
5000.0,300.0,298.0,0.02288290047345013,0.32728771273234397
5000.0,300.0,298.0,0.026181356703891212,0.3650577159647228
5000.0,300.0,298.0,0.029955268985751946,0.4065386946794062
5000.0,300.0,298.0,0.03427317194281946,0.4519844778305559
5000.0,300.0,298.0,0.03921347912384905,0.5016483567443971
5000.0,300.0,298.0,0.04486590700043761,0.5557801665626678
5000.0,300.0,298.0,0.051333104227104166,0.6146231528096668
5000.0,300.0,298.0,0.05873251575110334,0.6784106617340747
5000.0,300.0,298.0,0.06719851562439198,0.747362696406395
5000.0,300.0,298.0,0.07688484724982726,0.8216823837084926
5000.0,300.0,298.0,0.08796741537671066,0.9015524004360234
5000.0,300.0,298.0,0.10064748054859585,0.9871314099390196
5000.0,300.0,298.0,0.11515531401485132,1.0785505645045554
5000.0,300.0,298.0,0.131754379479537,1.175910133808882
5000.0,300.0,298.0,0.15074611762857124,1.2792763271604717
5000.0,300.0,298.0,0.1724754203226801,1.3886783876084412
5000.0,300.0,298.0,0.1973368938680183,1.5041060492151752
5000.0,300.0,298.0,0.22578202510608278,1.6255074635161495
5000.0,300.0,298.0,0.2583273804598255,1.7527877144960913
5000.0,300.0,298.0,0.2955639868314636,1.8858080490085125
5000.0,300.0,298.0,0.33816806471002536,2.024385946494117
5000.0,300.0,298.0,0.38691330840293764,2.168296133649489
5000.0,300.0,298.0,0.4426849364018869,2.3172726137975346
5000.0,300.0,298.0,0.5064957670389989,2.4710117277049175
5000.0,300.0,298.0,0.5795046113688597,2.6291761968889134
5000.0,300.0,298.0,0.6630373172929507,2.7914000300175466
5000.0,300.0,298.0,0.7586108470898982,2.9572941080284476
5000.0,300.0,298.0,0.8679608256018917,3.126452214365781
5000.0,300.0,298.0,0.9930730593550847,3.2984572512275308
5000.0,300.0,298.0,1.1362195990043518,3.4728873845683808
5000.0,300.0,298.0,1.3,3.649321888174796
5000.0,300.0,323.0,0.001,0.007672789824812928
5000.0,300.0,323.0,0.0013130324344878836,0.010048336897703245
5000.0,300.0,323.0,0.0017240541740171785,0.013149348089767273
5000.0,300.0,323.0,0.0022637390492987737,0.017190781371784217
5000.0,300.0,323.0,0.002972362794946059,0.022447218163769475
5000.0,300.0,323.0,0.003902808756829234,0.02926713392996236
5000.0,300.0,323.0,0.00512451448332012,0.03808951866183423
5000.0,300.0,323.0,0.0067286537276022365,0.049462855692776635
5000.0,300.0,323.0,0.008834940584779547,0.06406635795029832
5000.0,300.0,323.0,0.01160056354458889,0.08273317651184114
5000.0,300.0,323.0,0.015231916192382951,0.10647488867989563
5000.0,300.0,323.0,0.020000000000000004,0.13650571946929976
5000.0,300.0,323.0,0.02288290047345013,0.15411060092968684
5000.0,300.0,323.0,0.026181356703891212,0.1737959526162654
5000.0,300.0,323.0,0.029955268985751946,0.1957711876013934
5000.0,300.0,323.0,0.03427317194281946,0.22025991681032817
5000.0,300.0,323.0,0.03921347912384905,0.2474994764588831
5000.0,300.0,323.0,0.04486590700043761,0.27774008973609265
5000.0,300.0,323.0,0.051333104227104166,0.31124362317095605
5000.0,300.0,323.0,0.05873251575110334,0.3482819094978201
5000.0,300.0,323.0,0.06719851562439198,0.3891346224306117
5000.0,300.0,323.0,0.07688484724982726,0.4340867036081491
5000.0,300.0,323.0,0.08796741537671066,0.483425357193947
5000.0,300.0,323.0,0.10064748054859585,0.5374366425254864
5000.0,300.0,323.0,0.11515531401485132,0.5964017093676295
5000.0,300.0,323.0,0.131754379479537,0.6605927334495745
5000.0,300.0,323.0,0.15074611762857124,0.7302686217945457
5000.0,300.0,323.0,0.1724754203226801,0.8056705675374407
5000.0,300.0,323.0,0.1973368938680183,0.8870175420250682
5000.0,300.0,323.0,0.22578202510608278,0.9745018176115563
5000.0,300.0,323.0,0.2583273804598255,1.0682846176019263
5000.0,300.0,323.0,0.2955639868314636,1.1684919907025104
5000.0,300.0,323.0,0.33816806471002536,1.2752110071565566
5000.0,300.0,323.0,0.38691330840293764,1.3884863738970816
5000.0,300.0,323.0,0.4426849364018869,1.5083175677718403
5000.0,300.0,323.0,0.5064957670389989,1.6346565894974814
5000.0,300.0,323.0,0.5795046113688597,1.7674064452177884
5000.0,300.0,323.0,0.6630373172929507,1.9064204643018674
5000.0,300.0,323.0,0.7586108470898982,2.0515025568620886
5000.0,300.0,323.0,0.8679608256018917,2.202408497661127
5000.0,300.0,323.0,0.9930730593550847,2.358848291158491
5000.0,300.0,323.0,1.1362195990043518,2.520489624786259
5000.0,300.0,323.0,1.3,2.6869623572822245
5000.0,400.0,273.0,0.001,0.13110813562670354
5000.0,400.0,273.0,0.0013130324344878836,0.1632038113850238
5000.0,400.0,273.0,0.0017240541740171785,0.2017659294720079
5000.0,400.0,273.0,0.0022637390492987737,0.24764420042862517
5000.0,400.0,273.0,0.002972362794946059,0.30167615349190885
5000.0,400.0,273.0,0.003902808756829234,0.3646688749095959
5000.0,400.0,273.0,0.00512451448332012,0.43739586536038433
5000.0,400.0,273.0,0.0067286537276022365,0.5206135977010593
5000.0,400.0,273.0,0.008834940584779547,0.6150969011340324
5000.0,400.0,273.0,0.01160056354458889,0.7216853962868146
5000.0,400.0,273.0,0.015231916192382951,0.8413267323188246
5000.0,400.0,273.0,0.020000000000000004,0.9750988508250544
5000.0,400.0,273.0,0.02288290047345013,1.0468264795764644
5000.0,400.0,273.0,0.026181356703891212,1.12245086266911
5000.0,400.0,273.0,0.029955268985751946,1.2021239667235357
5000.0,400.0,273.0,0.03427317194281946,1.2859949735612537
5000.0,400.0,273.0,0.03921347912384905,1.374206277332644
5000.0,400.0,273.0,0.04486590700043761,1.4668891107916626
5000.0,400.0,273.0,0.051333104227104166,1.5641589612731466
5000.0,400.0,273.0,0.05873251575110334,1.6661109507279985
5000.0,400.0,273.0,0.06719851562439198,1.7728153601768881
5000.0,400.0,273.0,0.07688484724982726,1.8843134779845092
5000.0,400.0,273.0,0.08796741537671066,2.0006139442774713
5000.0,400.0,273.0,0.10064748054859585,2.1216897510823207
5000.0,400.0,273.0,0.11515531401485132,2.2474760391433133
5000.0,400.0,273.0,0.131754379479537,2.3778688070563585
5000.0,400.0,273.0,0.15074611762857124,2.5127246152541503
5000.0,400.0,273.0,0.1724754203226801,2.6518613259270882
5000.0,400.0,273.0,0.1973368938680183,2.795059870972363
5000.0,400.0,273.0,0.22578202510608278,2.9420669864031526
5000.0,400.0,273.0,0.2583273804598255,3.092598798406295
5000.0,400.0,273.0,0.2955639868314636,3.246345100076709
5000.0,400.0,273.0,0.33816806471002536,3.402974125652878
5000.0,400.0,273.0,0.38691330840293764,3.5621376161148643
5000.0,400.0,273.0,0.4426849364018869,3.723475978325345
5000.0,400.0,273.0,0.5064957670389989,3.88662336735409
5000.0,400.0,273.0,0.5795046113688597,4.051212562081167
5000.0,400.0,273.0,0.6630373172929507,4.216879548804316
5000.0,400.0,273.0,0.7586108470898982,4.383267767038357
5000.0,400.0,273.0,0.8679608256018917,4.550031998481263
5000.0,400.0,273.0,0.9930730593550847,4.716841890442745
5000.0,400.0,273.0,1.1362195990043518,4.883385099675958
5000.0,400.0,273.0,1.3,5.049370026489563
5000.0,400.0,298.0,0.001,0.04052715777174814
5000.0,400.0,298.0,0.0013130324344878836,0.0520992571225668
5000.0,400.0,298.0,0.0017240541740171785,0.06669203381018927
5000.0,400.0,298.0,0.0022637390492987737,0.0849728147824886
5000.0,400.0,298.0,0.002972362794946059,0.10771399077539559
5000.0,400.0,298.0,0.003902808756829234,0.13579560209891556
5000.0,400.0,298.0,0.00512451448332012,0.17020148533721022
5000.0,400.0,298.0,0.0067286537276022365,0.21200714474380555
5000.0,400.0,298.0,0.008834940584779547,0.26235954902779374
5000.0,400.0,298.0,0.01160056354458889,0.3224520213833565
5000.0,400.0,298.0,0.015231916192382951,0.39349995916590075
5000.0,400.0,298.0,0.020000000000000004,0.4767238000706335
5000.0,400.0,298.0,0.02288290047345013,0.5227469339581782
5000.0,400.0,298.0,0.026181356703891212,0.5721927223529664
5000.0,400.0,298.0,0.029955268985751946,0.6252094890196247
5000.0,400.0,298.0,0.03427317194281946,0.6819465157850819
5000.0,400.0,298.0,0.03921347912384905,0.74255426720538
5000.0,400.0,298.0,0.04486590700043761,0.807184381664229
5000.0,400.0,298.0,0.051333104227104166,0.8759893074030547
5000.0,400.0,298.0,0.05873251575110334,0.9491214719690267
5000.0,400.0,298.0,0.06719851562439198,1.02673189625242
5000.0,400.0,298.0,0.07688484724982726,1.10896819849876
5000.0,400.0,298.0,0.08796741537671066,1.1959719765670385
5000.0,400.0,298.0,0.10064748054859585,1.287875604146289
5000.0,400.0,298.0,0.11515531401485132,1.3847985239896254
5000.0,400.0,298.0,0.131754379479537,1.4868431641170101
5000.0,400.0,298.0,0.15074611762857124,1.5940906379865898
5000.0,400.0,298.0,0.1724754203226801,1.706596414774305
5000.0,400.0,298.0,0.1973368938680183,1.824386160332056
5000.0,400.0,298.0,0.22578202510608278,1.9474519531703487
5000.0,400.0,298.0,0.2583273804598255,2.0757490732675015
5000.0,400.0,298.0,0.2955639868314636,2.209193544783185
5000.0,400.0,298.0,0.33816806471002536,2.347660586646289
5000.0,400.0,298.0,0.38691330840293764,2.490984087260755
5000.0,400.0,298.0,0.4426849364018869,2.6389571716548264
5000.0,400.0,298.0,0.5064957670389989,2.7913338731935187
5000.0,400.0,298.0,0.5795046113688597,2.9478318614121948
5000.0,400.0,298.0,0.6630373172929507,3.108136118494973
5000.0,400.0,298.0,0.7586108470898982,3.27190340638851
5000.0,400.0,298.0,0.8679608256018917,3.438767331059111
5000.0,400.0,298.0,0.9930730593550847,3.608343794367744
5000.0,400.0,298.0,1.1362195990043518,3.7802366283442197
5000.0,400.0,298.0,1.3,3.954043228201829
5000.0,400.0,323.0,0.001,0.014363758914722621
5000.0,400.0,323.0,0.0013130324344878836,0.018720221969074236
5000.0,400.0,323.0,0.0017240541740171785,0.02435010006598081
5000.0,400.0,323.0,0.0022637390492987737,0.03159800789941455
5000.0,400.0,323.0,0.002972362794946059,0.040887992650387915
5000.0,400.0,323.0,0.003902808756829234,0.05273633153117328
5000.0,400.0,323.0,0.00512451448332012,0.06776484276569306
5000.0,400.0,323.0,0.0067286537276022365,0.08671426157857652
5000.0,400.0,323.0,0.008834940584779547,0.11045669898979182
5000.0,400.0,323.0,0.01160056354458889,0.14000531268823094
5000.0,400.0,323.0,0.015231916192382951,0.17651841072518923
5000.0,400.0,323.0,0.020000000000000004,0.22129497058446349
5000.0,400.0,323.0,0.02288290047345013,0.24692110028146505
5000.0,400.0,323.0,0.026181356703891212,0.2750961991551665
5000.0,400.0,323.0,0.029955268985751946,0.3060073934205855
5000.0,400.0,323.0,0.03427317194281946,0.3398459371430561
5000.0,400.0,323.0,0.03921347912384905,0.37680617618989476
5000.0,400.0,323.0,0.04486590700043761,0.4170845161761711
5000.0,400.0,323.0,0.051333104227104166,0.46087842377238775
5000.0,400.0,323.0,0.05873251575110334,0.508385478662191
5000.0,400.0,323.0,0.06719851562439198,0.5598024772704248
5000.0,400.0,323.0,0.07688484724982726,0.6153245703509408
5000.0,400.0,323.0,0.08796741537671066,0.6751443963331886
5000.0,400.0,323.0,0.10064748054859585,0.7394511531624205
5000.0,400.0,323.0,0.11515531401485132,0.8084295358255679
5000.0,400.0,323.0,0.131754379479537,0.8822584576141791
5000.0,400.0,323.0,0.15074611762857124,0.9611094729973777
5000.0,400.0,323.0,0.1724754203226801,1.0451448305677693
5000.0,400.0,323.0,0.1973368938680183,1.1345151064153816
5000.0,400.0,323.0,0.22578202510608278,1.229356400420017
5000.0,400.0,323.0,0.2583273804598255,1.3297871177023348
5000.0,400.0,323.0,0.2955639868314636,1.4359044010393842
5000.0,400.0,323.0,0.33816806471002536,1.5477803231240181
5000.0,400.0,323.0,0.38691330840293764,1.6654579860204362
5000.0,400.0,323.0,0.4426849364018869,1.7889477056421768
5000.0,400.0,323.0,0.5064957670389989,1.9182234790454515
5000.0,400.0,323.0,0.5795046113688597,2.053219940037288
5000.0,400.0,323.0,0.6630373172929507,2.1938300027932875
5000.0,400.0,323.0,0.7586108470898982,2.3399033729989935
5000.0,400.0,323.0,0.8679608256018917,2.4912460712138778
5000.0,400.0,323.0,0.9930730593550847,2.647621064610807
5000.0,400.0,323.0,1.1362195990043518,2.8087500436837907
5000.0,400.0,323.0,1.3,2.974316314834899
5000.0,500.0,273.0,0.001,0.4293136705794122
5000.0,500.0,273.0,0.0013130324344878836,0.49751819491781557
5000.0,500.0,273.0,0.0017240541740171785,0.5712223899983957
5000.0,500.0,273.0,0.0022637390492987737,0.6501465628615732
5000.0,500.0,273.0,0.002972362794946059,0.7341009555854878
5000.0,500.0,273.0,0.003902808756829234,0.8230616047635391
5000.0,500.0,273.0,0.00512451448332012,0.9172348591667423
5000.0,500.0,273.0,0.0067286537276022365,1.0171062441560825
5000.0,500.0,273.0,0.008834940584779547,1.123471447365787
5000.0,500.0,273.0,0.01160056354458889,1.2374469766398377
5000.0,500.0,273.0,0.015231916192382951,1.3604560670254098
5000.0,500.0,273.0,0.020000000000000004,1.4941833693039082
5000.0,500.0,273.0,0.02288290047345013,1.5648330472537624
5000.0,500.0,273.0,0.026181356703891212,1.6387911853655739
5000.0,500.0,273.0,0.029955268985751946,1.7162902898250922
5000.0,500.0,273.0,0.03427317194281946,1.7975567836666713
5000.0,500.0,273.0,0.03921347912384905,1.8828055798458914
5000.0,500.0,273.0,0.04486590700043761,1.9722344290276494
5000.0,500.0,273.0,0.051333104227104166,2.066018219785849
5000.0,500.0,273.0,0.05873251575110334,2.164303428926973
5000.0,500.0,273.0,0.06719851562439198,2.2672029302575853
5000.0,500.0,273.0,0.07688484724982726,2.374791370943399
5000.0,500.0,273.0,0.08796741537671066,2.487101315802053
5000.0,500.0,273.0,0.10064748054859585,2.6041203416104066
5000.0,500.0,273.0,0.11515531401485132,2.725789235633285
5000.0,500.0,273.0,0.131754379479537,2.8520014145911503
5000.0,500.0,273.0,0.15074611762857124,2.982603631773628
5000.0,500.0,273.0,0.1724754203226801,3.1173979814786184
5000.0,500.0,273.0,0.1973368938680183,3.2561451437233937
5000.0,500.0,273.0,0.22578202510608278,3.3985687429327727
5000.0,500.0,273.0,0.2583273804598255,3.54436062904138
5000.0,500.0,273.0,0.2955639868314636,3.6931868364516265
5000.0,500.0,273.0,0.33816806471002536,3.8446939434831844
5000.0,500.0,273.0,0.38691330840293764,3.998515547868778
5000.0,500.0,273.0,0.4426849364018869,4.154278593966012
5000.0,500.0,273.0,0.5064957670389989,4.3116093312906925
5000.0,500.0,273.0,0.5795046113688597,4.470138743955601
5000.0,500.0,273.0,0.6630373172929507,4.629507356053906
5000.0,500.0,273.0,0.7586108470898982,4.789369377965505
5000.0,500.0,273.0,0.8679608256018917,4.949396204030613
5000.0,500.0,273.0,0.9930730593550847,5.109279298009833
5000.0,500.0,273.0,1.1362195990043518,5.268732509011819
5000.0,500.0,273.0,1.3,5.4274938513274265
5000.0,500.0,298.0,0.001,0.13175665259194
5000.0,500.0,298.0,0.0013130324344878836,0.16313726341044585
5000.0,500.0,298.0,0.0017240541740171785,0.20042982920694186
5000.0,500.0,298.0,0.0022637390492987737,0.24422905036121256
5000.0,500.0,298.0,0.002972362794946059,0.29503930392718564
5000.0,500.0,298.0,0.003902808756829234,0.3532471619809518
5000.0,500.0,298.0,0.00512451448332012,0.4191137183460216
5000.0,500.0,298.0,0.0067286537276022365,0.49279376334758634
5000.0,500.0,298.0,0.008834940584779547,0.574383840444711
5000.0,500.0,298.0,0.01160056354458889,0.6639948002678076
5000.0,500.0,298.0,0.015231916192382951,0.7618383291276135
5000.0,500.0,298.0,0.020000000000000004,0.8683130201956625
5000.0,500.0,298.0,0.02288290047345013,0.9243383099434435
5000.0,500.0,298.0,0.026181356703891212,0.9827354461470003
5000.0,500.0,298.0,0.029955268985751946,1.043629126384981
5000.0,500.0,298.0,0.03427317194281946,1.1071626444269749
5000.0,500.0,298.0,0.03921347912384905,1.173497135484021
5000.0,500.0,298.0,0.04486590700043761,1.2428101507301361
5000.0,500.0,298.0,0.051333104227104166,1.3152935400623988
5000.0,500.0,298.0,0.05873251575110334,1.3911506340136601
5000.0,500.0,298.0,0.06719851562439198,1.4705927316998177
5000.0,500.0,298.0,0.07688484724982726,1.5538349225536132
5000.0,500.0,298.0,0.08796741537671066,1.6410912954681067
5000.0,500.0,298.0,0.10064748054859585,1.732569619096563
5000.0,500.0,298.0,0.11515531401485132,1.8284656098999468
5000.0,500.0,298.0,0.131754379479537,1.928956937954924
5000.0,500.0,298.0,0.15074611762857124,2.0341971520102393
5000.0,500.0,298.0,0.1724754203226801,2.1443097321411195
5000.0,500.0,298.0,0.1973368938680183,2.2593824979792747
5000.0,500.0,298.0,0.22578202510608278,2.379462610423555
5000.0,500.0,298.0,0.2583273804598255,2.5045524026985886
5000.0,500.0,298.0,0.2955639868314636,2.6346062606288676
5000.0,500.0,298.0,0.33816806471002536,2.769528740503885
5000.0,500.0,298.0,0.38691330840293764,2.909174065284486
5000.0,500.0,298.0,0.4426849364018869,3.0533470770162814
5000.0,500.0,298.0,0.5064957670389989,3.2018056482269697
5000.0,500.0,298.0,0.5795046113688597,3.354264473411209
5000.0,500.0,298.0,0.6630373172929507,3.510400081409072
5000.0,500.0,298.0,0.7586108470898982,3.669856839820175
5000.0,500.0,298.0,0.8679608256018917,3.832253672363571
5000.0,500.0,298.0,0.9930730593550847,3.997191185583812
5000.0,500.0,298.0,1.1362195990043518,4.164258904605936
5000.0,500.0,298.0,1.3,4.333042345927974
5000.0,500.0,323.0,0.001,0.03993008196132016
5000.0,500.0,323.0,0.0013130324344878836,0.051205566815340255
5000.0,500.0,323.0,0.0017240541740171785,0.06535389432077338
5000.0,500.0,323.0,0.0022637390492987737,0.08297356666571563
5000.0,500.0,323.0,0.002972362794946059,0.1047399824197835
5000.0,500.0,323.0,0.003902808756829234,0.13139858158614312
5000.0,500.0,323.0,0.00512451448332012,0.16374965992735185
5000.0,500.0,323.0,0.0067286537276022365,0.20262365362207693
5000.0,500.0,323.0,0.008834940584779547,0.24884848906383242
5000.0,500.0,323.0,0.01160056354458889,0.3032143876710801
5000.0,500.0,323.0,0.015231916192382951,0.3664448585741578
5000.0,500.0,323.0,0.020000000000000004,0.4391839100314218
5000.0,500.0,323.0,0.02288290047345013,0.4788414258258258
5000.0,500.0,323.0,0.026181356703891212,0.5210307309930965
5000.0,500.0,323.0,0.029955268985751946,0.5658174953974249
5000.0,500.0,323.0,0.03427317194281946,0.6132693301657833
5000.0,500.0,323.0,0.03921347912384905,0.6634580408564937
5000.0,500.0,323.0,0.04486590700043761,0.716461948148796
5000.0,500.0,323.0,0.051333104227104166,0.7723681337584486
5000.0,500.0,323.0,0.05873251575110334,0.8312744618998364
5000.0,500.0,323.0,0.06719851562439198,0.8932912286715918
5000.0,500.0,323.0,0.07688484724982726,0.9585423027238911
5000.0,500.0,323.0,0.08796741537671066,1.0271656390482504
5000.0,500.0,323.0,0.10064748054859585,1.099313071787277
5000.0,500.0,323.0,0.11515531401485132,1.175149319629016
5000.0,500.0,323.0,0.131754379479537,1.2548501670094363
5000.0,500.0,323.0,0.15074611762857124,1.3385998149077551
5000.0,500.0,323.0,0.1724754203226801,1.4265874258934452
5000.0,500.0,323.0,0.1973368938680183,1.519002919002669
5000.0,500.0,323.0,0.22578202510608278,1.6160321008182503
5000.0,500.0,323.0,0.2583273804598255,1.7178512495636458
5000.0,500.0,323.0,0.2955639868314636,1.824621298698646
5000.0,500.0,323.0,0.33816806471002536,1.9364817948100528
5000.0,500.0,323.0,0.38691330840293764,2.0535448306147766
5000.0,500.0,323.0,0.4426849364018869,2.175889176267686
5000.0,500.0,323.0,0.5064957670389989,2.3035548488614426
5000.0,500.0,323.0,0.5795046113688597,2.4365383682058943
5000.0,500.0,323.0,0.6630373172929507,2.5747889432203097
5000.0,500.0,323.0,0.7586108470898982,2.718205813993933
5000.0,500.0,323.0,0.8679608256018917,2.8666369370299116
5000.0,500.0,323.0,0.9930730593550847,3.0198791446226148
5000.0,500.0,323.0,1.1362195990043518,3.1776798359378104
5000.0,500.0,323.0,1.3,3.339740172764346
8000.0,0.0,273.0,0.001,0.022131310835488274
8000.0,0.0,273.0,0.0013130324344878836,0.028949372234534893
8000.0,0.0,273.0,0.0017240541740171785,0.03782591856536259
8000.0,0.0,273.0,0.0022637390492987737,0.04935468389092359
8000.0,0.0,273.0,0.002972362794946059,0.06428324279873578
8000.0,0.0,273.0,0.003902808756829234,0.08354272314760323
8000.0,0.0,273.0,0.00512451448332012,0.10827778623038033
8000.0,0.0,273.0,0.0067286537276022365,0.13987372775547133
8000.0,0.0,273.0,0.008834940584779547,0.1799761264963608
8000.0,0.0,273.0,0.01160056354458889,0.23049689215275743
8000.0,0.0,273.0,0.015231916192382951,0.293599036823163
8000.0,0.0,273.0,0.020000000000000004,0.3716514941650781
8000.0,0.0,273.0,0.02288290047345013,0.41653175194612924
8000.0,0.0,273.0,0.026181356703891212,0.4659805123174714
8000.0,0.0,273.0,0.029955268985751946,0.5202975044819111
8000.0,0.0,273.0,0.03427317194281946,0.5797725178811468
8000.0,0.0,273.0,0.03921347912384905,0.6446796211081207
8000.0,0.0,273.0,0.04486590700043761,0.7152710392317974
8000.0,0.0,273.0,0.051333104227104166,0.7917708659132715
8000.0,0.0,273.0,0.05873251575110334,0.8743688185353836
8000.0,0.0,273.0,0.06719851562439198,0.9632142682454662
8000.0,0.0,273.0,0.07688484724982726,1.0584107904466555
8000.0,0.0,273.0,0.08796741537671066,1.160011483467393
8000.0,0.0,273.0,0.10064748054859585,1.268015292692403
8000.0,0.0,273.0,0.11515531401485132,1.3823645531267053
8000.0,0.0,273.0,0.131754379479537,1.5029439239817663
8000.0,0.0,273.0,0.15074611762857124,1.6295808337000945
8000.0,0.0,273.0,0.1724754203226801,1.7620474834945852
8000.0,0.0,273.0,0.1973368938680183,1.9000643749269517
8000.0,0.0,273.0,0.22578202510608278,2.0433052382596295
8000.0,0.0,273.0,0.2583273804598255,2.1914031522036783
8000.0,0.0,273.0,0.2955639868314636,2.343957572994483
8000.0,0.0,273.0,0.33816806471002536,2.5005419419597588
8000.0,0.0,273.0,0.38691330840293764,2.6607115236347907
8000.0,0.0,273.0,0.4426849364018869,2.8240111437764024
8000.0,0.0,273.0,0.5064957670389989,2.989982544953069
8000.0,0.0,273.0,0.5795046113688597,3.158171147651661
8000.0,0.0,273.0,0.6630373172929507,3.328132084166247
8000.0,0.0,273.0,0.7586108470898982,3.4994354472004257
8000.0,0.0,273.0,0.8679608256018917,3.671670753664053
8000.0,0.0,273.0,0.9930730593550847,3.8444506598070167
8000.0,0.0,273.0,1.1362195990043518,4.017413975638473
8000.0,0.0,273.0,1.3,4.19022801896346
8000.0,0.0,298.0,0.001,0.008880251645204775
8000.0,0.0,298.0,0.0013130324344878836,0.011643170199037975
8000.0,0.0,298.0,0.0017240541740171785,0.015258967676562344
8000.0,0.0,298.0,0.0022637390492987737,0.019986203775570265
8000.0,0.0,298.0,0.002972362794946059,0.026158605416207133
8000.0,0.0,298.0,0.003902808756829234,0.034204795336771496
8000.0,0.0,298.0,0.00512451448332012,0.044671860095051995
8000.0,0.0,298.0,0.0067286537276022365,0.05825269377960018
8000.0,0.0,298.0,0.008834940584779547,0.0758165040988911
8000.0,0.0,298.0,0.01160056354458889,0.09844104669514005
8000.0,0.0,298.0,0.015231916192382951,0.1274440392139399
8000.0,0.0,298.0,0.020000000000000004,0.1644098137010029
8000.0,0.0,298.0,0.02288290047345013,0.18619195404966768
8000.0,0.0,298.0,0.026181356703891212,0.21062450094655738
8000.0,0.0,298.0,0.029955268985751946,0.23797549165738532
8000.0,0.0,298.0,0.03427317194281946,0.26852845162337446
8000.0,0.0,298.0,0.03921347912384905,0.3025808722437244
8000.0,0.0,298.0,0.04486590700043761,0.3404420993606053
8000.0,0.0,298.0,0.051333104227104166,0.38243057499867905
8000.0,0.0,298.0,0.05873251575110334,0.42887039067916294
8000.0,0.0,298.0,0.06719851562439198,0.48008713370949785
8000.0,0.0,298.0,0.07688484724982726,0.5364030381975208
8000.0,0.0,298.0,0.08796741537671066,0.5981314891730317
8000.0,0.0,298.0,0.10064748054859585,0.6655709691933561
8000.0,0.0,298.0,0.11515531401485132,0.7389985794804307
8000.0,0.0,298.0,0.131754379479537,0.8186633088988983
8000.0,0.0,298.0,0.15074611762857124,0.9047792608593099
8000.0,0.0,298.0,0.1724754203226801,0.9975190777803871
8000.0,0.0,298.0,0.1973368938680183,1.0970078228100886
8000.0,0.0,298.0,0.22578202510608278,1.2033175872115283
8000.0,0.0,298.0,0.2583273804598255,1.3164630874325831
8000.0,0.0,298.0,0.2955639868314636,1.43639849660912
8000.0,0.0,298.0,0.33816806471002536,1.5630157193448269
8000.0,0.0,298.0,0.38691330840293764,1.696144264869527
8000.0,0.0,298.0,0.4426849364018869,1.8355528024040069
8000.0,0.0,298.0,0.5064957670389989,1.9809523966167186
8000.0,0.0,298.0,0.5795046113688597,2.132001326589763
8000.0,0.0,298.0,0.6630373172929507,2.2883112980190816
8000.0,0.0,298.0,0.7586108470898982,2.4494547766785284
8000.0,0.0,298.0,0.8679608256018917,2.614973112404263
8000.0,0.0,298.0,0.9930730593550847,2.784385095000925
8000.0,0.0,298.0,1.1362195990043518,2.9571955893945114
8000.0,0.0,298.0,1.3,3.1329039337889903
8000.0,0.0,323.0,0.001,0.004088457822275885
8000.0,0.0,323.0,0.0013130324344878836,0.005364893274511664
8000.0,0.0,323.0,0.0017240541740171785,0.007038463566567826
8000.0,0.0,323.0,0.0022637390492987737,0.009231749172257976
8000.0,0.0,323.0,0.002972362794946059,0.012104475699483787
8000.0,0.0,323.0,0.003902808756829234,0.015864290092336118
8000.0,0.0,323.0,0.00512451448332012,0.020780337246225716
8000.0,0.0,323.0,0.0067286537276022365,0.0272001489967417
8000.0,0.0,323.0,0.008834940584779547,0.03557030834800592
8000.0,0.0,323.0,0.01160056354458889,0.04646119041738749
8000.0,0.0,323.0,0.015231916192382951,0.06059574956024219
8000.0,0.0,323.0,0.020000000000000004,0.0788817559609667
8000.0,0.0,323.0,0.02288290047345013,0.08979377097912297
8000.0,0.0,323.0,0.026181356703891212,0.10215062769998101
8000.0,0.0,323.0,0.029955268985751946,0.1161267029078234
8000.0,0.0,323.0,0.03427317194281946,0.13191326127044736
8000.0,0.0,323.0,0.03921347912384905,0.14971913268740403
8000.0,0.0,323.0,0.04486590700043761,0.16977119008104458
8000.0,0.0,323.0,0.051333104227104166,0.19231456915426487
8000.0,0.0,323.0,0.05873251575110334,0.21761256532771925
8000.0,0.0,323.0,0.06719851562439198,0.24594613767350418
8000.0,0.0,323.0,0.07688484724982726,0.2776129459595961
8000.0,0.0,323.0,0.08796741537671066,0.31292584595771894
8000.0,0.0,323.0,0.10064748054859585,0.35221077122504735
8000.0,0.0,323.0,0.11515531401485132,0.39580393802554104
8000.0,0.0,323.0,0.131754379479537,0.4440483251644436
8000.0,0.0,323.0,0.15074611762857124,0.49728940311237446
8000.0,0.0,323.0,0.1724754203226801,0.5558701170352123
8000.0,0.0,323.0,0.1973368938680183,0.6201251654560845
8000.0,0.0,323.0,0.22578202510608278,0.6903746585328682
8000.0,0.0,323.0,0.2583273804598255,0.7669172848032613
8000.0,0.0,323.0,0.2955639868314636,0.8500231596929515
8000.0,0.0,323.0,0.33816806471002536,0.9399265699438665
8000.0,0.0,323.0,0.38691330840293764,1.036818862443991
8000.0,0.0,323.0,0.4426849364018869,1.1408417511214655
8000.0,0.0,323.0,0.5064957670389989,1.2520813292823334
8000.0,0.0,323.0,0.5795046113688597,1.3705630747944073
8000.0,0.0,323.0,0.6630373172929507,1.496248119582102
8000.0,0.0,323.0,0.7586108470898982,1.6290310208523608
8000.0,0.0,323.0,0.8679608256018917,1.7687392178875125
8000.0,0.0,323.0,0.9930730593550847,1.9151342853699111
8000.0,0.0,323.0,1.1362195990043518,2.0679150050305464
8000.0,0.0,323.0,1.3,2.226722178296671
8000.0,100.0,273.0,0.001,0.025109527838145854
8000.0,100.0,273.0,0.0013130324344878836,0.03280863125172258
8000.0,100.0,273.0,0.0017240541740171785,0.04280935619274196
8000.0,100.0,273.0,0.0022637390492987737,0.055762518990539967
8000.0,100.0,273.0,0.002972362794946059,0.07248119385669093
8000.0,100.0,273.0,0.003902808756829234,0.09396963105540891
8000.0,100.0,273.0,0.00512451448332012,0.12145168303147362
8000.0,100.0,273.0,0.0067286537276022365,0.15639547854990968
8000.0,100.0,273.0,0.008834940584779547,0.20052944223586416
8000.0,100.0,273.0,0.01160056354458889,0.25584274742334095
8000.0,100.0,273.0,0.015231916192382951,0.32456136215743076
8000.0,100.0,273.0,0.020000000000000004,0.409090038112331
8000.0,100.0,273.0,0.02288290047345013,0.45748985251776086
8000.0,100.0,273.0,0.026181356703891212,0.5106612403145264
8000.0,100.0,273.0,0.029955268985751946,0.5688936081494502
8000.0,100.0,273.0,0.03427317194281946,0.632461849656201
8000.0,100.0,273.0,0.03921347912384905,0.7016203221920668
8000.0,100.0,273.0,0.04486590700043761,0.776596666072619
8000.0,100.0,273.0,0.051333104227104166,0.8575856730347641
8000.0,100.0,273.0,0.05873251575110334,0.9447434294167936
8000.0,100.0,273.0,0.06719851562439198,1.0381819679746314
8000.0,100.0,273.0,0.07688484724982726,1.1379646597447006
8000.0,100.0,273.0,0.08796741537671066,1.2441025636093772
8000.0,100.0,273.0,0.10064748054859585,1.3565519259227907
8000.0,100.0,273.0,0.11515531401485132,1.4752129853292077
8000.0,100.0,273.0,0.131754379479537,1.599930188526684
8000.0,100.0,273.0,0.15074611762857124,1.730493861710393
8000.0,100.0,273.0,0.1724754203226801,1.866643311795355
8000.0,100.0,273.0,0.1973368938680183,2.008071255439723
8000.0,100.0,273.0,0.22578202510608278,2.154429398861221
8000.0,100.0,273.0,0.2583273804598255,2.30533492571171
8000.0,100.0,273.0,0.2955639868314636,2.4603776025166604
8000.0,100.0,273.0,0.33816806471002536,2.6191271886124663
8000.0,100.0,273.0,0.38691330840293764,2.7811408439822607
8000.0,100.0,273.0,0.4426849364018869,2.9459702630578737
8000.0,100.0,273.0,0.5064957670389989,3.1131683195895294
8000.0,100.0,273.0,0.5795046113688597,3.2822950772153727
8000.0,100.0,273.0,0.6630373172929507,3.452923090491959
8000.0,100.0,273.0,0.7586108470898982,3.624641980511393
8000.0,100.0,273.0,0.8679608256018917,3.797062309455842
8000.0,100.0,273.0,0.9930730593550847,3.969818795857622
8000.0,100.0,273.0,1.1362195990043518,4.14257290855531
8000.0,100.0,273.0,1.3,4.315014858570801
8000.0,100.0,298.0,0.001,0.009943960463716855
8000.0,100.0,298.0,0.0013130324344878836,0.013032749248485053
8000.0,100.0,298.0,0.0017240541740171785,0.01707152809701958
8000.0,100.0,298.0,0.0022637390492987737,0.022346000353205966
8000.0,100.0,298.0,0.002972362794946059,0.02922350269591747
8000.0,100.0,298.0,0.003902808756829234,0.03817363083119045
8000.0,100.0,298.0,0.00512451448332012,0.04979249374987048
8000.0,100.0,298.0,0.0067286537276022365,0.06483036397727272
8000.0,100.0,298.0,0.008834940584779547,0.08422194404840348
8000.0,100.0,298.0,0.01160056354458889,0.10911768535211505
8000.0,100.0,298.0,0.015231916192382951,0.14091351368306604
8000.0,100.0,298.0,0.020000000000000004,0.18127485569854704
8000.0,100.0,298.0,0.02288290047345013,0.20498337867305413
8000.0,100.0,298.0,0.026181356703891212,0.23151851734865547
8000.0,100.0,298.0,0.029955268985751946,0.26115683748562285
8000.0,100.0,298.0,0.03427317194281946,0.29418941825732564
8000.0,100.0,298.0,0.03921347912384905,0.3309199559489235
8000.0,100.0,298.0,0.04486590700043761,0.37166221520595116
8000.0,100.0,298.0,0.051333104227104166,0.41673677930886466
8000.0,100.0,298.0,0.05873251575110334,0.46646707627886774
8000.0,100.0,298.0,0.06719851562439198,0.5211746905113243
8000.0,100.0,298.0,0.07688484724982726,0.5811740085528906
8000.0,100.0,298.0,0.08796741537671066,0.6467662901339641
8000.0,100.0,298.0,0.10064748054859585,0.7182332985518972
8000.0,100.0,298.0,0.11515531401485132,0.7958306646717294
8000.0,100.0,298.0,0.131754379479537,0.879781193105267
8000.0,100.0,298.0,0.15074611762857124,0.970268345069352
8000.0,100.0,298.0,0.1724754203226801,1.0674301482669657
8000.0,100.0,298.0,0.1973368938680183,1.1713537887700844
8000.0,100.0,298.0,0.22578202510608278,1.2820711325476846
8000.0,100.0,298.0,0.2583273804598255,1.3995554042486087
8000.0,100.0,298.0,0.2955639868314636,1.5237192173014547
8000.0,100.0,298.0,0.33816806471002536,1.6544141016643266
8000.0,100.0,298.0,0.38691330840293764,1.7914316137606077
8000.0,100.0,298.0,0.4426849364018869,1.9345060390402153
8000.0,100.0,298.0,0.5064957670389989,2.0833186153909273
8000.0,100.0,298.0,0.5795046113688597,2.2375031221221495
8000.0,100.0,298.0,0.6630373172929507,2.3966526033250113
8000.0,100.0,298.0,0.7586108470898982,2.5603269354927893
8000.0,100.0,298.0,0.8679608256018917,2.728060915246151
8000.0,100.0,298.0,0.9930730593550847,2.8993725381340876
8000.0,100.0,298.0,1.1362195990043518,3.073771163099944
8000.0,100.0,298.0,1.3,3.2507653035334574
8000.0,100.0,323.0,0.001,0.004524939076960347
8000.0,100.0,323.0,0.0013130324344878836,0.0059367581348339265
8000.0,100.0,323.0,0.0017240541740171785,0.007787205958857639
8000.0,100.0,323.0,0.0022637390492987737,0.010211233968809125
8000.0,100.0,323.0,0.002972362794946059,0.013384391605418083
8000.0,100.0,323.0,0.003902808756829234,0.017534412087909467
8000.0,100.0,323.0,0.00512451448332012,0.02295569185991573
8000.0,100.0,323.0,0.0067286537276022365,0.030027126579690238
8000.0,100.0,323.0,0.008834940584779547,0.03923367972324371
8000.0,100.0,323.0,0.01160056354458889,0.051191857196446686
8000.0,100.0,323.0,0.015231916192382951,0.06667889700052393
8000.0,100.0,323.0,0.020000000000000004,0.08666491002740691
8000.0,100.0,323.0,0.02288290047345013,0.09856703917665195
8000.0,100.0,323.0,0.026181356703891212,0.11202490685550143
8000.0,100.0,323.0,0.029955268985751946,0.12722217782898265
8000.0,100.0,323.0,0.03427317194281946,0.1443596217162793
8000.0,100.0,323.0,0.03921347912384905,0.16365569646110906
8000.0,100.0,323.0,0.04486590700043761,0.18534691011914617
8000.0,100.0,323.0,0.051333104227104166,0.20968789595597695
8000.0,100.0,323.0,0.05873251575110334,0.23695112786708844
8000.0,100.0,323.0,0.06719851562439198,0.26742619680977486
8000.0,100.0,323.0,0.07688484724982726,0.30141856569312747
8000.0,100.0,323.0,0.08796741537671066,0.33924772163622324
8000.0,100.0,323.0,0.10064748054859585,0.38124465230534565
8000.0,100.0,323.0,0.11515531401485132,0.42774858851621433
8000.0,100.0,323.0,0.131754379479537,0.47910297916395544
8000.0,100.0,323.0,0.15074611762857124,0.5356506966640295
8000.0,100.0,323.0,0.1724754203226801,0.5977285102565636
8000.0,100.0,323.0,0.1973368938680183,0.6656609085425107
8000.0,100.0,323.0,0.22578202510608278,0.7397533985035728
8000.0,100.0,323.0,0.2583273804598255,0.8202854526407852
8000.0,100.0,323.0,0.2955639868314636,0.9075033154433999
8000.0,100.0,323.0,0.33816806471002536,1.0016129123108233
8000.0,100.0,323.0,0.38691330840293764,1.1027731260821239
8000.0,100.0,323.0,0.4426849364018869,1.2110897168690558
8000.0,100.0,323.0,0.5064957670389989,1.3266101586943595
8000.0,100.0,323.0,0.5795046113688597,1.449319650350416
8000.0,100.0,323.0,0.6630373172929507,1.5791385267452238
8000.0,100.0,323.0,0.7586108470898982,1.7159212498720477
8000.0,100.0,323.0,0.8679608256018917,1.8594570954136127
8000.0,100.0,323.0,0.9930730593550847,2.009472573657748
8000.0,100.0,323.0,1.1362195990043518,2.1656355361973563
8000.0,100.0,323.0,1.3,2.327560829887756
8000.0,200.0,273.0,0.001,0.03231853134871974
8000.0,200.0,273.0,0.0013130324344878836,0.04207524989416095
8000.0,200.0,273.0,0.0017240541740171785,0.054660572967826046
8000.0,200.0,273.0,0.0022637390492987737,0.07083024287496244
8000.0,200.0,273.0,0.002972362794946059,0.09151085842514202
8000.0,200.0,273.0,0.003902808756829234,0.1178252452313196
8000.0,200.0,273.0,0.00512451448332012,0.15111553205562572
8000.0,200.0,273.0,0.0067286537276022365,0.19295958544809333
8000.0,200.0,273.0,0.008834940584779547,0.24517433165500163
8000.0,200.0,273.0,0.01160056354458889,0.30979784393707016
8000.0,200.0,273.0,0.015231916192382951,0.38904199125430167
8000.0,200.0,273.0,0.020000000000000004,0.48520977321112163
8000.0,200.0,273.0,0.02288290047345013,0.5397163207356931
8000.0,200.0,273.0,0.026181356703891212,0.5991819954497531
8000.0,200.0,273.0,0.029955268985751946,0.6638540978199876
8000.0,200.0,273.0,0.03427317194281946,0.7339593695899306
8000.0,200.0,273.0,0.03921347912384905,0.8096988642452939
8000.0,200.0,273.0,0.04486590700043761,0.891242963907197
8000.0,200.0,273.0,0.051333104227104166,0.9787267062654262
8000.0,200.0,273.0,0.05873251575110334,1.0722455832053526
8000.0,200.0,273.0,0.06719851562439198,1.171851963444058
8000.0,200.0,273.0,0.07688484724982726,1.2775522756560695
8000.0,200.0,273.0,0.08796741537671066,1.389305067631813
8000.0,200.0,273.0,0.10064748054859585,1.5070200324149303
8000.0,200.0,273.0,0.11515531401485132,1.6305580650683917
8000.0,200.0,273.0,0.131754379479537,1.7597323838534433
8000.0,200.0,273.0,0.15074611762857124,1.8943107165316775
8000.0,200.0,273.0,0.1724754203226801,2.034018515381296
8000.0,200.0,273.0,0.1973368938680183,2.178543123250785
8000.0,200.0,273.0,0.22578202510608278,2.327538769129296
8000.0,200.0,273.0,0.2583273804598255,2.4806322290257805
8000.0,200.0,273.0,0.2955639868314636,2.637428951981344
8000.0,200.0,273.0,0.33816806471002536,2.797519427969776
8000.0,200.0,273.0,0.38691330840293764,2.960485569277635
8000.0,200.0,273.0,0.4426849364018869,3.125906891776769
8000.0,200.0,273.0,0.5064957670389989,3.2933663153987895
8000.0,200.0,273.0,0.5795046113688597,3.462455448285593
8000.0,200.0,273.0,0.6630373172929507,3.6327792681214643
8000.0,200.0,273.0,0.7586108470898982,3.803960158198419
8000.0,200.0,273.0,0.8679608256018917,3.975641287850072
8000.0,200.0,273.0,0.9930730593550847,4.147489343700731
8000.0,200.0,273.0,1.1362195990043518,4.31919662079933
8000.0,200.0,273.0,1.3,4.490482476077865
8000.0,200.0,298.0,0.001,0.012334340599388413
8000.0,200.0,298.0,0.0013130324344878836,0.016145966871771247
8000.0,200.0,298.0,0.0017240541740171785,0.021116850502087618
8000.0,200.0,298.0,0.0022637390492987737,0.02758746377971735
8000.0,200.0,298.0,0.002972362794946059,0.03599092648175229
8000.0,200.0,298.0,0.003902808756829234,0.0468741862588251
8000.0,200.0,298.0,0.00512451448332012,0.0609221188357235
8000.0,200.0,298.0,0.0067286537276022365,0.07898412007177358
8000.0,200.0,298.0,0.008834940584779547,0.10210226113536608
8000.0,200.0,298.0,0.01160056354458889,0.13153923501830725
8000.0,200.0,298.0,0.015231916192382951,0.1688029365028591
8000.0,200.0,298.0,0.020000000000000004,0.21566250951182028
8000.0,200.0,298.0,0.02288290047345013,0.24299153870630555
8000.0,200.0,298.0,0.026181356703891212,0.27342707579663533
8000.0,200.0,298.0,0.029955268985751946,0.3072498700172236
8000.0,200.0,298.0,0.03427317194281946,0.34475157982502547
8000.0,200.0,298.0,0.03921347912384905,0.3862321458061277
8000.0,200.0,298.0,0.04486590700043761,0.43199653209055544
8000.0,200.0,298.0,0.051333104227104166,0.4823508427222339
8000.0,200.0,298.0,0.05873251575110334,0.537597849631288
8000.0,200.0,298.0,0.06719851562439198,0.5980320009223984
8000.0,200.0,298.0,0.07688484724982726,0.6639340102298725
8000.0,200.0,298.0,0.08796741537671066,0.7355651578823201
8000.0,200.0,298.0,0.10064748054859585,0.813161460555965
8000.0,200.0,298.0,0.11515531401485132,0.8969278861177469
8000.0,200.0,298.0,0.131754379479537,0.9870328029455577
8000.0,200.0,298.0,0.15074611762857124,1.083602857170879
8000.0,200.0,298.0,0.1724754203226801,1.1867184667032649
8000.0,200.0,298.0,0.1973368938680183,1.2964101079521333
8000.0,200.0,298.0,0.22578202510608278,1.4126555507888519
8000.0,200.0,298.0,0.2583273804598255,1.5353781706341523
8000.0,200.0,298.0,0.2955639868314636,1.6644464345710182
8000.0,200.0,298.0,0.33816806471002536,1.7996746215667139
8000.0,200.0,298.0,0.38691330840293764,1.9408247953084363
8000.0,200.0,298.0,0.4426849364018869,2.0876100018993
8000.0,200.0,298.0,0.5064957670389989,2.239698614567149
8000.0,200.0,298.0,0.5795046113688597,2.3967196959404737
8000.0,200.0,298.0,0.6630373172929507,2.5582691994812237
8000.0,200.0,298.0,0.7586108470898982,2.723916790856984
8000.0,200.0,298.0,0.8679608256018917,2.89321304310653
8000.0,200.0,298.0,0.9930730593550847,3.0656967506855533
8000.0,200.0,298.0,1.1362195990043518,3.2409021182135493
8000.0,200.0,298.0,1.3,3.418365607620356
8000.0,200.0,323.0,0.001,0.0054389748350848945
8000.0,200.0,323.0,0.0013130324344878836,0.007132890495859849
8000.0,200.0,323.0,0.0017240541740171785,0.009350919342832224
8000.0,200.0,323.0,0.0022637390492987737,0.012252842866136465
8000.0,200.0,323.0,0.002972362794946059,0.016045548464828988
8000.0,200.0,323.0,0.003902808756829234,0.020995884362422924
8000.0,200.0,323.0,0.00512451448332012,0.027446403118458494
8000.0,200.0,323.0,0.0067286537276022365,0.03583430559929838
8000.0,200.0,323.0,0.008834940584779547,0.04671375989360029
8000.0,200.0,323.0,0.01160056354458889,0.06078154161108243
8000.0,200.0,323.0,0.015231916192382951,0.07890559433829154
8000.0,200.0,323.0,0.020000000000000004,0.10215557956640846
8000.0,200.0,323.0,0.02288290047345013,0.11593553787618613
8000.0,200.0,323.0,0.026181356703891212,0.13146338280529785
8000.0,200.0,323.0,0.029955268985751946,0.14893581040428025
8000.0,200.0,323.0,0.03427317194281946,0.16856637426554003
8000.0,200.0,323.0,0.03921347912384905,0.19058580725072674
8000.0,200.0,323.0,0.04486590700043761,0.21524205690506068
8000.0,200.0,323.0,0.051333104227104166,0.24279995892039266
8000.0,200.0,323.0,0.05873251575110334,0.27354046901219725
8000.0,200.0,323.0,0.06719851562439198,0.30775937427965655
8000.0,200.0,323.0,0.07688484724982726,0.34576541173640785
8000.0,200.0,323.0,0.08796741537671066,0.3878777350279437
8000.0,200.0,323.0,0.10064748054859585,0.43442269060757466
8000.0,200.0,323.0,0.11515531401485132,0.4857298913803483
8000.0,200.0,323.0,0.131754379479537,0.5421276079327934
8000.0,200.0,323.0,0.15074611762857124,0.6039375332466291
8000.0,200.0,323.0,0.1724754203226801,0.6714690140953566
8000.0,200.0,323.0,0.1973368938680183,0.7450128787193432
8000.0,200.0,323.0,0.22578202510608278,0.8248350233758928
8000.0,200.0,323.0,0.2583273804598255,0.9111699476275805
8000.0,200.0,323.0,0.2955639868314636,1.0042144477985255
8000.0,200.0,323.0,0.33816806471002536,1.1041216884877831
8000.0,200.0,323.0,0.38691330840293764,1.2109958726517394
8000.0,200.0,323.0,0.4426849364018869,1.3248877215009724
8000.0,200.0,323.0,0.5064957670389989,1.4457909567877503
8000.0,200.0,323.0,0.5795046113688597,1.573639950759074
8000.0,200.0,323.0,0.6630373172929507,1.7083086738933642
8000.0,200.0,323.0,0.7586108470898982,1.8496110281468476
8000.0,200.0,323.0,0.8679608256018917,1.9973026043625302
8000.0,200.0,323.0,0.9930730593550847,2.1510838476142666
8000.0,200.0,323.0,1.1362195990043518,2.310604555335099
8000.0,200.0,323.0,1.3,2.475469573257139
8000.0,300.0,273.0,0.001,0.05359971635814383
8000.0,300.0,273.0,0.0013130324344878836,0.06894938597158891
8000.0,300.0,273.0,0.0017240541740171785,0.08834782846981615
8000.0,300.0,273.0,0.0022637390492987737,0.11271826879501169
8000.0,300.0,273.0,0.002972362794946059,0.14314261731407313
8000.0,300.0,273.0,0.003902808756829234,0.18086901601048
8000.0,300.0,273.0,0.00512451448332012,0.22730970379493023
8000.0,300.0,273.0,0.0067286537276022365,0.28402584784644447
8000.0,300.0,273.0,0.008834940584779547,0.3526977417902143
8000.0,300.0,273.0,0.01160056354458889,0.4350809602002239
8000.0,300.0,273.0,0.015231916192382951,0.5329505790838533
8000.0,300.0,273.0,0.020000000000000004,0.6480357745224006
8000.0,300.0,273.0,0.02288290047345013,0.7118012549057962
8000.0,300.0,273.0,0.026181356703891212,0.7803506038727223
8000.0,300.0,273.0,0.029955268985751946,0.8538477001667162
8000.0,300.0,273.0,0.03427317194281946,0.9324391928422968
8000.0,300.0,273.0,0.03921347912384905,1.016251702733974
8000.0,300.0,273.0,0.04486590700043761,1.1053889476860104
8000.0,300.0,273.0,0.051333104227104166,1.199928835111646
8000.0,300.0,273.0,0.05873251575110334,1.2999205874570032
8000.0,300.0,273.0,0.06719851562439198,1.405381990664892
8000.0,300.0,273.0,0.07688484724982726,1.5162968803684251
8000.0,300.0,273.0,0.08796741537671066,1.632613002027107
8000.0,300.0,273.0,0.10064748054859585,1.7542403956498382
8000.0,300.0,273.0,0.11515531401485132,1.881050459027911
8000.0,300.0,273.0,0.131754379479537,2.0128758318488598
8000.0,300.0,273.0,0.15074611762857124,2.1495112142231703
8000.0,300.0,273.0,0.1724754203226801,2.290715186662987
8000.0,300.0,273.0,0.1973368938680183,2.436213036863569
8000.0,300.0,273.0,0.22578202510608278,2.585700527370226
8000.0,300.0,273.0,0.2583273804598255,2.7388484657920986
8000.0,300.0,273.0,0.2955639868314636,2.895307875721398
8000.0,300.0,273.0,0.33816806471002536,3.0547155217785513
8000.0,300.0,273.0,0.38691330840293764,3.2166995236717404
8000.0,300.0,273.0,0.4426849364018869,3.38088480497977
8000.0,300.0,273.0,0.5064957670389989,3.546898160385824
8000.0,300.0,273.0,0.5795046113688597,3.714372783106961
8000.0,300.0,273.0,0.6630373172929507,3.8829521615559957
8000.0,300.0,273.0,0.7586108470898982,4.052293318997656
8000.0,300.0,273.0,0.8679608256018917,4.222069421818193
8000.0,300.0,273.0,0.9930730593550847,4.391971814460441
8000.0,300.0,273.0,1.1362195990043518,4.561711550465243
8000.0,300.0,273.0,1.3,4.731020482629067
8000.0,300.0,298.0,0.001,0.018772463702954822
8000.0,300.0,298.0,0.0013130324344878836,0.024471414528771978
8000.0,300.0,298.0,0.0017240541740171785,0.03184074041233275
8000.0,300.0,298.0,0.0022637390492987737,0.04133620175068989
8000.0,300.0,298.0,0.002972362794946059,0.05352135541030443
8000.0,300.0,298.0,0.003902808756829234,0.06908654304651941
8000.0,300.0,298.0,0.00512451448332012,0.08886918002106432
8000.0,300.0,298.0,0.0067286537276022365,0.11387441480316414
8000.0,300.0,298.0,0.008834940584779547,0.1452941553352027
8000.0,300.0,298.0,0.01160056354458889,0.18452096284696795
8000.0,300.0,298.0,0.015231916192382951,0.23315191033167812
8000.0,300.0,298.0,0.020000000000000004,0.2929769871182747
8000.0,300.0,298.0,0.02288290047345013,0.32728771273234397
8000.0,300.0,298.0,0.026181356703891212,0.3650577159647228
8000.0,300.0,298.0,0.029955268985751946,0.4065386946794062
8000.0,300.0,298.0,0.03427317194281946,0.4519844778305559
8000.0,300.0,298.0,0.03921347912384905,0.5016483567443971
8000.0,300.0,298.0,0.04486590700043761,0.5557801665626678
8000.0,300.0,298.0,0.051333104227104166,0.6146231528096668
8000.0,300.0,298.0,0.05873251575110334,0.6784106617340747
8000.0,300.0,298.0,0.06719851562439198,0.747362696406395
8000.0,300.0,298.0,0.07688484724982726,0.8216823837084926
8000.0,300.0,298.0,0.08796741537671066,0.9015524004360234
8000.0,300.0,298.0,0.10064748054859585,0.9871314099390196
8000.0,300.0,298.0,0.11515531401485132,1.0785505645045554
8000.0,300.0,298.0,0.131754379479537,1.175910133808882
8000.0,300.0,298.0,0.15074611762857124,1.2792763271604717
8000.0,300.0,298.0,0.1724754203226801,1.3886783876084412
8000.0,300.0,298.0,0.1973368938680183,1.5041060492151752
8000.0,300.0,298.0,0.22578202510608278,1.6255074635161495
8000.0,300.0,298.0,0.2583273804598255,1.7527877144960913
8000.0,300.0,298.0,0.2955639868314636,1.8858080490085125
8000.0,300.0,298.0,0.33816806471002536,2.024385946494117
8000.0,300.0,298.0,0.38691330840293764,2.168296133649489
8000.0,300.0,298.0,0.4426849364018869,2.3172726137975346
8000.0,300.0,298.0,0.5064957670389989,2.4710117277049175
8000.0,300.0,298.0,0.5795046113688597,2.6291761968889134
8000.0,300.0,298.0,0.6630373172929507,2.7914000300175466
8000.0,300.0,298.0,0.7586108470898982,2.9572941080284476
8000.0,300.0,298.0,0.8679608256018917,3.126452214365781
8000.0,300.0,298.0,0.9930730593550847,3.2984572512275308
8000.0,300.0,298.0,1.1362195990043518,3.4728873845683808
8000.0,300.0,298.0,1.3,3.649321888174796
8000.0,300.0,323.0,0.001,0.007672789824812928
8000.0,300.0,323.0,0.0013130324344878836,0.010048336897703245
8000.0,300.0,323.0,0.0017240541740171785,0.013149348089767273
8000.0,300.0,323.0,0.0022637390492987737,0.017190781371784217
8000.0,300.0,323.0,0.002972362794946059,0.022447218163769475
8000.0,300.0,323.0,0.003902808756829234,0.02926713392996236
8000.0,300.0,323.0,0.00512451448332012,0.03808951866183423
8000.0,300.0,323.0,0.0067286537276022365,0.049462855692776635
8000.0,300.0,323.0,0.008834940584779547,0.06406635795029832
8000.0,300.0,323.0,0.01160056354458889,0.08273317651184114
8000.0,300.0,323.0,0.015231916192382951,0.10647488867989563
8000.0,300.0,323.0,0.020000000000000004,0.13650571946929976
8000.0,300.0,323.0,0.02288290047345013,0.15411060092968684
8000.0,300.0,323.0,0.026181356703891212,0.1737959526162654
8000.0,300.0,323.0,0.029955268985751946,0.1957711876013934
8000.0,300.0,323.0,0.03427317194281946,0.22025991681032817
8000.0,300.0,323.0,0.03921347912384905,0.2474994764588831
8000.0,300.0,323.0,0.04486590700043761,0.27774008973609265
8000.0,300.0,323.0,0.051333104227104166,0.31124362317095605
8000.0,300.0,323.0,0.05873251575110334,0.3482819094978201
8000.0,300.0,323.0,0.06719851562439198,0.3891346224306117
8000.0,300.0,323.0,0.07688484724982726,0.4340867036081491
8000.0,300.0,323.0,0.08796741537671066,0.483425357193947
8000.0,300.0,323.0,0.10064748054859585,0.5374366425254864
8000.0,300.0,323.0,0.11515531401485132,0.5964017093676295
8000.0,300.0,323.0,0.131754379479537,0.6605927334495745
8000.0,300.0,323.0,0.15074611762857124,0.7302686217945457
8000.0,300.0,323.0,0.1724754203226801,0.8056705675374407
8000.0,300.0,323.0,0.1973368938680183,0.8870175420250682
8000.0,300.0,323.0,0.22578202510608278,0.9745018176115563
8000.0,300.0,323.0,0.2583273804598255,1.0682846176019263
8000.0,300.0,323.0,0.2955639868314636,1.1684919907025104
8000.0,300.0,323.0,0.33816806471002536,1.2752110071565566
8000.0,300.0,323.0,0.38691330840293764,1.3884863738970816
8000.0,300.0,323.0,0.4426849364018869,1.5083175677718403
8000.0,300.0,323.0,0.5064957670389989,1.6346565894974814
8000.0,300.0,323.0,0.5795046113688597,1.7674064452177884
8000.0,300.0,323.0,0.6630373172929507,1.9064204643018674
8000.0,300.0,323.0,0.7586108470898982,2.0515025568620886
8000.0,300.0,323.0,0.8679608256018917,2.202408497661127
8000.0,300.0,323.0,0.9930730593550847,2.358848291158491
8000.0,300.0,323.0,1.1362195990043518,2.520489624786259
8000.0,300.0,323.0,1.3,2.6869623572822245
8000.0,400.0,273.0,0.001,0.13110813562670354
8000.0,400.0,273.0,0.0013130324344878836,0.1632038113850238
8000.0,400.0,273.0,0.0017240541740171785,0.2017659294720079
8000.0,400.0,273.0,0.0022637390492987737,0.24764420042862517
8000.0,400.0,273.0,0.002972362794946059,0.30167615349190885
8000.0,400.0,273.0,0.003902808756829234,0.3646688749095959
8000.0,400.0,273.0,0.00512451448332012,0.43739586536038433
8000.0,400.0,273.0,0.0067286537276022365,0.5206135977010593
8000.0,400.0,273.0,0.008834940584779547,0.6150969011340324
8000.0,400.0,273.0,0.01160056354458889,0.7216853962868146
8000.0,400.0,273.0,0.015231916192382951,0.8413267323188246
8000.0,400.0,273.0,0.020000000000000004,0.9750988508250544
8000.0,400.0,273.0,0.02288290047345013,1.0468264795764644
8000.0,400.0,273.0,0.026181356703891212,1.12245086266911
8000.0,400.0,273.0,0.029955268985751946,1.2021239667235357
8000.0,400.0,273.0,0.03427317194281946,1.2859949735612537
8000.0,400.0,273.0,0.03921347912384905,1.374206277332644
8000.0,400.0,273.0,0.04486590700043761,1.4668891107916626
8000.0,400.0,273.0,0.051333104227104166,1.5641589612731466
8000.0,400.0,273.0,0.05873251575110334,1.6661109507279985
8000.0,400.0,273.0,0.06719851562439198,1.7728153601768881
8000.0,400.0,273.0,0.07688484724982726,1.8843134779845092
8000.0,400.0,273.0,0.08796741537671066,2.0006139442774713
8000.0,400.0,273.0,0.10064748054859585,2.1216897510823207
8000.0,400.0,273.0,0.11515531401485132,2.2474760391433133
8000.0,400.0,273.0,0.131754379479537,2.3778688070563585
8000.0,400.0,273.0,0.15074611762857124,2.5127246152541503
8000.0,400.0,273.0,0.1724754203226801,2.6518613259270882
8000.0,400.0,273.0,0.1973368938680183,2.795059870972363
8000.0,400.0,273.0,0.22578202510608278,2.9420669864031526
8000.0,400.0,273.0,0.2583273804598255,3.092598798406295
8000.0,400.0,273.0,0.2955639868314636,3.246345100076709
8000.0,400.0,273.0,0.33816806471002536,3.402974125652878
8000.0,400.0,273.0,0.38691330840293764,3.5621376161148643
8000.0,400.0,273.0,0.4426849364018869,3.723475978325345
8000.0,400.0,273.0,0.5064957670389989,3.88662336735409
8000.0,400.0,273.0,0.5795046113688597,4.051212562081167
8000.0,400.0,273.0,0.6630373172929507,4.216879548804316
8000.0,400.0,273.0,0.7586108470898982,4.383267767038357
8000.0,400.0,273.0,0.8679608256018917,4.550031998481263
8000.0,400.0,273.0,0.9930730593550847,4.716841890442745
8000.0,400.0,273.0,1.1362195990043518,4.883385099675958
8000.0,400.0,273.0,1.3,5.049370026489563
8000.0,400.0,298.0,0.001,0.04052715777174814
8000.0,400.0,298.0,0.0013130324344878836,0.0520992571225668
8000.0,400.0,298.0,0.0017240541740171785,0.06669203381018927
8000.0,400.0,298.0,0.0022637390492987737,0.0849728147824886
8000.0,400.0,298.0,0.002972362794946059,0.10771399077539559
8000.0,400.0,298.0,0.003902808756829234,0.13579560209891556
8000.0,400.0,298.0,0.00512451448332012,0.17020148533721022
8000.0,400.0,298.0,0.0067286537276022365,0.21200714474380555
8000.0,400.0,298.0,0.008834940584779547,0.26235954902779374
8000.0,400.0,298.0,0.01160056354458889,0.3224520213833565
8000.0,400.0,298.0,0.015231916192382951,0.39349995916590075
8000.0,400.0,298.0,0.020000000000000004,0.4767238000706335
8000.0,400.0,298.0,0.02288290047345013,0.5227469339581782
8000.0,400.0,298.0,0.026181356703891212,0.5721927223529664
8000.0,400.0,298.0,0.029955268985751946,0.6252094890196247
8000.0,400.0,298.0,0.03427317194281946,0.6819465157850819
8000.0,400.0,298.0,0.03921347912384905,0.74255426720538
8000.0,400.0,298.0,0.04486590700043761,0.807184381664229
8000.0,400.0,298.0,0.051333104227104166,0.8759893074030547
8000.0,400.0,298.0,0.05873251575110334,0.9491214719690267
8000.0,400.0,298.0,0.06719851562439198,1.02673189625242
8000.0,400.0,298.0,0.07688484724982726,1.10896819849876
8000.0,400.0,298.0,0.08796741537671066,1.1959719765670385
8000.0,400.0,298.0,0.10064748054859585,1.287875604146289
8000.0,400.0,298.0,0.11515531401485132,1.3847985239896254
8000.0,400.0,298.0,0.131754379479537,1.4868431641170101
8000.0,400.0,298.0,0.15074611762857124,1.5940906379865898
8000.0,400.0,298.0,0.1724754203226801,1.706596414774305
8000.0,400.0,298.0,0.1973368938680183,1.824386160332056
8000.0,400.0,298.0,0.22578202510608278,1.9474519531703487
8000.0,400.0,298.0,0.2583273804598255,2.0757490732675015
8000.0,400.0,298.0,0.2955639868314636,2.209193544783185
8000.0,400.0,298.0,0.33816806471002536,2.347660586646289
8000.0,400.0,298.0,0.38691330840293764,2.490984087260755
8000.0,400.0,298.0,0.4426849364018869,2.6389571716548264
8000.0,400.0,298.0,0.5064957670389989,2.7913338731935187
8000.0,400.0,298.0,0.5795046113688597,2.9478318614121948
8000.0,400.0,298.0,0.6630373172929507,3.108136118494973
8000.0,400.0,298.0,0.7586108470898982,3.27190340638851
8000.0,400.0,298.0,0.8679608256018917,3.438767331059111
8000.0,400.0,298.0,0.9930730593550847,3.608343794367744
8000.0,400.0,298.0,1.1362195990043518,3.7802366283442197
8000.0,400.0,298.0,1.3,3.954043228201829
8000.0,400.0,323.0,0.001,0.014363758914722621
8000.0,400.0,323.0,0.0013130324344878836,0.018720221969074236
8000.0,400.0,323.0,0.0017240541740171785,0.02435010006598081
8000.0,400.0,323.0,0.0022637390492987737,0.03159800789941455
8000.0,400.0,323.0,0.002972362794946059,0.040887992650387915
8000.0,400.0,323.0,0.003902808756829234,0.05273633153117328
8000.0,400.0,323.0,0.00512451448332012,0.06776484276569306
8000.0,400.0,323.0,0.0067286537276022365,0.08671426157857652
8000.0,400.0,323.0,0.008834940584779547,0.11045669898979182
8000.0,400.0,323.0,0.01160056354458889,0.14000531268823094
8000.0,400.0,323.0,0.015231916192382951,0.17651841072518923
8000.0,400.0,323.0,0.020000000000000004,0.22129497058446349
8000.0,400.0,323.0,0.02288290047345013,0.24692110028146505
8000.0,400.0,323.0,0.026181356703891212,0.2750961991551665
8000.0,400.0,323.0,0.029955268985751946,0.3060073934205855
8000.0,400.0,323.0,0.03427317194281946,0.3398459371430561
8000.0,400.0,323.0,0.03921347912384905,0.37680617618989476
8000.0,400.0,323.0,0.04486590700043761,0.4170845161761711
8000.0,400.0,323.0,0.051333104227104166,0.46087842377238775
8000.0,400.0,323.0,0.05873251575110334,0.508385478662191
8000.0,400.0,323.0,0.06719851562439198,0.5598024772704248
8000.0,400.0,323.0,0.07688484724982726,0.6153245703509408
8000.0,400.0,323.0,0.08796741537671066,0.6751443963331886
8000.0,400.0,323.0,0.10064748054859585,0.7394511531624205
8000.0,400.0,323.0,0.11515531401485132,0.8084295358255679
8000.0,400.0,323.0,0.131754379479537,0.8822584576141791
8000.0,400.0,323.0,0.15074611762857124,0.9611094729973777
8000.0,400.0,323.0,0.1724754203226801,1.0451448305677693
8000.0,400.0,323.0,0.1973368938680183,1.1345151064153816
8000.0,400.0,323.0,0.22578202510608278,1.229356400420017
8000.0,400.0,323.0,0.2583273804598255,1.3297871177023348
8000.0,400.0,323.0,0.2955639868314636,1.4359044010393842
8000.0,400.0,323.0,0.33816806471002536,1.5477803231240181
8000.0,400.0,323.0,0.38691330840293764,1.6654579860204362
8000.0,400.0,323.0,0.4426849364018869,1.7889477056421768
8000.0,400.0,323.0,0.5064957670389989,1.9182234790454515
8000.0,400.0,323.0,0.5795046113688597,2.053219940037288
8000.0,400.0,323.0,0.6630373172929507,2.1938300027932875
8000.0,400.0,323.0,0.7586108470898982,2.3399033729989935
8000.0,400.0,323.0,0.8679608256018917,2.4912460712138778
8000.0,400.0,323.0,0.9930730593550847,2.647621064610807
8000.0,400.0,323.0,1.1362195990043518,2.8087500436837907
8000.0,400.0,323.0,1.3,2.974316314834899
8000.0,500.0,273.0,0.001,0.4293136705794122
8000.0,500.0,273.0,0.0013130324344878836,0.49751819491781557
8000.0,500.0,273.0,0.0017240541740171785,0.5712223899983957
8000.0,500.0,273.0,0.0022637390492987737,0.6501465628615732
8000.0,500.0,273.0,0.002972362794946059,0.7341009555854878
8000.0,500.0,273.0,0.003902808756829234,0.8230616047635391
8000.0,500.0,273.0,0.00512451448332012,0.9172348591667423
8000.0,500.0,273.0,0.0067286537276022365,1.0171062441560825
8000.0,500.0,273.0,0.008834940584779547,1.123471447365787
8000.0,500.0,273.0,0.01160056354458889,1.2374469766398377
8000.0,500.0,273.0,0.015231916192382951,1.3604560670254098
8000.0,500.0,273.0,0.020000000000000004,1.4941833693039082
8000.0,500.0,273.0,0.02288290047345013,1.5648330472537624
8000.0,500.0,273.0,0.026181356703891212,1.6387911853655739
8000.0,500.0,273.0,0.029955268985751946,1.7162902898250922
8000.0,500.0,273.0,0.03427317194281946,1.7975567836666713
8000.0,500.0,273.0,0.03921347912384905,1.8828055798458914
8000.0,500.0,273.0,0.04486590700043761,1.9722344290276494
8000.0,500.0,273.0,0.051333104227104166,2.066018219785849
8000.0,500.0,273.0,0.05873251575110334,2.164303428926973
8000.0,500.0,273.0,0.06719851562439198,2.2672029302575853
8000.0,500.0,273.0,0.07688484724982726,2.374791370943399
8000.0,500.0,273.0,0.08796741537671066,2.487101315802053
8000.0,500.0,273.0,0.10064748054859585,2.6041203416104066
8000.0,500.0,273.0,0.11515531401485132,2.725789235633285
8000.0,500.0,273.0,0.131754379479537,2.8520014145911503
8000.0,500.0,273.0,0.15074611762857124,2.982603631773628
8000.0,500.0,273.0,0.1724754203226801,3.1173979814786184
8000.0,500.0,273.0,0.1973368938680183,3.2561451437233937
8000.0,500.0,273.0,0.22578202510608278,3.3985687429327727
8000.0,500.0,273.0,0.2583273804598255,3.54436062904138
8000.0,500.0,273.0,0.2955639868314636,3.6931868364516265
8000.0,500.0,273.0,0.33816806471002536,3.8446939434831844
8000.0,500.0,273.0,0.38691330840293764,3.998515547868778
8000.0,500.0,273.0,0.4426849364018869,4.154278593966012
8000.0,500.0,273.0,0.5064957670389989,4.3116093312906925
8000.0,500.0,273.0,0.5795046113688597,4.470138743955601
8000.0,500.0,273.0,0.6630373172929507,4.629507356053906
8000.0,500.0,273.0,0.7586108470898982,4.789369377965505
8000.0,500.0,273.0,0.8679608256018917,4.949396204030613
8000.0,500.0,273.0,0.9930730593550847,5.109279298009833
8000.0,500.0,273.0,1.1362195990043518,5.268732509011819
8000.0,500.0,273.0,1.3,5.4274938513274265
8000.0,500.0,298.0,0.001,0.13175665259194
8000.0,500.0,298.0,0.0013130324344878836,0.16313726341044585
8000.0,500.0,298.0,0.0017240541740171785,0.20042982920694186
8000.0,500.0,298.0,0.0022637390492987737,0.24422905036121256
8000.0,500.0,298.0,0.002972362794946059,0.29503930392718564
8000.0,500.0,298.0,0.003902808756829234,0.3532471619809518
8000.0,500.0,298.0,0.00512451448332012,0.4191137183460216
8000.0,500.0,298.0,0.0067286537276022365,0.49279376334758634
8000.0,500.0,298.0,0.008834940584779547,0.574383840444711
8000.0,500.0,298.0,0.01160056354458889,0.6639948002678076
8000.0,500.0,298.0,0.015231916192382951,0.7618383291276135
8000.0,500.0,298.0,0.020000000000000004,0.8683130201956625
8000.0,500.0,298.0,0.02288290047345013,0.9243383099434435
8000.0,500.0,298.0,0.026181356703891212,0.9827354461470003
8000.0,500.0,298.0,0.029955268985751946,1.043629126384981
8000.0,500.0,298.0,0.03427317194281946,1.1071626444269749
8000.0,500.0,298.0,0.03921347912384905,1.173497135484021
8000.0,500.0,298.0,0.04486590700043761,1.2428101507301361
8000.0,500.0,298.0,0.051333104227104166,1.3152935400623988
8000.0,500.0,298.0,0.05873251575110334,1.3911506340136601
8000.0,500.0,298.0,0.06719851562439198,1.4705927316998177
8000.0,500.0,298.0,0.07688484724982726,1.5538349225536132
8000.0,500.0,298.0,0.08796741537671066,1.6410912954681067
8000.0,500.0,298.0,0.10064748054859585,1.732569619096563
8000.0,500.0,298.0,0.11515531401485132,1.8284656098999468
8000.0,500.0,298.0,0.131754379479537,1.928956937954924
8000.0,500.0,298.0,0.15074611762857124,2.0341971520102393
8000.0,500.0,298.0,0.1724754203226801,2.1443097321411195
8000.0,500.0,298.0,0.1973368938680183,2.2593824979792747
8000.0,500.0,298.0,0.22578202510608278,2.379462610423555
8000.0,500.0,298.0,0.2583273804598255,2.5045524026985886
8000.0,500.0,298.0,0.2955639868314636,2.6346062606288676
8000.0,500.0,298.0,0.33816806471002536,2.769528740503885
8000.0,500.0,298.0,0.38691330840293764,2.909174065284486
8000.0,500.0,298.0,0.4426849364018869,3.0533470770162814
8000.0,500.0,298.0,0.5064957670389989,3.2018056482269697
8000.0,500.0,298.0,0.5795046113688597,3.354264473411209
8000.0,500.0,298.0,0.6630373172929507,3.510400081409072
8000.0,500.0,298.0,0.7586108470898982,3.669856839820175
8000.0,500.0,298.0,0.8679608256018917,3.832253672363571
8000.0,500.0,298.0,0.9930730593550847,3.997191185583812
8000.0,500.0,298.0,1.1362195990043518,4.164258904605936
8000.0,500.0,298.0,1.3,4.333042345927974
8000.0,500.0,323.0,0.001,0.03993008196132016
8000.0,500.0,323.0,0.0013130324344878836,0.051205566815340255
8000.0,500.0,323.0,0.0017240541740171785,0.06535389432077338
8000.0,500.0,323.0,0.0022637390492987737,0.08297356666571563
8000.0,500.0,323.0,0.002972362794946059,0.1047399824197835
8000.0,500.0,323.0,0.003902808756829234,0.13139858158614312
8000.0,500.0,323.0,0.00512451448332012,0.16374965992735185
8000.0,500.0,323.0,0.0067286537276022365,0.20262365362207693
8000.0,500.0,323.0,0.008834940584779547,0.24884848906383242
8000.0,500.0,323.0,0.01160056354458889,0.3032143876710801
8000.0,500.0,323.0,0.015231916192382951,0.3664448585741578
8000.0,500.0,323.0,0.020000000000000004,0.4391839100314218
8000.0,500.0,323.0,0.02288290047345013,0.4788414258258258
8000.0,500.0,323.0,0.026181356703891212,0.5210307309930965
8000.0,500.0,323.0,0.029955268985751946,0.5658174953974249
8000.0,500.0,323.0,0.03427317194281946,0.6132693301657833
8000.0,500.0,323.0,0.03921347912384905,0.6634580408564937
8000.0,500.0,323.0,0.04486590700043761,0.716461948148796
8000.0,500.0,323.0,0.051333104227104166,0.7723681337584486
8000.0,500.0,323.0,0.05873251575110334,0.8312744618998364
8000.0,500.0,323.0,0.06719851562439198,0.8932912286715918
8000.0,500.0,323.0,0.07688484724982726,0.9585423027238911
8000.0,500.0,323.0,0.08796741537671066,1.0271656390482504
8000.0,500.0,323.0,0.10064748054859585,1.099313071787277
8000.0,500.0,323.0,0.11515531401485132,1.175149319629016
8000.0,500.0,323.0,0.131754379479537,1.2548501670094363
8000.0,500.0,323.0,0.15074611762857124,1.3385998149077551
8000.0,500.0,323.0,0.1724754203226801,1.4265874258934452
8000.0,500.0,323.0,0.1973368938680183,1.519002919002669
8000.0,500.0,323.0,0.22578202510608278,1.6160321008182503
8000.0,500.0,323.0,0.2583273804598255,1.7178512495636458
8000.0,500.0,323.0,0.2955639868314636,1.824621298698646
8000.0,500.0,323.0,0.33816806471002536,1.9364817948100528
8000.0,500.0,323.0,0.38691330840293764,2.0535448306147766
8000.0,500.0,323.0,0.4426849364018869,2.175889176267686
8000.0,500.0,323.0,0.5064957670389989,2.3035548488614426
8000.0,500.0,323.0,0.5795046113688597,2.4365383682058943
8000.0,500.0,323.0,0.6630373172929507,2.5747889432203097
8000.0,500.0,323.0,0.7586108470898982,2.718205813993933
8000.0,500.0,323.0,0.8679608256018917,2.8666369370299116
8000.0,500.0,323.0,0.9930730593550847,3.0198791446226148
8000.0,500.0,323.0,1.1362195990043518,3.1776798359378104
8000.0,500.0,323.0,1.3,3.339740172764346
10000.0,0.0,273.0,0.001,0.022131310835488274
10000.0,0.0,273.0,0.0013130324344878836,0.028949372234534893
10000.0,0.0,273.0,0.0017240541740171785,0.03782591856536259
10000.0,0.0,273.0,0.0022637390492987737,0.04935468389092359
10000.0,0.0,273.0,0.002972362794946059,0.06428324279873578
10000.0,0.0,273.0,0.003902808756829234,0.08354272314760323
10000.0,0.0,273.0,0.00512451448332012,0.10827778623038033
10000.0,0.0,273.0,0.0067286537276022365,0.13987372775547133
10000.0,0.0,273.0,0.008834940584779547,0.1799761264963608
10000.0,0.0,273.0,0.01160056354458889,0.23049689215275743
10000.0,0.0,273.0,0.015231916192382951,0.293599036823163
10000.0,0.0,273.0,0.020000000000000004,0.3716514941650781
10000.0,0.0,273.0,0.02288290047345013,0.41653175194612924
10000.0,0.0,273.0,0.026181356703891212,0.4659805123174714
10000.0,0.0,273.0,0.029955268985751946,0.5202975044819111
10000.0,0.0,273.0,0.03427317194281946,0.5797725178811468
10000.0,0.0,273.0,0.03921347912384905,0.6446796211081207
10000.0,0.0,273.0,0.04486590700043761,0.7152710392317974
10000.0,0.0,273.0,0.051333104227104166,0.7917708659132715
10000.0,0.0,273.0,0.05873251575110334,0.8743688185353836
10000.0,0.0,273.0,0.06719851562439198,0.9632142682454662
10000.0,0.0,273.0,0.07688484724982726,1.0584107904466555
10000.0,0.0,273.0,0.08796741537671066,1.160011483467393
10000.0,0.0,273.0,0.10064748054859585,1.268015292692403
10000.0,0.0,273.0,0.11515531401485132,1.3823645531267053
10000.0,0.0,273.0,0.131754379479537,1.5029439239817663
10000.0,0.0,273.0,0.15074611762857124,1.6295808337000945
10000.0,0.0,273.0,0.1724754203226801,1.7620474834945852
10000.0,0.0,273.0,0.1973368938680183,1.9000643749269517
10000.0,0.0,273.0,0.22578202510608278,2.0433052382596295
10000.0,0.0,273.0,0.2583273804598255,2.1914031522036783
10000.0,0.0,273.0,0.2955639868314636,2.343957572994483
10000.0,0.0,273.0,0.33816806471002536,2.5005419419597588
10000.0,0.0,273.0,0.38691330840293764,2.6607115236347907
10000.0,0.0,273.0,0.4426849364018869,2.8240111437764024
10000.0,0.0,273.0,0.5064957670389989,2.989982544953069
10000.0,0.0,273.0,0.5795046113688597,3.158171147651661
10000.0,0.0,273.0,0.6630373172929507,3.328132084166247
10000.0,0.0,273.0,0.7586108470898982,3.4994354472004257
10000.0,0.0,273.0,0.8679608256018917,3.671670753664053
10000.0,0.0,273.0,0.9930730593550847,3.8444506598070167
10000.0,0.0,273.0,1.1362195990043518,4.017413975638473
10000.0,0.0,273.0,1.3,4.19022801896346
10000.0,0.0,298.0,0.001,0.008880251645204775
10000.0,0.0,298.0,0.0013130324344878836,0.011643170199037975
10000.0,0.0,298.0,0.0017240541740171785,0.015258967676562344
10000.0,0.0,298.0,0.0022637390492987737,0.019986203775570265
10000.0,0.0,298.0,0.002972362794946059,0.026158605416207133
10000.0,0.0,298.0,0.003902808756829234,0.034204795336771496
10000.0,0.0,298.0,0.00512451448332012,0.044671860095051995
10000.0,0.0,298.0,0.0067286537276022365,0.05825269377960018
10000.0,0.0,298.0,0.008834940584779547,0.0758165040988911
10000.0,0.0,298.0,0.01160056354458889,0.09844104669514005
10000.0,0.0,298.0,0.015231916192382951,0.1274440392139399
10000.0,0.0,298.0,0.020000000000000004,0.1644098137010029
10000.0,0.0,298.0,0.02288290047345013,0.18619195404966768
10000.0,0.0,298.0,0.026181356703891212,0.21062450094655738
10000.0,0.0,298.0,0.029955268985751946,0.23797549165738532
10000.0,0.0,298.0,0.03427317194281946,0.26852845162337446
10000.0,0.0,298.0,0.03921347912384905,0.3025808722437244
10000.0,0.0,298.0,0.04486590700043761,0.3404420993606053
10000.0,0.0,298.0,0.051333104227104166,0.38243057499867905
10000.0,0.0,298.0,0.05873251575110334,0.42887039067916294
10000.0,0.0,298.0,0.06719851562439198,0.48008713370949785
10000.0,0.0,298.0,0.07688484724982726,0.5364030381975208
10000.0,0.0,298.0,0.08796741537671066,0.5981314891730317
10000.0,0.0,298.0,0.10064748054859585,0.6655709691933561
10000.0,0.0,298.0,0.11515531401485132,0.7389985794804307
10000.0,0.0,298.0,0.131754379479537,0.8186633088988983
10000.0,0.0,298.0,0.15074611762857124,0.9047792608593099
10000.0,0.0,298.0,0.1724754203226801,0.9975190777803871
10000.0,0.0,298.0,0.1973368938680183,1.0970078228100886
10000.0,0.0,298.0,0.22578202510608278,1.2033175872115283
10000.0,0.0,298.0,0.2583273804598255,1.3164630874325831
10000.0,0.0,298.0,0.2955639868314636,1.43639849660912
10000.0,0.0,298.0,0.33816806471002536,1.5630157193448269
10000.0,0.0,298.0,0.38691330840293764,1.696144264869527
10000.0,0.0,298.0,0.4426849364018869,1.8355528024040069
10000.0,0.0,298.0,0.5064957670389989,1.9809523966167186
10000.0,0.0,298.0,0.5795046113688597,2.132001326589763
10000.0,0.0,298.0,0.6630373172929507,2.2883112980190816
10000.0,0.0,298.0,0.7586108470898982,2.4494547766785284
10000.0,0.0,298.0,0.8679608256018917,2.614973112404263
10000.0,0.0,298.0,0.9930730593550847,2.784385095000925
10000.0,0.0,298.0,1.1362195990043518,2.9571955893945114
10000.0,0.0,298.0,1.3,3.1329039337889903
10000.0,0.0,323.0,0.001,0.004088457822275885
10000.0,0.0,323.0,0.0013130324344878836,0.005364893274511664
10000.0,0.0,323.0,0.0017240541740171785,0.007038463566567826
10000.0,0.0,323.0,0.0022637390492987737,0.009231749172257976
10000.0,0.0,323.0,0.002972362794946059,0.012104475699483787
10000.0,0.0,323.0,0.003902808756829234,0.015864290092336118
10000.0,0.0,323.0,0.00512451448332012,0.020780337246225716
10000.0,0.0,323.0,0.0067286537276022365,0.0272001489967417
10000.0,0.0,323.0,0.008834940584779547,0.03557030834800592
10000.0,0.0,323.0,0.01160056354458889,0.04646119041738749
10000.0,0.0,323.0,0.015231916192382951,0.06059574956024219
10000.0,0.0,323.0,0.020000000000000004,0.0788817559609667
10000.0,0.0,323.0,0.02288290047345013,0.08979377097912297
10000.0,0.0,323.0,0.026181356703891212,0.10215062769998101
10000.0,0.0,323.0,0.029955268985751946,0.1161267029078234
10000.0,0.0,323.0,0.03427317194281946,0.13191326127044736
10000.0,0.0,323.0,0.03921347912384905,0.14971913268740403
10000.0,0.0,323.0,0.04486590700043761,0.16977119008104458
10000.0,0.0,323.0,0.051333104227104166,0.19231456915426487
10000.0,0.0,323.0,0.05873251575110334,0.21761256532771925
10000.0,0.0,323.0,0.06719851562439198,0.24594613767350418
10000.0,0.0,323.0,0.07688484724982726,0.2776129459595961
10000.0,0.0,323.0,0.08796741537671066,0.31292584595771894
10000.0,0.0,323.0,0.10064748054859585,0.35221077122504735
10000.0,0.0,323.0,0.11515531401485132,0.39580393802554104
10000.0,0.0,323.0,0.131754379479537,0.4440483251644436
10000.0,0.0,323.0,0.15074611762857124,0.49728940311237446
10000.0,0.0,323.0,0.1724754203226801,0.5558701170352123
10000.0,0.0,323.0,0.1973368938680183,0.6201251654560845
10000.0,0.0,323.0,0.22578202510608278,0.6903746585328682
10000.0,0.0,323.0,0.2583273804598255,0.7669172848032613
10000.0,0.0,323.0,0.2955639868314636,0.8500231596929515
10000.0,0.0,323.0,0.33816806471002536,0.9399265699438665
10000.0,0.0,323.0,0.38691330840293764,1.036818862443991
10000.0,0.0,323.0,0.4426849364018869,1.1408417511214655
10000.0,0.0,323.0,0.5064957670389989,1.2520813292823334
10000.0,0.0,323.0,0.5795046113688597,1.3705630747944073
10000.0,0.0,323.0,0.6630373172929507,1.496248119582102
10000.0,0.0,323.0,0.7586108470898982,1.6290310208523608
10000.0,0.0,323.0,0.8679608256018917,1.7687392178875125
10000.0,0.0,323.0,0.9930730593550847,1.9151342853699111
10000.0,0.0,323.0,1.1362195990043518,2.0679150050305464
10000.0,0.0,323.0,1.3,2.226722178296671
10000.0,100.0,273.0,0.001,0.025109527838145854
10000.0,100.0,273.0,0.0013130324344878836,0.03280863125172258
10000.0,100.0,273.0,0.0017240541740171785,0.04280935619274196
10000.0,100.0,273.0,0.0022637390492987737,0.055762518990539967
10000.0,100.0,273.0,0.002972362794946059,0.07248119385669093
10000.0,100.0,273.0,0.003902808756829234,0.09396963105540891
10000.0,100.0,273.0,0.00512451448332012,0.12145168303147362
10000.0,100.0,273.0,0.0067286537276022365,0.15639547854990968
10000.0,100.0,273.0,0.008834940584779547,0.20052944223586416
10000.0,100.0,273.0,0.01160056354458889,0.25584274742334095
10000.0,100.0,273.0,0.015231916192382951,0.32456136215743076
10000.0,100.0,273.0,0.020000000000000004,0.409090038112331
10000.0,100.0,273.0,0.02288290047345013,0.45748985251776086
10000.0,100.0,273.0,0.026181356703891212,0.5106612403145264
10000.0,100.0,273.0,0.029955268985751946,0.5688936081494502
10000.0,100.0,273.0,0.03427317194281946,0.632461849656201
10000.0,100.0,273.0,0.03921347912384905,0.7016203221920668
10000.0,100.0,273.0,0.04486590700043761,0.776596666072619
10000.0,100.0,273.0,0.051333104227104166,0.8575856730347641
10000.0,100.0,273.0,0.05873251575110334,0.9447434294167936
10000.0,100.0,273.0,0.06719851562439198,1.0381819679746314
10000.0,100.0,273.0,0.07688484724982726,1.1379646597447006
10000.0,100.0,273.0,0.08796741537671066,1.2441025636093772
10000.0,100.0,273.0,0.10064748054859585,1.3565519259227907
10000.0,100.0,273.0,0.11515531401485132,1.4752129853292077
10000.0,100.0,273.0,0.131754379479537,1.599930188526684
10000.0,100.0,273.0,0.15074611762857124,1.730493861710393
10000.0,100.0,273.0,0.1724754203226801,1.866643311795355
10000.0,100.0,273.0,0.1973368938680183,2.008071255439723
10000.0,100.0,273.0,0.22578202510608278,2.154429398861221
10000.0,100.0,273.0,0.2583273804598255,2.30533492571171
10000.0,100.0,273.0,0.2955639868314636,2.4603776025166604
10000.0,100.0,273.0,0.33816806471002536,2.6191271886124663
10000.0,100.0,273.0,0.38691330840293764,2.7811408439822607
10000.0,100.0,273.0,0.4426849364018869,2.9459702630578737
10000.0,100.0,273.0,0.5064957670389989,3.1131683195895294
10000.0,100.0,273.0,0.5795046113688597,3.2822950772153727
10000.0,100.0,273.0,0.6630373172929507,3.452923090491959
10000.0,100.0,273.0,0.7586108470898982,3.624641980511393
10000.0,100.0,273.0,0.8679608256018917,3.797062309455842
10000.0,100.0,273.0,0.9930730593550847,3.969818795857622
10000.0,100.0,273.0,1.1362195990043518,4.14257290855531
10000.0,100.0,273.0,1.3,4.315014858570801
10000.0,100.0,298.0,0.001,0.009943960463716855
10000.0,100.0,298.0,0.0013130324344878836,0.013032749248485053
10000.0,100.0,298.0,0.0017240541740171785,0.01707152809701958
10000.0,100.0,298.0,0.0022637390492987737,0.022346000353205966
10000.0,100.0,298.0,0.002972362794946059,0.02922350269591747
10000.0,100.0,298.0,0.003902808756829234,0.03817363083119045
10000.0,100.0,298.0,0.00512451448332012,0.04979249374987048
10000.0,100.0,298.0,0.0067286537276022365,0.06483036397727272
10000.0,100.0,298.0,0.008834940584779547,0.08422194404840348
10000.0,100.0,298.0,0.01160056354458889,0.10911768535211505
10000.0,100.0,298.0,0.015231916192382951,0.14091351368306604
10000.0,100.0,298.0,0.020000000000000004,0.18127485569854704
10000.0,100.0,298.0,0.02288290047345013,0.20498337867305413
10000.0,100.0,298.0,0.026181356703891212,0.23151851734865547
10000.0,100.0,298.0,0.029955268985751946,0.26115683748562285
10000.0,100.0,298.0,0.03427317194281946,0.29418941825732564
10000.0,100.0,298.0,0.03921347912384905,0.3309199559489235
10000.0,100.0,298.0,0.04486590700043761,0.37166221520595116
10000.0,100.0,298.0,0.051333104227104166,0.41673677930886466
10000.0,100.0,298.0,0.05873251575110334,0.46646707627886774
10000.0,100.0,298.0,0.06719851562439198,0.5211746905113243
10000.0,100.0,298.0,0.07688484724982726,0.5811740085528906
10000.0,100.0,298.0,0.08796741537671066,0.6467662901339641
10000.0,100.0,298.0,0.10064748054859585,0.7182332985518972
10000.0,100.0,298.0,0.11515531401485132,0.7958306646717294
10000.0,100.0,298.0,0.131754379479537,0.879781193105267
10000.0,100.0,298.0,0.15074611762857124,0.970268345069352
10000.0,100.0,298.0,0.1724754203226801,1.0674301482669657
10000.0,100.0,298.0,0.1973368938680183,1.1713537887700844
10000.0,100.0,298.0,0.22578202510608278,1.2820711325476846
10000.0,100.0,298.0,0.2583273804598255,1.3995554042486087
10000.0,100.0,298.0,0.2955639868314636,1.5237192173014547
10000.0,100.0,298.0,0.33816806471002536,1.6544141016643266
10000.0,100.0,298.0,0.38691330840293764,1.7914316137606077
10000.0,100.0,298.0,0.4426849364018869,1.9345060390402153
10000.0,100.0,298.0,0.5064957670389989,2.0833186153909273
10000.0,100.0,298.0,0.5795046113688597,2.2375031221221495
10000.0,100.0,298.0,0.6630373172929507,2.3966526033250113
10000.0,100.0,298.0,0.7586108470898982,2.5603269354927893
10000.0,100.0,298.0,0.8679608256018917,2.728060915246151
10000.0,100.0,298.0,0.9930730593550847,2.8993725381340876
10000.0,100.0,298.0,1.1362195990043518,3.073771163099944
10000.0,100.0,298.0,1.3,3.2507653035334574
10000.0,100.0,323.0,0.001,0.004524939076960347
10000.0,100.0,323.0,0.0013130324344878836,0.0059367581348339265
10000.0,100.0,323.0,0.0017240541740171785,0.007787205958857639
10000.0,100.0,323.0,0.0022637390492987737,0.010211233968809125
10000.0,100.0,323.0,0.002972362794946059,0.013384391605418083
10000.0,100.0,323.0,0.003902808756829234,0.017534412087909467
10000.0,100.0,323.0,0.00512451448332012,0.02295569185991573
10000.0,100.0,323.0,0.0067286537276022365,0.030027126579690238
10000.0,100.0,323.0,0.008834940584779547,0.03923367972324371
10000.0,100.0,323.0,0.01160056354458889,0.051191857196446686
10000.0,100.0,323.0,0.015231916192382951,0.06667889700052393
10000.0,100.0,323.0,0.020000000000000004,0.08666491002740691
10000.0,100.0,323.0,0.02288290047345013,0.09856703917665195
10000.0,100.0,323.0,0.026181356703891212,0.11202490685550143
10000.0,100.0,323.0,0.029955268985751946,0.12722217782898265
10000.0,100.0,323.0,0.03427317194281946,0.1443596217162793
10000.0,100.0,323.0,0.03921347912384905,0.16365569646110906
10000.0,100.0,323.0,0.04486590700043761,0.18534691011914617
10000.0,100.0,323.0,0.051333104227104166,0.20968789595597695
10000.0,100.0,323.0,0.05873251575110334,0.23695112786708844
10000.0,100.0,323.0,0.06719851562439198,0.26742619680977486
10000.0,100.0,323.0,0.07688484724982726,0.30141856569312747
10000.0,100.0,323.0,0.08796741537671066,0.33924772163622324
10000.0,100.0,323.0,0.10064748054859585,0.38124465230534565
10000.0,100.0,323.0,0.11515531401485132,0.42774858851621433
10000.0,100.0,323.0,0.131754379479537,0.47910297916395544
10000.0,100.0,323.0,0.15074611762857124,0.5356506966640295
10000.0,100.0,323.0,0.1724754203226801,0.5977285102565636
10000.0,100.0,323.0,0.1973368938680183,0.6656609085425107
10000.0,100.0,323.0,0.22578202510608278,0.7397533985035728
10000.0,100.0,323.0,0.2583273804598255,0.8202854526407852
10000.0,100.0,323.0,0.2955639868314636,0.9075033154433999
10000.0,100.0,323.0,0.33816806471002536,1.0016129123108233
10000.0,100.0,323.0,0.38691330840293764,1.1027731260821239
10000.0,100.0,323.0,0.4426849364018869,1.2110897168690558
10000.0,100.0,323.0,0.5064957670389989,1.3266101586943595
10000.0,100.0,323.0,0.5795046113688597,1.449319650350416
10000.0,100.0,323.0,0.6630373172929507,1.5791385267452238
10000.0,100.0,323.0,0.7586108470898982,1.7159212498720477
10000.0,100.0,323.0,0.8679608256018917,1.8594570954136127
10000.0,100.0,323.0,0.9930730593550847,2.009472573657748
10000.0,100.0,323.0,1.1362195990043518,2.1656355361973563
10000.0,100.0,323.0,1.3,2.327560829887756
10000.0,200.0,273.0,0.001,0.03231853134871974
10000.0,200.0,273.0,0.0013130324344878836,0.04207524989416095
10000.0,200.0,273.0,0.0017240541740171785,0.054660572967826046
10000.0,200.0,273.0,0.0022637390492987737,0.07083024287496244
10000.0,200.0,273.0,0.002972362794946059,0.09151085842514202
10000.0,200.0,273.0,0.003902808756829234,0.1178252452313196
10000.0,200.0,273.0,0.00512451448332012,0.15111553205562572
10000.0,200.0,273.0,0.0067286537276022365,0.19295958544809333
10000.0,200.0,273.0,0.008834940584779547,0.24517433165500163
10000.0,200.0,273.0,0.01160056354458889,0.30979784393707016
10000.0,200.0,273.0,0.015231916192382951,0.38904199125430167
10000.0,200.0,273.0,0.020000000000000004,0.48520977321112163
10000.0,200.0,273.0,0.02288290047345013,0.5397163207356931
10000.0,200.0,273.0,0.026181356703891212,0.5991819954497531
10000.0,200.0,273.0,0.029955268985751946,0.6638540978199876
10000.0,200.0,273.0,0.03427317194281946,0.7339593695899306
10000.0,200.0,273.0,0.03921347912384905,0.8096988642452939
10000.0,200.0,273.0,0.04486590700043761,0.891242963907197
10000.0,200.0,273.0,0.051333104227104166,0.9787267062654262
10000.0,200.0,273.0,0.05873251575110334,1.0722455832053526
10000.0,200.0,273.0,0.06719851562439198,1.171851963444058
10000.0,200.0,273.0,0.07688484724982726,1.2775522756560695
10000.0,200.0,273.0,0.08796741537671066,1.389305067631813
10000.0,200.0,273.0,0.10064748054859585,1.5070200324149303
10000.0,200.0,273.0,0.11515531401485132,1.6305580650683917
10000.0,200.0,273.0,0.131754379479537,1.7597323838534433
10000.0,200.0,273.0,0.15074611762857124,1.8943107165316775
10000.0,200.0,273.0,0.1724754203226801,2.034018515381296
10000.0,200.0,273.0,0.1973368938680183,2.178543123250785
10000.0,200.0,273.0,0.22578202510608278,2.327538769129296
10000.0,200.0,273.0,0.2583273804598255,2.4806322290257805
10000.0,200.0,273.0,0.2955639868314636,2.637428951981344
10000.0,200.0,273.0,0.33816806471002536,2.797519427969776
10000.0,200.0,273.0,0.38691330840293764,2.960485569277635
10000.0,200.0,273.0,0.4426849364018869,3.125906891776769
10000.0,200.0,273.0,0.5064957670389989,3.2933663153987895
10000.0,200.0,273.0,0.5795046113688597,3.462455448285593
10000.0,200.0,273.0,0.6630373172929507,3.6327792681214643
10000.0,200.0,273.0,0.7586108470898982,3.803960158198419
10000.0,200.0,273.0,0.8679608256018917,3.975641287850072
10000.0,200.0,273.0,0.9930730593550847,4.147489343700731
10000.0,200.0,273.0,1.1362195990043518,4.31919662079933
10000.0,200.0,273.0,1.3,4.490482476077865
10000.0,200.0,298.0,0.001,0.012334340599388413
10000.0,200.0,298.0,0.0013130324344878836,0.016145966871771247
10000.0,200.0,298.0,0.0017240541740171785,0.021116850502087618
10000.0,200.0,298.0,0.0022637390492987737,0.02758746377971735
10000.0,200.0,298.0,0.002972362794946059,0.03599092648175229
10000.0,200.0,298.0,0.003902808756829234,0.0468741862588251
10000.0,200.0,298.0,0.00512451448332012,0.0609221188357235
10000.0,200.0,298.0,0.0067286537276022365,0.07898412007177358
10000.0,200.0,298.0,0.008834940584779547,0.10210226113536608
10000.0,200.0,298.0,0.01160056354458889,0.13153923501830725
10000.0,200.0,298.0,0.015231916192382951,0.1688029365028591
10000.0,200.0,298.0,0.020000000000000004,0.21566250951182028
10000.0,200.0,298.0,0.02288290047345013,0.24299153870630555
10000.0,200.0,298.0,0.026181356703891212,0.27342707579663533
10000.0,200.0,298.0,0.029955268985751946,0.3072498700172236
10000.0,200.0,298.0,0.03427317194281946,0.34475157982502547
10000.0,200.0,298.0,0.03921347912384905,0.3862321458061277
10000.0,200.0,298.0,0.04486590700043761,0.43199653209055544
10000.0,200.0,298.0,0.051333104227104166,0.4823508427222339
10000.0,200.0,298.0,0.05873251575110334,0.537597849631288
10000.0,200.0,298.0,0.06719851562439198,0.5980320009223984
10000.0,200.0,298.0,0.07688484724982726,0.6639340102298725
10000.0,200.0,298.0,0.08796741537671066,0.7355651578823201
10000.0,200.0,298.0,0.10064748054859585,0.813161460555965
10000.0,200.0,298.0,0.11515531401485132,0.8969278861177469
10000.0,200.0,298.0,0.131754379479537,0.9870328029455577
10000.0,200.0,298.0,0.15074611762857124,1.083602857170879
10000.0,200.0,298.0,0.1724754203226801,1.1867184667032649
10000.0,200.0,298.0,0.1973368938680183,1.2964101079521333
10000.0,200.0,298.0,0.22578202510608278,1.4126555507888519
10000.0,200.0,298.0,0.2583273804598255,1.5353781706341523
10000.0,200.0,298.0,0.2955639868314636,1.6644464345710182
10000.0,200.0,298.0,0.33816806471002536,1.7996746215667139
10000.0,200.0,298.0,0.38691330840293764,1.9408247953084363
10000.0,200.0,298.0,0.4426849364018869,2.0876100018993
10000.0,200.0,298.0,0.5064957670389989,2.239698614567149
10000.0,200.0,298.0,0.5795046113688597,2.3967196959404737
10000.0,200.0,298.0,0.6630373172929507,2.5582691994812237
10000.0,200.0,298.0,0.7586108470898982,2.723916790856984
10000.0,200.0,298.0,0.8679608256018917,2.89321304310653
10000.0,200.0,298.0,0.9930730593550847,3.0656967506855533
10000.0,200.0,298.0,1.1362195990043518,3.2409021182135493
10000.0,200.0,298.0,1.3,3.418365607620356
10000.0,200.0,323.0,0.001,0.0054389748350848945
10000.0,200.0,323.0,0.0013130324344878836,0.007132890495859849
10000.0,200.0,323.0,0.0017240541740171785,0.009350919342832224
10000.0,200.0,323.0,0.0022637390492987737,0.012252842866136465
10000.0,200.0,323.0,0.002972362794946059,0.016045548464828988
10000.0,200.0,323.0,0.003902808756829234,0.020995884362422924
10000.0,200.0,323.0,0.00512451448332012,0.027446403118458494
10000.0,200.0,323.0,0.0067286537276022365,0.03583430559929838
10000.0,200.0,323.0,0.008834940584779547,0.04671375989360029
10000.0,200.0,323.0,0.01160056354458889,0.06078154161108243
10000.0,200.0,323.0,0.015231916192382951,0.07890559433829154
10000.0,200.0,323.0,0.020000000000000004,0.10215557956640846
10000.0,200.0,323.0,0.02288290047345013,0.11593553787618613
10000.0,200.0,323.0,0.026181356703891212,0.13146338280529785
10000.0,200.0,323.0,0.029955268985751946,0.14893581040428025
10000.0,200.0,323.0,0.03427317194281946,0.16856637426554003
10000.0,200.0,323.0,0.03921347912384905,0.19058580725072674
10000.0,200.0,323.0,0.04486590700043761,0.21524205690506068
10000.0,200.0,323.0,0.051333104227104166,0.24279995892039266
10000.0,200.0,323.0,0.05873251575110334,0.27354046901219725
10000.0,200.0,323.0,0.06719851562439198,0.30775937427965655
10000.0,200.0,323.0,0.07688484724982726,0.34576541173640785
10000.0,200.0,323.0,0.08796741537671066,0.3878777350279437
10000.0,200.0,323.0,0.10064748054859585,0.43442269060757466
10000.0,200.0,323.0,0.11515531401485132,0.4857298913803483
10000.0,200.0,323.0,0.131754379479537,0.5421276079327934
10000.0,200.0,323.0,0.15074611762857124,0.6039375332466291
10000.0,200.0,323.0,0.1724754203226801,0.6714690140953566
10000.0,200.0,323.0,0.1973368938680183,0.7450128787193432
10000.0,200.0,323.0,0.22578202510608278,0.8248350233758928
10000.0,200.0,323.0,0.2583273804598255,0.9111699476275805
10000.0,200.0,323.0,0.2955639868314636,1.0042144477985255
10000.0,200.0,323.0,0.33816806471002536,1.1041216884877831
10000.0,200.0,323.0,0.38691330840293764,1.2109958726517394
10000.0,200.0,323.0,0.4426849364018869,1.3248877215009724
10000.0,200.0,323.0,0.5064957670389989,1.4457909567877503
10000.0,200.0,323.0,0.5795046113688597,1.573639950759074
10000.0,200.0,323.0,0.6630373172929507,1.7083086738933642
10000.0,200.0,323.0,0.7586108470898982,1.8496110281468476
10000.0,200.0,323.0,0.8679608256018917,1.9973026043625302
10000.0,200.0,323.0,0.9930730593550847,2.1510838476142666
10000.0,200.0,323.0,1.1362195990043518,2.310604555335099
10000.0,200.0,323.0,1.3,2.475469573257139
10000.0,300.0,273.0,0.001,0.05359971635814383
10000.0,300.0,273.0,0.0013130324344878836,0.06894938597158891
10000.0,300.0,273.0,0.0017240541740171785,0.08834782846981615
10000.0,300.0,273.0,0.0022637390492987737,0.11271826879501169
10000.0,300.0,273.0,0.002972362794946059,0.14314261731407313
10000.0,300.0,273.0,0.003902808756829234,0.18086901601048
10000.0,300.0,273.0,0.00512451448332012,0.22730970379493023
10000.0,300.0,273.0,0.0067286537276022365,0.28402584784644447
10000.0,300.0,273.0,0.008834940584779547,0.3526977417902143
10000.0,300.0,273.0,0.01160056354458889,0.4350809602002239
10000.0,300.0,273.0,0.015231916192382951,0.5329505790838533
10000.0,300.0,273.0,0.020000000000000004,0.6480357745224006
10000.0,300.0,273.0,0.02288290047345013,0.7118012549057962
10000.0,300.0,273.0,0.026181356703891212,0.7803506038727223
10000.0,300.0,273.0,0.029955268985751946,0.8538477001667162
10000.0,300.0,273.0,0.03427317194281946,0.9324391928422968
10000.0,300.0,273.0,0.03921347912384905,1.016251702733974
10000.0,300.0,273.0,0.04486590700043761,1.1053889476860104
10000.0,300.0,273.0,0.051333104227104166,1.199928835111646
10000.0,300.0,273.0,0.05873251575110334,1.2999205874570032
10000.0,300.0,273.0,0.06719851562439198,1.405381990664892
10000.0,300.0,273.0,0.07688484724982726,1.5162968803684251
10000.0,300.0,273.0,0.08796741537671066,1.632613002027107
10000.0,300.0,273.0,0.10064748054859585,1.7542403956498382
10000.0,300.0,273.0,0.11515531401485132,1.881050459027911
10000.0,300.0,273.0,0.131754379479537,2.0128758318488598
10000.0,300.0,273.0,0.15074611762857124,2.1495112142231703
10000.0,300.0,273.0,0.1724754203226801,2.290715186662987
10000.0,300.0,273.0,0.1973368938680183,2.436213036863569
10000.0,300.0,273.0,0.22578202510608278,2.585700527370226
10000.0,300.0,273.0,0.2583273804598255,2.7388484657920986
10000.0,300.0,273.0,0.2955639868314636,2.895307875721398
10000.0,300.0,273.0,0.33816806471002536,3.0547155217785513
10000.0,300.0,273.0,0.38691330840293764,3.2166995236717404
10000.0,300.0,273.0,0.4426849364018869,3.38088480497977
10000.0,300.0,273.0,0.5064957670389989,3.546898160385824
10000.0,300.0,273.0,0.5795046113688597,3.714372783106961
10000.0,300.0,273.0,0.6630373172929507,3.8829521615559957
10000.0,300.0,273.0,0.7586108470898982,4.052293318997656
10000.0,300.0,273.0,0.8679608256018917,4.222069421818193
10000.0,300.0,273.0,0.9930730593550847,4.391971814460441
10000.0,300.0,273.0,1.1362195990043518,4.561711550465243
10000.0,300.0,273.0,1.3,4.731020482629067
10000.0,300.0,298.0,0.001,0.018772463702954822
10000.0,300.0,298.0,0.0013130324344878836,0.024471414528771978
10000.0,300.0,298.0,0.0017240541740171785,0.03184074041233275
10000.0,300.0,298.0,0.0022637390492987737,0.04133620175068989
10000.0,300.0,298.0,0.002972362794946059,0.05352135541030443
10000.0,300.0,298.0,0.003902808756829234,0.06908654304651941
10000.0,300.0,298.0,0.00512451448332012,0.08886918002106432
10000.0,300.0,298.0,0.0067286537276022365,0.11387441480316414
10000.0,300.0,298.0,0.008834940584779547,0.1452941553352027
10000.0,300.0,298.0,0.01160056354458889,0.18452096284696795
10000.0,300.0,298.0,0.015231916192382951,0.23315191033167812
10000.0,300.0,298.0,0.020000000000000004,0.2929769871182747
10000.0,300.0,298.0,0.02288290047345013,0.32728771273234397
10000.0,300.0,298.0,0.026181356703891212,0.3650577159647228
10000.0,300.0,298.0,0.029955268985751946,0.4065386946794062
10000.0,300.0,298.0,0.03427317194281946,0.4519844778305559
10000.0,300.0,298.0,0.03921347912384905,0.5016483567443971
10000.0,300.0,298.0,0.04486590700043761,0.5557801665626678
10000.0,300.0,298.0,0.051333104227104166,0.6146231528096668
10000.0,300.0,298.0,0.05873251575110334,0.6784106617340747
10000.0,300.0,298.0,0.06719851562439198,0.747362696406395
10000.0,300.0,298.0,0.07688484724982726,0.8216823837084926
10000.0,300.0,298.0,0.08796741537671066,0.9015524004360234
10000.0,300.0,298.0,0.10064748054859585,0.9871314099390196
10000.0,300.0,298.0,0.11515531401485132,1.0785505645045554
10000.0,300.0,298.0,0.131754379479537,1.175910133808882
10000.0,300.0,298.0,0.15074611762857124,1.2792763271604717
10000.0,300.0,298.0,0.1724754203226801,1.3886783876084412
10000.0,300.0,298.0,0.1973368938680183,1.5041060492151752
10000.0,300.0,298.0,0.22578202510608278,1.6255074635161495
10000.0,300.0,298.0,0.2583273804598255,1.7527877144960913
10000.0,300.0,298.0,0.2955639868314636,1.8858080490085125
10000.0,300.0,298.0,0.33816806471002536,2.024385946494117
10000.0,300.0,298.0,0.38691330840293764,2.168296133649489
10000.0,300.0,298.0,0.4426849364018869,2.3172726137975346
10000.0,300.0,298.0,0.5064957670389989,2.4710117277049175
10000.0,300.0,298.0,0.5795046113688597,2.6291761968889134
10000.0,300.0,298.0,0.6630373172929507,2.7914000300175466
10000.0,300.0,298.0,0.7586108470898982,2.9572941080284476
10000.0,300.0,298.0,0.8679608256018917,3.126452214365781
10000.0,300.0,298.0,0.9930730593550847,3.2984572512275308
10000.0,300.0,298.0,1.1362195990043518,3.4728873845683808
10000.0,300.0,298.0,1.3,3.649321888174796
10000.0,300.0,323.0,0.001,0.007672789824812928
10000.0,300.0,323.0,0.0013130324344878836,0.010048336897703245
10000.0,300.0,323.0,0.0017240541740171785,0.013149348089767273
10000.0,300.0,323.0,0.0022637390492987737,0.017190781371784217
10000.0,300.0,323.0,0.002972362794946059,0.022447218163769475
10000.0,300.0,323.0,0.003902808756829234,0.02926713392996236
10000.0,300.0,323.0,0.00512451448332012,0.03808951866183423
10000.0,300.0,323.0,0.0067286537276022365,0.049462855692776635
10000.0,300.0,323.0,0.008834940584779547,0.06406635795029832
10000.0,300.0,323.0,0.01160056354458889,0.08273317651184114
10000.0,300.0,323.0,0.015231916192382951,0.10647488867989563
10000.0,300.0,323.0,0.020000000000000004,0.13650571946929976
10000.0,300.0,323.0,0.02288290047345013,0.15411060092968684
10000.0,300.0,323.0,0.026181356703891212,0.1737959526162654
10000.0,300.0,323.0,0.029955268985751946,0.1957711876013934
10000.0,300.0,323.0,0.03427317194281946,0.22025991681032817
10000.0,300.0,323.0,0.03921347912384905,0.2474994764588831
10000.0,300.0,323.0,0.04486590700043761,0.27774008973609265
10000.0,300.0,323.0,0.051333104227104166,0.31124362317095605
10000.0,300.0,323.0,0.05873251575110334,0.3482819094978201
10000.0,300.0,323.0,0.06719851562439198,0.3891346224306117
10000.0,300.0,323.0,0.07688484724982726,0.4340867036081491
10000.0,300.0,323.0,0.08796741537671066,0.483425357193947
10000.0,300.0,323.0,0.10064748054859585,0.5374366425254864
10000.0,300.0,323.0,0.11515531401485132,0.5964017093676295
10000.0,300.0,323.0,0.131754379479537,0.6605927334495745
10000.0,300.0,323.0,0.15074611762857124,0.7302686217945457
10000.0,300.0,323.0,0.1724754203226801,0.8056705675374407
10000.0,300.0,323.0,0.1973368938680183,0.8870175420250682
10000.0,300.0,323.0,0.22578202510608278,0.9745018176115563
10000.0,300.0,323.0,0.2583273804598255,1.0682846176019263
10000.0,300.0,323.0,0.2955639868314636,1.1684919907025104
10000.0,300.0,323.0,0.33816806471002536,1.2752110071565566
10000.0,300.0,323.0,0.38691330840293764,1.3884863738970816
10000.0,300.0,323.0,0.4426849364018869,1.5083175677718403
10000.0,300.0,323.0,0.5064957670389989,1.6346565894974814
10000.0,300.0,323.0,0.5795046113688597,1.7674064452177884
10000.0,300.0,323.0,0.6630373172929507,1.9064204643018674
10000.0,300.0,323.0,0.7586108470898982,2.0515025568620886
10000.0,300.0,323.0,0.8679608256018917,2.202408497661127
10000.0,300.0,323.0,0.9930730593550847,2.358848291158491
10000.0,300.0,323.0,1.1362195990043518,2.520489624786259
10000.0,300.0,323.0,1.3,2.6869623572822245
10000.0,400.0,273.0,0.001,0.13110813562670354
10000.0,400.0,273.0,0.0013130324344878836,0.1632038113850238
10000.0,400.0,273.0,0.0017240541740171785,0.2017659294720079
10000.0,400.0,273.0,0.0022637390492987737,0.24764420042862517
10000.0,400.0,273.0,0.002972362794946059,0.30167615349190885
10000.0,400.0,273.0,0.003902808756829234,0.3646688749095959
10000.0,400.0,273.0,0.00512451448332012,0.43739586536038433
10000.0,400.0,273.0,0.0067286537276022365,0.5206135977010593
10000.0,400.0,273.0,0.008834940584779547,0.6150969011340324
10000.0,400.0,273.0,0.01160056354458889,0.7216853962868146
10000.0,400.0,273.0,0.015231916192382951,0.8413267323188246
10000.0,400.0,273.0,0.020000000000000004,0.9750988508250544
10000.0,400.0,273.0,0.02288290047345013,1.0468264795764644
10000.0,400.0,273.0,0.026181356703891212,1.12245086266911
10000.0,400.0,273.0,0.029955268985751946,1.2021239667235357
10000.0,400.0,273.0,0.03427317194281946,1.2859949735612537
10000.0,400.0,273.0,0.03921347912384905,1.374206277332644
10000.0,400.0,273.0,0.04486590700043761,1.4668891107916626
10000.0,400.0,273.0,0.051333104227104166,1.5641589612731466
10000.0,400.0,273.0,0.05873251575110334,1.6661109507279985
10000.0,400.0,273.0,0.06719851562439198,1.7728153601768881
10000.0,400.0,273.0,0.07688484724982726,1.8843134779845092
10000.0,400.0,273.0,0.08796741537671066,2.0006139442774713
10000.0,400.0,273.0,0.10064748054859585,2.1216897510823207
10000.0,400.0,273.0,0.11515531401485132,2.2474760391433133
10000.0,400.0,273.0,0.131754379479537,2.3778688070563585
10000.0,400.0,273.0,0.15074611762857124,2.5127246152541503
10000.0,400.0,273.0,0.1724754203226801,2.6518613259270882
10000.0,400.0,273.0,0.1973368938680183,2.795059870972363
10000.0,400.0,273.0,0.22578202510608278,2.9420669864031526
10000.0,400.0,273.0,0.2583273804598255,3.092598798406295
10000.0,400.0,273.0,0.2955639868314636,3.246345100076709
10000.0,400.0,273.0,0.33816806471002536,3.402974125652878
10000.0,400.0,273.0,0.38691330840293764,3.5621376161148643
10000.0,400.0,273.0,0.4426849364018869,3.723475978325345
10000.0,400.0,273.0,0.5064957670389989,3.88662336735409
10000.0,400.0,273.0,0.5795046113688597,4.051212562081167
10000.0,400.0,273.0,0.6630373172929507,4.216879548804316
10000.0,400.0,273.0,0.7586108470898982,4.383267767038357
10000.0,400.0,273.0,0.8679608256018917,4.550031998481263
10000.0,400.0,273.0,0.9930730593550847,4.716841890442745
10000.0,400.0,273.0,1.1362195990043518,4.883385099675958
10000.0,400.0,273.0,1.3,5.049370026489563
10000.0,400.0,298.0,0.001,0.04052715777174814
10000.0,400.0,298.0,0.0013130324344878836,0.0520992571225668
10000.0,400.0,298.0,0.0017240541740171785,0.06669203381018927
10000.0,400.0,298.0,0.0022637390492987737,0.0849728147824886
10000.0,400.0,298.0,0.002972362794946059,0.10771399077539559
10000.0,400.0,298.0,0.003902808756829234,0.13579560209891556
10000.0,400.0,298.0,0.00512451448332012,0.17020148533721022
10000.0,400.0,298.0,0.0067286537276022365,0.21200714474380555
10000.0,400.0,298.0,0.008834940584779547,0.26235954902779374
10000.0,400.0,298.0,0.01160056354458889,0.3224520213833565
10000.0,400.0,298.0,0.015231916192382951,0.39349995916590075
10000.0,400.0,298.0,0.020000000000000004,0.4767238000706335
10000.0,400.0,298.0,0.02288290047345013,0.5227469339581782
10000.0,400.0,298.0,0.026181356703891212,0.5721927223529664
10000.0,400.0,298.0,0.029955268985751946,0.6252094890196247
10000.0,400.0,298.0,0.03427317194281946,0.6819465157850819
10000.0,400.0,298.0,0.03921347912384905,0.74255426720538
10000.0,400.0,298.0,0.04486590700043761,0.807184381664229
10000.0,400.0,298.0,0.051333104227104166,0.8759893074030547
10000.0,400.0,298.0,0.05873251575110334,0.9491214719690267
10000.0,400.0,298.0,0.06719851562439198,1.02673189625242
10000.0,400.0,298.0,0.07688484724982726,1.10896819849876
10000.0,400.0,298.0,0.08796741537671066,1.1959719765670385
10000.0,400.0,298.0,0.10064748054859585,1.287875604146289
10000.0,400.0,298.0,0.11515531401485132,1.3847985239896254
10000.0,400.0,298.0,0.131754379479537,1.4868431641170101
10000.0,400.0,298.0,0.15074611762857124,1.5940906379865898
10000.0,400.0,298.0,0.1724754203226801,1.706596414774305
10000.0,400.0,298.0,0.1973368938680183,1.824386160332056
10000.0,400.0,298.0,0.22578202510608278,1.9474519531703487
10000.0,400.0,298.0,0.2583273804598255,2.0757490732675015
10000.0,400.0,298.0,0.2955639868314636,2.209193544783185
10000.0,400.0,298.0,0.33816806471002536,2.347660586646289
10000.0,400.0,298.0,0.38691330840293764,2.490984087260755
10000.0,400.0,298.0,0.4426849364018869,2.6389571716548264
10000.0,400.0,298.0,0.5064957670389989,2.7913338731935187
10000.0,400.0,298.0,0.5795046113688597,2.9478318614121948
10000.0,400.0,298.0,0.6630373172929507,3.108136118494973
10000.0,400.0,298.0,0.7586108470898982,3.27190340638851
10000.0,400.0,298.0,0.8679608256018917,3.438767331059111
10000.0,400.0,298.0,0.9930730593550847,3.608343794367744
10000.0,400.0,298.0,1.1362195990043518,3.7802366283442197
10000.0,400.0,298.0,1.3,3.954043228201829
10000.0,400.0,323.0,0.001,0.014363758914722621
10000.0,400.0,323.0,0.0013130324344878836,0.018720221969074236
10000.0,400.0,323.0,0.0017240541740171785,0.02435010006598081
10000.0,400.0,323.0,0.0022637390492987737,0.03159800789941455
10000.0,400.0,323.0,0.002972362794946059,0.040887992650387915
10000.0,400.0,323.0,0.003902808756829234,0.05273633153117328
10000.0,400.0,323.0,0.00512451448332012,0.06776484276569306
10000.0,400.0,323.0,0.0067286537276022365,0.08671426157857652
10000.0,400.0,323.0,0.008834940584779547,0.11045669898979182
10000.0,400.0,323.0,0.01160056354458889,0.14000531268823094
10000.0,400.0,323.0,0.015231916192382951,0.17651841072518923
10000.0,400.0,323.0,0.020000000000000004,0.22129497058446349
10000.0,400.0,323.0,0.02288290047345013,0.24692110028146505
10000.0,400.0,323.0,0.026181356703891212,0.2750961991551665
10000.0,400.0,323.0,0.029955268985751946,0.3060073934205855
10000.0,400.0,323.0,0.03427317194281946,0.3398459371430561
10000.0,400.0,323.0,0.03921347912384905,0.37680617618989476
10000.0,400.0,323.0,0.04486590700043761,0.4170845161761711
10000.0,400.0,323.0,0.051333104227104166,0.46087842377238775
10000.0,400.0,323.0,0.05873251575110334,0.508385478662191
10000.0,400.0,323.0,0.06719851562439198,0.5598024772704248
10000.0,400.0,323.0,0.07688484724982726,0.6153245703509408
10000.0,400.0,323.0,0.08796741537671066,0.6751443963331886
10000.0,400.0,323.0,0.10064748054859585,0.7394511531624205
10000.0,400.0,323.0,0.11515531401485132,0.8084295358255679
10000.0,400.0,323.0,0.131754379479537,0.8822584576141791
10000.0,400.0,323.0,0.15074611762857124,0.9611094729973777
10000.0,400.0,323.0,0.1724754203226801,1.0451448305677693
10000.0,400.0,323.0,0.1973368938680183,1.1345151064153816
10000.0,400.0,323.0,0.22578202510608278,1.229356400420017
10000.0,400.0,323.0,0.2583273804598255,1.3297871177023348
10000.0,400.0,323.0,0.2955639868314636,1.4359044010393842
10000.0,400.0,323.0,0.33816806471002536,1.5477803231240181
10000.0,400.0,323.0,0.38691330840293764,1.6654579860204362
10000.0,400.0,323.0,0.4426849364018869,1.7889477056421768
10000.0,400.0,323.0,0.5064957670389989,1.9182234790454515
10000.0,400.0,323.0,0.5795046113688597,2.053219940037288
10000.0,400.0,323.0,0.6630373172929507,2.1938300027932875
10000.0,400.0,323.0,0.7586108470898982,2.3399033729989935
10000.0,400.0,323.0,0.8679608256018917,2.4912460712138778
10000.0,400.0,323.0,0.9930730593550847,2.647621064610807
10000.0,400.0,323.0,1.1362195990043518,2.8087500436837907
10000.0,400.0,323.0,1.3,2.974316314834899
10000.0,500.0,273.0,0.001,0.4293136705794122
10000.0,500.0,273.0,0.0013130324344878836,0.49751819491781557
10000.0,500.0,273.0,0.0017240541740171785,0.5712223899983957
10000.0,500.0,273.0,0.0022637390492987737,0.6501465628615732
10000.0,500.0,273.0,0.002972362794946059,0.7341009555854878
10000.0,500.0,273.0,0.003902808756829234,0.8230616047635391
10000.0,500.0,273.0,0.00512451448332012,0.9172348591667423
10000.0,500.0,273.0,0.0067286537276022365,1.0171062441560825
10000.0,500.0,273.0,0.008834940584779547,1.123471447365787
10000.0,500.0,273.0,0.01160056354458889,1.2374469766398377
10000.0,500.0,273.0,0.015231916192382951,1.3604560670254098
10000.0,500.0,273.0,0.020000000000000004,1.4941833693039082
10000.0,500.0,273.0,0.02288290047345013,1.5648330472537624
10000.0,500.0,273.0,0.026181356703891212,1.6387911853655739
10000.0,500.0,273.0,0.029955268985751946,1.7162902898250922
10000.0,500.0,273.0,0.03427317194281946,1.7975567836666713
10000.0,500.0,273.0,0.03921347912384905,1.8828055798458914
10000.0,500.0,273.0,0.04486590700043761,1.9722344290276494
10000.0,500.0,273.0,0.051333104227104166,2.066018219785849
10000.0,500.0,273.0,0.05873251575110334,2.164303428926973
10000.0,500.0,273.0,0.06719851562439198,2.2672029302575853
10000.0,500.0,273.0,0.07688484724982726,2.374791370943399
10000.0,500.0,273.0,0.08796741537671066,2.487101315802053
10000.0,500.0,273.0,0.10064748054859585,2.6041203416104066
10000.0,500.0,273.0,0.11515531401485132,2.725789235633285
10000.0,500.0,273.0,0.131754379479537,2.8520014145911503
10000.0,500.0,273.0,0.15074611762857124,2.982603631773628
10000.0,500.0,273.0,0.1724754203226801,3.1173979814786184
10000.0,500.0,273.0,0.1973368938680183,3.2561451437233937
10000.0,500.0,273.0,0.22578202510608278,3.3985687429327727
10000.0,500.0,273.0,0.2583273804598255,3.54436062904138
10000.0,500.0,273.0,0.2955639868314636,3.6931868364516265
10000.0,500.0,273.0,0.33816806471002536,3.8446939434831844
10000.0,500.0,273.0,0.38691330840293764,3.998515547868778
10000.0,500.0,273.0,0.4426849364018869,4.154278593966012
10000.0,500.0,273.0,0.5064957670389989,4.3116093312906925
10000.0,500.0,273.0,0.5795046113688597,4.470138743955601
10000.0,500.0,273.0,0.6630373172929507,4.629507356053906
10000.0,500.0,273.0,0.7586108470898982,4.789369377965505
10000.0,500.0,273.0,0.8679608256018917,4.949396204030613
10000.0,500.0,273.0,0.9930730593550847,5.109279298009833
10000.0,500.0,273.0,1.1362195990043518,5.268732509011819
10000.0,500.0,273.0,1.3,5.4274938513274265
10000.0,500.0,298.0,0.001,0.13175665259194
10000.0,500.0,298.0,0.0013130324344878836,0.16313726341044585
10000.0,500.0,298.0,0.0017240541740171785,0.20042982920694186
10000.0,500.0,298.0,0.0022637390492987737,0.24422905036121256
10000.0,500.0,298.0,0.002972362794946059,0.29503930392718564
10000.0,500.0,298.0,0.003902808756829234,0.3532471619809518
10000.0,500.0,298.0,0.00512451448332012,0.4191137183460216
10000.0,500.0,298.0,0.0067286537276022365,0.49279376334758634
10000.0,500.0,298.0,0.008834940584779547,0.574383840444711
10000.0,500.0,298.0,0.01160056354458889,0.6639948002678076
10000.0,500.0,298.0,0.015231916192382951,0.7618383291276135
10000.0,500.0,298.0,0.020000000000000004,0.8683130201956625
10000.0,500.0,298.0,0.02288290047345013,0.9243383099434435
10000.0,500.0,298.0,0.026181356703891212,0.9827354461470003
10000.0,500.0,298.0,0.029955268985751946,1.043629126384981
10000.0,500.0,298.0,0.03427317194281946,1.1071626444269749
10000.0,500.0,298.0,0.03921347912384905,1.173497135484021
10000.0,500.0,298.0,0.04486590700043761,1.2428101507301361
10000.0,500.0,298.0,0.051333104227104166,1.3152935400623988
10000.0,500.0,298.0,0.05873251575110334,1.3911506340136601
10000.0,500.0,298.0,0.06719851562439198,1.4705927316998177
10000.0,500.0,298.0,0.07688484724982726,1.5538349225536132
10000.0,500.0,298.0,0.08796741537671066,1.6410912954681067
10000.0,500.0,298.0,0.10064748054859585,1.732569619096563
10000.0,500.0,298.0,0.11515531401485132,1.8284656098999468
10000.0,500.0,298.0,0.131754379479537,1.928956937954924
10000.0,500.0,298.0,0.15074611762857124,2.0341971520102393
10000.0,500.0,298.0,0.1724754203226801,2.1443097321411195
10000.0,500.0,298.0,0.1973368938680183,2.2593824979792747
10000.0,500.0,298.0,0.22578202510608278,2.379462610423555
10000.0,500.0,298.0,0.2583273804598255,2.5045524026985886
10000.0,500.0,298.0,0.2955639868314636,2.6346062606288676
10000.0,500.0,298.0,0.33816806471002536,2.769528740503885
10000.0,500.0,298.0,0.38691330840293764,2.909174065284486
10000.0,500.0,298.0,0.4426849364018869,3.0533470770162814
10000.0,500.0,298.0,0.5064957670389989,3.2018056482269697
10000.0,500.0,298.0,0.5795046113688597,3.354264473411209
10000.0,500.0,298.0,0.6630373172929507,3.510400081409072
10000.0,500.0,298.0,0.7586108470898982,3.669856839820175
10000.0,500.0,298.0,0.8679608256018917,3.832253672363571
10000.0,500.0,298.0,0.9930730593550847,3.997191185583812
10000.0,500.0,298.0,1.1362195990043518,4.164258904605936
10000.0,500.0,298.0,1.3,4.333042345927974
10000.0,500.0,323.0,0.001,0.03993008196132016
10000.0,500.0,323.0,0.0013130324344878836,0.051205566815340255
10000.0,500.0,323.0,0.0017240541740171785,0.06535389432077338
10000.0,500.0,323.0,0.0022637390492987737,0.08297356666571563
10000.0,500.0,323.0,0.002972362794946059,0.1047399824197835
10000.0,500.0,323.0,0.003902808756829234,0.13139858158614312
10000.0,500.0,323.0,0.00512451448332012,0.16374965992735185
10000.0,500.0,323.0,0.0067286537276022365,0.20262365362207693
10000.0,500.0,323.0,0.008834940584779547,0.24884848906383242
10000.0,500.0,323.0,0.01160056354458889,0.3032143876710801
10000.0,500.0,323.0,0.015231916192382951,0.3664448585741578
10000.0,500.0,323.0,0.020000000000000004,0.4391839100314218
10000.0,500.0,323.0,0.02288290047345013,0.4788414258258258
10000.0,500.0,323.0,0.026181356703891212,0.5210307309930965
10000.0,500.0,323.0,0.029955268985751946,0.5658174953974249
10000.0,500.0,323.0,0.03427317194281946,0.6132693301657833
10000.0,500.0,323.0,0.03921347912384905,0.6634580408564937
10000.0,500.0,323.0,0.04486590700043761,0.716461948148796
10000.0,500.0,323.0,0.051333104227104166,0.7723681337584486
10000.0,500.0,323.0,0.05873251575110334,0.8312744618998364
10000.0,500.0,323.0,0.06719851562439198,0.8932912286715918
10000.0,500.0,323.0,0.07688484724982726,0.9585423027238911
10000.0,500.0,323.0,0.08796741537671066,1.0271656390482504
10000.0,500.0,323.0,0.10064748054859585,1.099313071787277
10000.0,500.0,323.0,0.11515531401485132,1.175149319629016
10000.0,500.0,323.0,0.131754379479537,1.2548501670094363
10000.0,500.0,323.0,0.15074611762857124,1.3385998149077551
10000.0,500.0,323.0,0.1724754203226801,1.4265874258934452
10000.0,500.0,323.0,0.1973368938680183,1.519002919002669
10000.0,500.0,323.0,0.22578202510608278,1.6160321008182503
10000.0,500.0,323.0,0.2583273804598255,1.7178512495636458
10000.0,500.0,323.0,0.2955639868314636,1.824621298698646
10000.0,500.0,323.0,0.33816806471002536,1.9364817948100528
10000.0,500.0,323.0,0.38691330840293764,2.0535448306147766
10000.0,500.0,323.0,0.4426849364018869,2.175889176267686
10000.0,500.0,323.0,0.5064957670389989,2.3035548488614426
10000.0,500.0,323.0,0.5795046113688597,2.4365383682058943
10000.0,500.0,323.0,0.6630373172929507,2.5747889432203097
10000.0,500.0,323.0,0.7586108470898982,2.718205813993933
10000.0,500.0,323.0,0.8679608256018917,2.8666369370299116
10000.0,500.0,323.0,0.9930730593550847,3.0198791446226148
10000.0,500.0,323.0,1.1362195990043518,3.1776798359378104
10000.0,500.0,323.0,1.3,3.339740172764346
